ride_id,rideable_type,started_at,ended_at,start_station_name,start_station_id,end_station_name,end_station_id,start_lat,start_lng,end_lat,end_lng,member_casual
813541F65209700A,classic_bike,2026-08-03 00:12:26.405,2026-08-03 00:18:12.651,Hamilton Park,JC009,Van Vorst Park,JC035,40.727595966,-74.044247311,40.71848892,-74.047726625,member
8E8913802D33D3FA,classic_bike,2026-08-03 00:44:06.548,2026-08-03 00:46:52.313,Grove St PATH,JC115,Dixon Mills,JC076,40.71941,-74.04309,40.721630142638354,-74.04996782541275,member
AFE34AFA14656696,classic_bike,2026-08-03 00:45:59.851,2026-08-03 00:52:18.043,Grove St PATH,JC115,Dr. Lena Edwards Park,JC117,40.71941,-74.04309,40.713203,-74.058261,casual
CEA89543F2DF8F02,electric_bike,2026-08-03 00:51:51.670,2026-08-03 00:56:12.974,Bergen Ave & Sip Ave,JC109,Fairmount Ave,JC093,40.73100888698729,-74.06443700194359,40.72572613742557,-74.07195925712585,member
F237F145520D430B,classic_bike,2026-08-03 02:12:17.407,2026-08-03 02:17:30.144,Hamilton Park,JC009,City Hall,JC003,40.727595966,-74.044247311,40.7177325,-74.043845,member
75BFAC1409387C4B,electric_bike,2026-08-03 02:45:40.296,2026-08-03 02:50:10.354,Bergen Ave & Sip Ave,JC109,Lincoln Park,JC053,40.73100888698729,-74.06443700194359,40.7246050998869,-74.07840594649315,member
F96299328B2587AD,classic_bike,2026-08-03 04:46:31.934,2026-08-03 04:51:17.986,Bergen Ave & Sip Ave,JC109,Bergen Ave,JC095,40.73100888698729,-74.06443700194359,40.722103786686034,-74.07145500183105,casual
B425F0A5081B16ED,classic_bike,2026-08-03 05:01:46.950,2026-08-03 05:30:58.226,Hamilton Park,JC009,Communipaw & Berry Lane,JC084,40.727595966,-74.044247311,40.71435836870427,-74.06661093235016,casual
E2906ADBADB33B4A,electric_bike,2026-08-03 05:48:25.341,2026-08-03 05:52:20.030,River St & 1 St,HB609,Clinton St & 7 St,HB303,40.73721535335381,-74.02886540972803,40.74542,-74.03332,member
484DDB70B7A25F4E,electric_bike,2026-08-03 06:39:18.831,2026-08-03 06:42:30.350,Hamilton Park,JC009,Grove St PATH,JC115,40.727595966,-74.044247311,40.71941,-74.04309,member
844BDA94290929FD,classic_bike,2026-08-03 07:09:57.915,2026-08-03 07:13:22.788,Hamilton Park,JC009,Monmouth & 6th,JC075,40.727595966,-74.044247311,40.72568548362901,-74.04879033565521,member
4E5716064EA89D60,electric_bike,2026-08-03 07:49:27.236,2026-08-03 07:54:43.735,River St & 1 St,HB609,11 St & Washington St,HB502,40.73721535335381,-74.02886540972803,40.74998490907138,-74.02715027332306,member
E148C14226DB8A74,electric_bike,2026-08-03 07:54:37.660,2026-08-03 07:59:23.343,Hamilton Park,JC009,Newport Pkwy,JC008,40.727595966,-74.044247311,40.7287448,-74.0321082,member
9E5940D2FE564679,electric_bike,2026-08-03 07:55:14.817,2026-08-03 08:01:53.439,River St & 1 St,HB609,9 St HBLR - Jackson St & 8 St,HB305,40.73721535335381,-74.02886540972803,40.74790720968899,-74.03841152787209,member
EB579B672A829157,classic_bike,2026-08-03 08:02:36.656,2026-08-03 08:07:42.592,River St & 1 St,HB609,Adams St & 2 St,HB407,40.73721535335381,-74.02886540972803,40.73981372311843,-74.03690412640572,member
FB9B71F93402B3F1,classic_bike,2026-08-03 08:03:31.861,2026-08-03 08:06:52.675,Grove St PATH,JC115,Marin Light Rail,JC013,40.71941,-74.04309,40.71458403535893,-74.04281705617905,member
733DE3E806F2F32D,electric_bike,2026-08-03 08:06:42.113,2026-08-03 08:11:24.453,River St & 1 St,HB609,Columbus Park - Clinton St & 9 St,HB501,40.73721535335381,-74.02886540972803,40.74816121065146,-74.0324530005455,casual
2F3889A57C4C8BE3,classic_bike,2026-08-03 08:22:15.938,2026-08-03 08:31:38.395,Hamilton Park,JC009,Manila & 1st,JC082,40.727595966,-74.044247311,40.721650724879986,-74.04288411140442,member
2DE95CE26D649DC4,classic_bike,2026-08-03 08:23:31.878,2026-08-03 08:37:54.056,Hamilton Park,JC009,4 St & River St,HB611,40.727595966,-74.044247311,40.7408139,-74.0274062,member
B5641559F491BDD6,electric_bike,2026-08-03 08:23:34.455,2026-08-03 08:26:33.724,Grove St PATH,JC115,JC Medical Center,JC110,40.71941,-74.04309,40.71539114317,-74.04969155788422,member
1E5F1F0033FDC611,electric_bike,2026-08-03 08:33:10.456,2026-08-03 08:36:50.630,Grove St PATH,JC115,JC Medical Center,JC110,40.71941,-74.04309,40.71539114317,-74.04969155788422,member
2CAD962442EF8B44,electric_bike,2026-08-03 08:40:30.232,2026-08-03 09:01:44.861,Hamilton Park,JC009,Hoboken Terminal - Hudson St & Hudson Pl,HB101,40.727595966,-74.044247311,40.73593758446329,-74.03030455112457,member
8978D2780DFF40F9,electric_bike,2026-08-03 08:45:12.235,2026-08-03 08:48:23.679,Grove St PATH,JC115,Brunswick & 6th,JC081,40.71941,-74.04309,40.72601172964625,-74.05038893222809,member
9B3BF12E79E391A8,electric_bike,2026-08-03 08:48:12.204,2026-08-03 08:50:16.200,Hamilton Park,JC009,Jersey & 3rd,JC074,40.727595966,-74.044247311,40.72333158646436,-74.04595255851744,member
8ACE28F5D217C062,classic_bike,2026-08-03 08:54:21.714,2026-08-03 08:58:17.022,South Waterfront Walkway - Sinatra Dr & 1 St,HB103,2 St & Park Ave,HB608,40.73698221818716,-74.02778059244156,40.73915272763701,-74.0330819785595,member
87FE002BE7B676CC,electric_bike,2026-08-03 08:58:19.141,2026-08-03 09:05:07.264,Hudson Pl & Hoboken Terminal,HB107,6 St & Grand St,HB302,40.73579286776364,-74.02837457573912,40.744397833095604,-74.03450086712837,casual
2DF6F07CE78FF370,classic_bike,2026-08-03 09:10:19.501,2026-08-03 09:17:29.215,Hamilton Park,JC009,Washington St,JC098,40.727595966,-74.044247311,40.7242941,-74.0354826,member
33448BE09E40AFDF,classic_bike,2026-08-03 09:10:38.583,2026-08-03 09:15:08.875,Hamilton Park,JC009,Manila & 1st,JC082,40.727595966,-74.044247311,40.721650724879986,-74.04288411140442,member
A98D158C184DAD2C,electric_bike,2026-08-03 09:13:18.827,2026-08-03 09:16:39.021,River St & 1 St,HB609,8 St & Washington St,HB603,40.73721535335381,-74.02886540972803,40.745983882915624,-74.02819901704788,member
51683450DF0466A4,classic_bike,2026-08-03 09:18:55.832,2026-08-03 09:26:45.502,Hudson Pl & Hoboken Terminal,HB107,12 St & Sinatra Dr N,HB201,40.73579286776364,-74.02837457573912,40.750604142368964,-74.02402013540268,casual
18F43113554E493A,electric_bike,2026-08-03 09:19:06.549,2026-08-03 09:21:16.522,River St & 1 St,HB609,Stevens - River Ter & 6 St,HB602,40.73721535335381,-74.02886540972803,40.74313282710551,-74.02698867022991,member
10448DF8B6B918D6,electric_bike,2026-08-03 09:20:30.817,2026-08-03 09:31:20.821,Hamilton Park,JC009,11 St & Washington St,HB502,40.727595966,-74.044247311,40.74998490907138,-74.02715027332306,member
00059B040AE1D40D,electric_bike,2026-08-03 09:25:42.316,2026-08-03 09:39:03.824,River St & 1 St,HB609,River St & 1 St,HB609,40.73721535335381,-74.02886540972803,40.73721535335381,-74.02886540972803,member
2973BB499CECC594,electric_bike,2026-08-03 09:35:22.160,2026-08-03 09:40:47.735,South Waterfront Walkway - Sinatra Dr & 1 St,HB103,14 St Ferry - 14 St & Shipyard Ln,HB202,40.73698221818716,-74.02778059244156,40.752960630464955,-74.02435272932053,casual
90DDD58438D05779,electric_bike,2026-08-03 09:49:04.271,2026-08-03 09:53:53.521,Hudson Pl & Hoboken Terminal,HB107,Clinton St & 7 St,HB303,40.73579286776364,-74.02837457573912,40.74542,-74.03332,member
21C63E904579CBBF,electric_bike,2026-08-03 09:49:54.366,2026-08-03 09:56:38.620,River St & 1 St,HB609,Newport PATH,JC066,40.73721535335381,-74.02886540972803,40.7272235,-74.0337589,member
54D631F602255F26,electric_bike,2026-08-03 10:12:11.822,2026-08-03 10:16:18.016,River St & 1 St,HB609,Southwest Park - Jackson St & Observer Hwy,HB401,40.73721535335381,-74.02886540972803,40.73755127245804,-74.04166370630264,member
A492BD815D7572AF,classic_bike,2026-08-03 11:17:13.378,2026-08-03 11:23:50.184,Hudson Pl & Hoboken Terminal,HB107,Church Sq Park - 5 St & Park Ave,HB601,40.73579286776364,-74.02837457573912,40.74265933273143,-74.03223305940628,member
266CFF44836556EE,electric_bike,2026-08-03 11:53:30.200,2026-08-03 11:59:55.086,River St & 1 St,HB609,7 St & Monroe St,HB304,40.73721535335381,-74.02886540972803,40.74641264837719,-74.03797701001167,member
1B6F7B95D31DEC17,electric_bike,2026-08-03 12:14:09.646,2026-08-03 12:30:17.540,River St & 1 St,HB609,River St & 1 St,HB609,40.73721535335381,-74.02886540972803,40.73721535335381,-74.02886540972803,casual
0FDEE021CE83BABC,classic_bike,2026-08-03 12:17:21.316,2026-08-03 12:29:26.223,Hamilton Park,JC009,Hoboken Terminal - Hudson St & Hudson Pl,HB101,40.727595966,-74.044247311,40.73593758446329,-74.03030455112457,casual
5825594E18F45600,electric_bike,2026-08-03 12:22:28.470,2026-08-03 12:28:12.741,Hudson Pl & Hoboken Terminal,HB107,8 St & Washington St,HB603,40.73579286776364,-74.02837457573912,40.745983882915624,-74.02819901704788,member
ADDF63D89574C58E,electric_bike,2026-08-03 12:40:15.838,2026-08-03 12:45:20.552,River St & 1 St,HB609,Columbus Park - Clinton St & 9 St,HB501,40.73721535335381,-74.02886540972803,40.74816121065146,-74.0324530005455,casual
7963B0C2C190CB47,classic_bike,2026-08-03 12:46:59.568,2026-08-03 12:49:55.314,Bergen Ave & Sip Ave,JC109,McGinley Square,JC055,40.73100888698729,-74.06443700194359,40.7253399253558,-74.06762212514877,member
23D07B0A48085B34,electric_bike,2026-08-03 12:59:06.687,2026-08-03 13:03:34.658,Bergen Ave & Sip Ave,JC109,Fairmount Ave,JC093,40.73100888698729,-74.06443700194359,40.72572613742557,-74.07195925712585,member
B6A38A00C373580E,classic_bike,2026-08-03 13:00:30.790,2026-08-03 13:18:01.394,Hamilton Park,JC009,Columbus Drive,JC014,40.727595966,-74.044247311,40.71835519823214,-74.03891444206238,casual
A80DBE9425BDA298,electric_bike,2026-08-03 13:12:07.840,2026-08-03 13:15:04.597,Grove St PATH,JC115,Van Vorst Park,JC035,40.71941,-74.04309,40.71848892,-74.047726625,casual
A4E71CB3FB3DD278,classic_bike,2026-08-03 13:53:10.373,2026-08-03 14:12:17.954,Hamilton Park,JC009,Newport PATH,JC066,40.727595966,-74.044247311,40.7272235,-74.0337589,member
E61B0B166BEFAEB3,electric_bike,2026-08-03 13:53:59.576,2026-08-03 13:59:56.868,River St & 1 St,HB609,Columbus Park - Clinton St & 9 St,HB501,40.73721535335381,-74.02886540972803,40.74816121065146,-74.0324530005455,member
3CC14BB77561F472,electric_bike,2026-08-03 13:55:51.086,2026-08-03 14:06:41.515,Hudson Pl & Hoboken Terminal,HB107,Church Sq Park - 5 St & Park Ave,HB601,40.73579286776364,-74.02837457573912,40.74265933273143,-74.03223305940628,member
5FC732EAA38E1DE4,classic_bike,2026-08-03 14:10:04.309,2026-08-03 14:11:21.148,Hudson Pl & Hoboken Terminal,HB107,Newark St & Washington St,HB612,40.73579286776364,-74.02837457573912,40.73681,-74.0309,member
54BE5C9D1CEE71B7,electric_bike,2026-08-03 14:12:42.192,2026-08-03 14:20:00.117,Grove St PATH,JC115,Communipaw & Berry Lane,JC084,40.71941,-74.04309,40.71435836870427,-74.06661093235016,member
C0BB24F26DEA2FB1,electric_bike,2026-08-03 14:14:19.289,2026-08-03 14:23:48.284,Grove St PATH,JC115,Communipaw & Berry Lane,JC084,40.71941,-74.04309,40.71435836870427,-74.06661093235016,member
C9EDC0310180FB49,electric_bike,2026-08-03 14:20:47.424,2026-08-03 14:24:06.769,River St & 1 St,HB609,Church Sq Park - 5 St & Park Ave,HB601,40.73721535335381,-74.02886540972803,40.74265933273143,-74.03223305940628,member
8B98AF82A45CFBF1,classic_bike,2026-08-03 14:23:28.745,2026-08-03 14:34:23.740,Bergen Ave & Sip Ave,JC109,Warren St,JC006,40.73100888698729,-74.06443700194359,40.7211236,-74.03805095,member
343EF32EBE78F350,electric_bike,2026-08-03 14:26:11.720,2026-08-03 14:31:11.180,Grove St PATH,JC115,Dr. Lena Edwards Park,JC117,40.71941,-74.04309,40.713203,-74.058261,member
7C33ECA3FBCE21B9,electric_bike,2026-08-03 14:32:34.301,2026-08-03 14:40:30.567,Bergen Ave & Sip Ave,JC109,Jersey & 3rd,JC074,40.73100888698729,-74.06443700194359,40.72333158646436,-74.04595255851744,casual
A46AB6C2146A224F,electric_bike,2026-08-03 14:35:26.896,2026-08-03 14:42:40.519,Bergen Ave & Sip Ave,JC109,MLK Dr & Bramhall Ave,JC121,40.73100888698729,-74.06443700194359,40.71647,-74.07413,member
42D1E3D692B94E17,electric_bike,2026-08-03 14:37:16.734,2026-08-03 14:40:14.611,Bergen Ave & Sip Ave,JC109,McGinley Square,JC055,40.73100888698729,-74.06443700194359,40.7253399253558,-74.06762212514877,member
D7E76BAE41C9C8EE,classic_bike,2026-08-03 14:50:57.396,2026-08-03 14:55:33.005,Grove St PATH,JC115,Monmouth & 6th,JC075,40.71941,-74.04309,40.72568548362901,-74.04879033565521,member
B1A5AA363BFCE7AF,electric_bike,2026-08-03 14:53:40.525,2026-08-03 14:57:22.906,Hamilton Park,JC009,Brunswick St,JC023,40.727595966,-74.044247311,40.7241765,-74.0506564,member
F19745BAF05772A9,classic_bike,2026-08-03 14:54:31.307,2026-08-03 15:07:32.605,Hudson Pl & Hoboken Terminal,HB107,Bloomfield St & 15 St,HB203,40.73579286776364,-74.02837457573912,40.75453,-74.02658,member
8477550C252D2EBD,electric_bike,2026-08-03 14:55:41.644,2026-08-03 15:02:32.598,River St & 1 St,HB609,4 St & Grand St,HB301,40.73721535335381,-74.02886540972803,40.7422579775645,-74.03511106967926,member
FC913944F44AFAE7,electric_bike,2026-08-03 14:55:50.144,2026-08-03 14:58:35.361,Hamilton Park,JC009,Manila & 1st,JC082,40.727595966,-74.044247311,40.721650724879986,-74.04288411140442,casual
6CEC739943DE3702,electric_bike,2026-08-03 14:57:44.795,2026-08-03 15:05:58.072,South Waterfront Walkway - Sinatra Dr & 1 St,HB103,Adams St & 12 St,HB610,40.73698221818716,-74.02778059244156,40.751889392240685,-74.03329162748534,member
C10D0165A06B229A,electric_bike,2026-08-03 15:12:08.744,2026-08-03 15:18:57.974,River St & 1 St,HB609,7 St & Monroe St,HB304,40.73721535335381,-74.02886540972803,40.74641264837719,-74.03797701001167,member
8FEC979DBEFC5499,electric_bike,2026-08-03 15:12:12.898,2026-08-03 15:20:38.013,River St & 1 St,HB609,Riverview Park,JC057,40.73721535335381,-74.02886540972803,40.7443187,-74.0439909,member
F8A83412B18B3287,electric_bike,2026-08-03 15:12:43.876,2026-08-03 15:18:12.341,River St & 1 St,HB609,Columbus Park - Clinton St & 9 St,HB501,40.73721535335381,-74.02886540972803,40.74816121065146,-74.0324530005455,member
1C7F756C0501FF28,electric_bike,2026-08-03 15:16:34.480,2026-08-03 15:20:11.995,Bergen Ave & Sip Ave,JC109,McGinley Square,JC055,40.73100888698729,-74.06443700194359,40.7253399253558,-74.06762212514877,member
BBC503008CB6C384,electric_bike,2026-08-03 15:21:14.369,2026-08-03 15:31:23.235,Bergen Ave & Sip Ave,JC109,Grant Ave & MLK Dr,JC107,40.73100888698729,-74.06443700194359,40.70919832245443,-74.08084273338318,casual
92A6E368FF8559DD,classic_bike,2026-08-03 15:28:16.316,2026-08-03 15:32:03.039,Grove St PATH,JC115,Montgomery St,JC099,40.71941,-74.04309,40.71942,-74.05099,member
B065D40B26E8A987,classic_bike,2026-08-03 15:28:17.364,2026-08-03 15:31:59.551,Hudson Pl & Hoboken Terminal,HB107,4 St & River St,HB611,40.73579286776364,-74.02837457573912,40.7408139,-74.0274062,member
F6CC5B3A30E5E3FF,electric_bike,2026-08-03 15:31:31.941,2026-08-03 15:36:18.044,River St & 1 St,HB609,14 St Ferry - 14 St & Shipyard Ln,HB202,40.73721535335381,-74.02886540972803,40.752960630464955,-74.02435272932053,casual
8CBDE0A107C7E52B,classic_bike,2026-08-03 15:36:06.740,2026-08-03 15:39:27.421,Hamilton Park,JC009,Manila & 1st,JC082,40.727595966,-74.044247311,40.721650724879986,-74.04288411140442,member
7354E44307182B21,classic_bike,2026-08-03 15:36:40.213,2026-08-03 15:45:55.742,Grove St PATH,JC115,Liberty Light Rail,JC052,40.71941,-74.04309,40.7112423,-74.0557013,member
4CCF3C64565238AF,electric_bike,2026-08-03 15:36:50.920,2026-08-03 15:42:34.035,Bergen Ave & Sip Ave,JC109,Astor Place,JC077,40.73100888698729,-74.06443700194359,40.71928220070702,-74.07126188278198,member
17F9A6F0C4FB3846,classic_bike,2026-08-03 15:37:07.185,2026-08-03 15:38:09.336,Grove St PATH,JC115,City Hall,JC003,40.71941,-74.04309,40.7177325,-74.043845,member
A92D65B5F78D910A,electric_bike,2026-08-03 15:37:51.038,2026-08-03 15:41:24.140,Bergen Ave & Sip Ave,JC109,McGinley Square,JC055,40.73100888698729,-74.06443700194359,40.7253399253558,-74.06762212514877,casual
660F155934F5556B,electric_bike,2026-08-03 15:41:43.405,2026-08-03 15:50:05.169,Bergen Ave & Sip Ave,JC109,Newark Ave,JC032,40.73100888698729,-74.06443700194359,40.72152515,-74.046304543,casual
0FC04E27FA4EA5AB,electric_bike,2026-08-03 15:42:48.067,2026-08-03 15:47:39.562,River St & 1 St,HB609,12 St & Sinatra Dr N,HB201,40.73721535335381,-74.02886540972803,40.750604142368964,-74.02402013540268,casual
689A0B2147B09593,classic_bike,2026-08-03 15:43:58.027,2026-08-03 15:49:08.886,Hamilton Park,JC009,Manila & 1st,JC082,40.727595966,-74.044247311,40.721650724879986,-74.04288411140442,member
FF9A946295056AD9,electric_bike,2026-08-03 15:46:02.906,2026-08-03 15:54:34.434,South Waterfront Walkway - Sinatra Dr & 1 St,HB103,14 St Ferry - 14 St & Shipyard Ln,HB202,40.73698221818716,-74.02778059244156,40.752960630464955,-74.02435272932053,casual
BA65CAC4ED6F7017,classic_bike,2026-08-03 15:47:08.593,2026-08-03 15:56:59.940,South Waterfront Walkway - Sinatra Dr & 1 St,HB103,14 St Ferry - 14 St & Shipyard Ln,HB202,40.73698221818716,-74.02778059244156,40.752960630464955,-74.02435272932053,member
38699C28F3C3829C,electric_bike,2026-08-03 15:50:56.455,2026-08-03 15:58:02.587,Bergen Ave & Sip Ave,JC109,Fairmount Ave,JC093,40.73100888698729,-74.06443700194359,40.72572613742557,-74.07195925712585,member
6BC3A99BC5EF3327,electric_bike,2026-08-03 15:53:47.709,2026-08-03 16:01:46.265,River St & 1 St,HB609,Hoboken Ave at Monmouth St,JC105,40.73721535335381,-74.02886540972803,40.73520838045357,-74.04696375131607,member
C8CEA0B1877869EA,electric_bike,2026-08-03 15:54:51.005,2026-08-03 16:04:30.692,River St & 1 St,HB609,Madison St & 1 St,HB402,40.73721535335381,-74.02886540972803,40.73879,-74.0393,member
32F3428F5BE949BC,classic_bike,2026-08-03 15:54:56.410,2026-08-03 16:00:38.209,Hamilton Park,JC009,Jersey & 3rd,JC074,40.727595966,-74.044247311,40.72333158646436,-74.04595255851744,casual
5F7557404C8D8C82,classic_bike,2026-08-03 15:58:44.431,2026-08-03 16:01:34.001,Hudson Pl & Hoboken Terminal,HB107,4 St & River St,HB611,40.73579286776364,-74.02837457573912,40.7408139,-74.0274062,member
00A6F68E501DA8A8,classic_bike,2026-08-03 15:59:09.256,2026-08-03 16:03:03.988,Hamilton Park,JC009,Manila & 1st,JC082,40.727595966,-74.044247311,40.721650724879986,-74.04288411140442,member
43D6BBF2359AC102,electric_bike,2026-08-03 16:00:18.645,2026-08-03 16:06:17.311,River St & 1 St,HB609,6 St & Grand St,HB302,40.73721535335381,-74.02886540972803,40.744397833095604,-74.03450086712837,member
CAC0829F299C6906,electric_bike,2026-08-03 16:02:18.463,2026-08-03 16:17:09.102,River St & 1 St,HB609,Hamilton Park,JC009,40.73721535335381,-74.02886540972803,40.727595966,-74.044247311,casual
870BBFB9BAF54FEE,classic_bike,2026-08-03 16:04:14.528,2026-08-03 16:09:30.442,Bergen Ave & Sip Ave,JC109,Bergen Ave,JC095,40.73100888698729,-74.06443700194359,40.722103786686034,-74.07145500183105,member
9CB8B6F09F72B4C6,classic_bike,2026-08-03 16:06:42.858,2026-08-03 16:11:19.964,Hamilton Park,JC009,Hoboken Ave at Monmouth St,JC105,40.727595966,-74.044247311,40.73520838045357,-74.04696375131607,member
BA02DEB5FBF25AC3,electric_bike,2026-08-03 16:11:55.913,2026-08-03 16:21:42.112,Bergen Ave & Sip Ave,JC109,Union St,JC051,40.73100888698729,-74.06443700194359,40.7182113,-74.0836394,member
C0C1BD2D76BD717F,electric_bike,2026-08-03 16:12:00.179,2026-08-03 16:21:35.620,Grove St PATH,JC115,McGinley Square,JC055,40.71941,-74.04309,40.7253399253558,-74.06762212514877,member
672F93DFF1C2E82B,electric_bike,2026-08-03 16:13:24.167,2026-08-03 16:17:38.593,South Waterfront Walkway - Sinatra Dr & 1 St,HB103,14 St Ferry - 14 St & Shipyard Ln,HB202,40.73698221818716,-74.02778059244156,40.752960630464955,-74.02435272932053,member
F09F312EBB0DBE07,electric_bike,2026-08-03 16:16:18.875,2026-08-03 16:32:45.583,South Waterfront Walkway - Sinatra Dr & 1 St,HB103,South Waterfront Walkway - Sinatra Dr & 1 St,HB103,40.73698221818716,-74.02778059244156,40.73698221818716,-74.02778059244156,member
917AB18A043DCB13,electric_bike,2026-08-03 16:16:49.918,2026-08-03 16:24:15.813,Grove St PATH,JC115,Lafayette Park,JC078,40.71941,-74.04309,40.71346382669195,-74.06285852193832,member
24D0AC1C716D20F0,electric_bike,2026-08-03 16:19:10.640,2026-08-03 16:24:58.449,Grove St PATH,JC115,Brunswick St,JC023,40.71941,-74.04309,40.7241765,-74.0506564,casual
33B21317C298562F,electric_bike,2026-08-03 16:20:41.640,2026-08-03 16:22:37.823,River St & 1 St,HB609,2 St & Park Ave,HB608,40.73721535335381,-74.02886540972803,40.73915272763701,-74.0330819785595,member
654AEAE7A90C697F,electric_bike,2026-08-03 16:20:56.180,2026-08-03 16:25:20.870,River St & 1 St,HB609,Clinton St & 7 St,HB303,40.73721535335381,-74.02886540972803,40.74542,-74.03332,member
2A060F3F5B3CC30A,electric_bike,2026-08-03 16:21:03.513,2026-08-03 16:26:12.324,River St & 1 St,HB609,6 St & Grand St,HB302,40.73721535335381,-74.02886540972803,40.744397833095604,-74.03450086712837,member
3B327F4A4EE7A97E,electric_bike,2026-08-03 16:21:04.557,2026-08-03 16:23:46.126,South Waterfront Walkway - Sinatra Dr & 1 St,HB103,Stevens - River Ter & 6 St,HB602,40.73698221818716,-74.02778059244156,40.74313282710551,-74.02698867022991,member
0C774683B4281F3E,electric_bike,2026-08-03 16:21:30.997,2026-08-03 16:28:29.960,River St & 1 St,HB609,Pershing Field,JC024,40.73721535335381,-74.02886540972803,40.742677141,-74.051788633,casual
29D8011E7511574E,electric_bike,2026-08-03 16:22:58.760,2026-08-03 16:27:16.006,South Waterfront Walkway - Sinatra Dr & 1 St,HB103,12 St & Sinatra Dr N,HB201,40.73698221818716,-74.02778059244156,40.750604142368964,-74.02402013540268,member
63C8B1402F59906A,electric_bike,2026-08-03 16:24:11.761,2026-08-03 16:30:39.526,Bergen Ave & Sip Ave,JC109,Lincoln Park,JC053,40.73100888698729,-74.06443700194359,40.7246050998869,-74.07840594649315,member
AE39546D630B1935,electric_bike,2026-08-03 16:28:31.981,2026-08-03 16:33:35.616,Grove St PATH,JC115,Brunswick & 6th,JC081,40.71941,-74.04309,40.72601172964625,-74.05038893222809,member
7E2316943485BF9B,electric_bike,2026-08-03 16:30:15.776,2026-08-03 16:37:47.083,Grove St PATH,JC115,Communipaw & Berry Lane,JC084,40.71941,-74.04309,40.71435836870427,-74.06661093235016,member
CFBC32AD890E9B20,electric_bike,2026-08-03 16:31:50.576,2026-08-03 16:34:19.690,Bergen Ave & Sip Ave,JC109,McGinley Square,JC055,40.73100888698729,-74.06443700194359,40.7253399253558,-74.06762212514877,member
4A93BFF34B1A4791,electric_bike,2026-08-03 16:32:59.090,2026-08-03 16:35:44.283,Bergen Ave & Sip Ave,JC109,Baldwin at Montgomery,JC020,40.73100888698729,-74.06443700194359,40.7236589,-74.0641943,member
2BE835ED7F365B3F,electric_bike,2026-08-03 16:35:15.262,2026-08-03 16:42:29.673,Grove St PATH,JC115,Communipaw & Berry Lane,JC084,40.71941,-74.04309,40.71435836870427,-74.06661093235016,member
079F7A6B1B7E3299,electric_bike,2026-08-03 16:35:30.641,2026-08-03 16:46:40.273,Bergen Ave & Sip Ave,JC109,Leonard Gordon Park,JC080,40.73100888698729,-74.06443700194359,40.74590996631558,-74.0572714805603,member
034E79CB0EBFABC9,electric_bike,2026-08-03 16:36:26.049,2026-08-03 16:44:05.718,River St & 1 St,HB609,Willow Ave & 12 St,HB505,40.73721535335381,-74.02886540972803,40.7518674823282,-74.03037697076797,casual
F32F11A04563937A,electric_bike,2026-08-03 16:36:33.884,2026-08-03 16:39:45.369,Hamilton Park,JC009,Brunswick St,JC023,40.727595966,-74.044247311,40.7241765,-74.0506564,member
20B0449B73E42C7C,electric_bike,2026-08-03 16:38:28.690,2026-08-03 16:42:31.121,Hudson Pl & Hoboken Terminal,HB107,Madison St & 1 St,HB402,40.73579286776364,-74.02837457573912,40.73879,-74.0393,member
1257164DF2370B9B,electric_bike,2026-08-03 16:39:31.880,2026-08-03 16:44:27.484,River St & 1 St,HB609,Church Sq Park - 5 St & Park Ave,HB601,40.73721535335381,-74.02886540972803,40.74265933273143,-74.03223305940628,member
077E146BC5BE7491,electric_bike,2026-08-03 16:40:01.815,2026-08-03 16:45:11.680,River St & 1 St,HB609,Marshall St & 2 St,HB408,40.73721535335381,-74.02886540972803,40.740802,-74.042521,member
327739932214B529,electric_bike,2026-08-03 16:40:03.784,2026-08-03 16:42:54.648,Grove St PATH,JC115,Marin Light Rail,JC013,40.71941,-74.04309,40.71458403535893,-74.04281705617905,member
65A090031C9FFD34,electric_bike,2026-08-03 16:40:29.152,2026-08-03 16:44:54.775,Bergen Ave & Sip Ave,JC109,McGinley Square,JC055,40.73100888698729,-74.06443700194359,40.7253399253558,-74.06762212514877,member
2C881E16EE228112,electric_bike,2026-08-03 16:40:43.082,2026-08-03 16:48:38.487,Grove St PATH,JC115,Communipaw & Berry Lane,JC084,40.71941,-74.04309,40.71435836870427,-74.06661093235016,member
5345792CD937DB25,classic_bike,2026-08-03 16:40:45.437,2026-08-03 16:44:22.920,Hamilton Park,JC009,Brunswick & 6th,JC081,40.727595966,-74.044247311,40.72601172964625,-74.05038893222809,member
FDC08E8E432FEFFB,classic_bike,2026-08-03 16:41:13.277,2026-08-03 16:45:17.552,Grove St PATH,JC115,Dixon Mills,JC076,40.71941,-74.04309,40.721630142638354,-74.04996782541275,member
C83EF3524040B5E5,electric_bike,2026-08-03 16:41:45.111,2026-08-03 16:48:13.942,River St & 1 St,HB609,6 St & Grand St,HB302,40.73721535335381,-74.02886540972803,40.744397833095604,-74.03450086712837,member
F1DC7B0FA747A300,classic_bike,2026-08-03 16:41:54.812,2026-08-03 16:46:18.554,Grove St PATH,JC115,Jersey & 6th St,JC027,40.71941,-74.04309,40.72528910781132,-74.04557168483734,member
EF5D137166188384,classic_bike,2026-08-03 16:44:15.963,2026-08-03 16:57:29.325,Grove St PATH,JC115,Southwest Park - Jackson St & Observer Hwy,HB401,40.71941,-74.04309,40.73755127245804,-74.04166370630264,member
3A794E79E8B371ED,electric_bike,2026-08-03 16:44:40.764,2026-08-03 16:50:10.190,Bergen Ave & Sip Ave,JC109,Lincoln Park,JC053,40.73100888698729,-74.06443700194359,40.7246050998869,-74.07840594649315,member
66454B52ACF3791F,electric_bike,2026-08-03 16:46:54.472,2026-08-03 16:53:12.553,Bergen Ave & Sip Ave,JC109,Bergen Ave,JC095,40.73100888698729,-74.06443700194359,40.722103786686034,-74.07145500183105,member
E0BDF43C621B063A,electric_bike,2026-08-03 16:49:05.714,2026-08-03 16:51:17.091,River St & 1 St,HB609,Stevens - River Ter & 6 St,HB602,40.73721535335381,-74.02886540972803,40.74313282710551,-74.02698867022991,member
22DCBC9A2ED0DDC6,classic_bike,2026-08-03 16:49:32.791,2026-08-03 17:02:46.984,River St & 1 St,HB609,Washington St,JC098,40.73721535335381,-74.02886540972803,40.7242941,-74.0354826,member
91D8D65B9682F3A2,electric_bike,2026-08-03 16:52:17.206,2026-08-03 16:55:38.200,River St & 1 St,HB609,Adams St & 2 St,HB407,40.73721535335381,-74.02886540972803,40.73981372311843,-74.03690412640572,member
19BE9D3B6A9FD494,classic_bike,2026-08-03 16:52:38.044,2026-08-03 17:03:44.786,Hudson Pl & Hoboken Terminal,HB107,Stevens - River Ter & 6 St,HB602,40.73579286776364,-74.02837457573912,40.74313282710551,-74.02698867022991,casual
696A6E83C26F25AE,electric_bike,2026-08-03 16:52:43.902,2026-08-03 16:57:55.718,River St & 1 St,HB609,12 St & Sinatra Dr N,HB201,40.73721535335381,-74.02886540972803,40.750604142368964,-74.02402013540268,member
475DB6809419576D,electric_bike,2026-08-03 16:52:55.310,2026-08-03 16:57:50.657,River St & 1 St,HB609,Southwest Park - Jackson St & Observer Hwy,HB401,40.73721535335381,-74.02886540972803,40.73755127245804,-74.04166370630264,member
8AF4D33A839EF10E,classic_bike,2026-08-03 16:54:02.298,2026-08-03 17:04:36.250,South Waterfront Walkway - Sinatra Dr & 1 St,HB103,Bloomfield St & 15 St,HB203,40.73698221818716,-74.02778059244156,40.75453,-74.02658,casual
82EEA9027A03D888,classic_bike,2026-08-03 16:54:16.756,2026-08-03 17:06:01.254,River St & 1 St,HB609,Washington St,JC098,40.73721535335381,-74.02886540972803,40.7242941,-74.0354826,member
69FF68F425A232C2,classic_bike,2026-08-03 16:54:23.664,2026-08-03 16:58:06.970,Grove St PATH,JC115,Marin Light Rail,JC013,40.71941,-74.04309,40.71458403535893,-74.04281705617905,member
FCDC899F3565D384,electric_bike,2026-08-03 16:58:41.379,2026-08-03 17:02:07.836,River St & 1 St,HB609,8 St & Washington St,HB603,40.73721535335381,-74.02886540972803,40.745983882915624,-74.02819901704788,member
04F0A24A711C981C,electric_bike,2026-08-03 16:58:52.547,2026-08-03 17:02:28.482,Grove St PATH,JC115,Van Vorst Park,JC035,40.71941,-74.04309,40.71848892,-74.047726625,member
E734BD3C8BC48254,electric_bike,2026-08-03 16:58:58.656,2026-08-03 17:03:21.698,River St & 1 St,HB609,Columbus Park - Clinton St & 9 St,HB501,40.73721535335381,-74.02886540972803,40.74816121065146,-74.0324530005455,member
1FD2A5A3EB0A154A,classic_bike,2026-08-03 16:59:19.158,2026-08-03 17:08:02.349,Grove St PATH,JC115,Dixon Mills,JC076,40.71941,-74.04309,40.721630142638354,-74.04996782541275,member
420CB4FFA9568A85,electric_bike,2026-08-03 16:59:32.518,2026-08-03 17:09:24.703,South Waterfront Walkway - Sinatra Dr & 1 St,HB103,Adams St & 12 St,HB610,40.73698221818716,-74.02778059244156,40.751889392240685,-74.03329162748534,member
1E4A60AEA1546ED3,electric_bike,2026-08-03 17:00:04.703,2026-08-03 17:06:19.592,South Waterfront Walkway - Sinatra Dr & 1 St,HB103,9 St HBLR - Jackson St & 8 St,HB305,40.73698221818716,-74.02778059244156,40.74790720968899,-74.03841152787209,member
0BF5D69B6322D035,electric_bike,2026-08-03 17:02:04.016,2026-08-03 17:09:55.897,Bergen Ave & Sip Ave,JC109,Leonard Gordon Park,JC080,40.73100888698729,-74.06443700194359,40.74590996631558,-74.0572714805603,member
A2BF3214C0415D8A,classic_bike,2026-08-03 17:02:53.502,2026-08-03 17:08:00.605,River St & 1 St,HB609,8 St & Washington St,HB603,40.73721535335381,-74.02886540972803,40.745983882915624,-74.02819901704788,member
9B22F4CFE8B5A397,classic_bike,2026-08-03 17:04:30.517,2026-08-03 18:04:51.462,River St & 1 St,HB609,South Waterfront Walkway - Sinatra Dr & 1 St,HB103,40.73721535335381,-74.02886540972803,40.73698221818716,-74.02778059244156,casual
AEBE32672ADFB383,electric_bike,2026-08-03 17:04:58.279,2026-08-03 17:07:48.295,Grove St PATH,JC115,Marin Light Rail,JC013,40.71941,-74.04309,40.71458403535893,-74.04281705617905,member
B99E9145D13BBA6E,electric_bike,2026-08-03 17:05:19.907,2026-08-03 17:10:10.280,Bergen Ave & Sip Ave,JC109,Dey St,JC065,40.73100888698729,-74.06443700194359,40.737711,-74.066921,member
5575B5D20FFCEC31,electric_bike,2026-08-03 17:06:02.283,2026-08-03 17:12:37.033,River St & 1 St,HB609,9 St HBLR - Jackson St & 8 St,HB305,40.73721535335381,-74.02886540972803,40.74790720968899,-74.03841152787209,member
688D6895F88B8C98,classic_bike,2026-08-03 17:06:30.211,2026-08-03 17:09:53.036,Bergen Ave & Sip Ave,JC109,McGinley Square,JC055,40.73100888698729,-74.06443700194359,40.7253399253558,-74.06762212514877,member
D0EBABB736388BB7,classic_bike,2026-08-03 17:06:51.488,2026-08-03 17:09:49.443,River St & 1 St,HB609,Stevens - River Ter & 6 St,HB602,40.73721535335381,-74.02886540972803,40.74313282710551,-74.02698867022991,member
3D2A5184D11A7F48,electric_bike,2026-08-03 17:07:29.979,2026-08-03 17:12:01.429,South Waterfront Walkway - Sinatra Dr & 1 St,HB103,Columbus Park - Clinton St & 9 St,HB501,40.73698221818716,-74.02778059244156,40.74816121065146,-74.0324530005455,member
A2ABDEC89A9882AD,electric_bike,2026-08-03 17:07:42.237,2026-08-03 17:13:34.394,Bergen Ave & Sip Ave,JC109,Glenwood Ave,JC094,40.73100888698729,-74.06443700194359,40.72755146730012,-74.07106071710587,member
BBD471E5CFBF3E03,classic_bike,2026-08-03 17:08:06.458,2026-08-03 17:23:01.601,Hamilton Park,JC009,York St & Marin Blvd,JC097,40.727595966,-74.044247311,40.716615000830494,-74.0424120426178,member
133959D14B95EB00,electric_bike,2026-08-03 17:08:20.447,2026-08-03 17:11:37.014,Grove St PATH,JC115,Jersey & 6th St,JC027,40.71941,-74.04309,40.72528910781132,-74.04557168483734,member
CBD730FCA8257634,classic_bike,2026-08-03 17:08:33.926,2026-08-03 17:23:48.377,River St & 1 St,HB609,Grand St & 14 St,HB506,40.73721535335381,-74.02886540972803,40.75409,-74.0316,casual
288BF76294A0EFF5,classic_bike,2026-08-03 17:09:48.884,2026-08-03 17:16:58.551,Grove St PATH,JC115,Brunswick & 6th,JC081,40.71941,-74.04309,40.72601172964625,-74.05038893222809,member
14E0D5C948DF9C25,classic_bike,2026-08-03 17:10:43.991,2026-08-03 17:14:52.156,Grove St PATH,JC115,Grand St,JC102,40.71941,-74.04309,40.71517767732029,-74.03768330812454,member
02E6C095DFC1CD57,classic_bike,2026-08-03 17:11:57.511,2026-08-03 17:24:53.162,South Waterfront Walkway - Sinatra Dr & 1 St,HB103,Bloomfield St & 15 St,HB203,40.73698221818716,-74.02778059244156,40.75453,-74.02658,member
E043447C69C41C10,electric_bike,2026-08-03 17:12:11.985,2026-08-03 17:15:54.158,Grove St PATH,JC115,JC Medical Center,JC110,40.71941,-74.04309,40.71539114317,-74.04969155788422,member
4D39DE5947BA5213,classic_bike,2026-08-03 17:12:47.663,2026-08-03 17:17:25.701,Hudson Pl & Hoboken Terminal,HB107,2 St & Park Ave,HB608,40.73579286776364,-74.02837457573912,40.73915272763701,-74.0330819785595,member
6AF6B8B80BAB9F3B,electric_bike,2026-08-03 17:13:07.525,2026-08-03 17:16:27.519,Grove St PATH,JC115,Brunswick St,JC023,40.71941,-74.04309,40.7241765,-74.0506564,member
677FADA7296B39A2,classic_bike,2026-08-03 17:15:01.270,2026-08-03 17:19:20.773,Grove St PATH,JC115,JC Medical Center,JC110,40.71941,-74.04309,40.71539114317,-74.04969155788422,member
C1297C5F78174137,electric_bike,2026-08-03 17:15:18.220,2026-08-03 17:19:54.288,River St & 1 St,HB609,Clinton St & 7 St,HB303,40.73721535335381,-74.02886540972803,40.74542,-74.03332,member
6668229509A53FD1,classic_bike,2026-08-03 17:16:43.135,2026-08-03 17:20:17.923,Hamilton Park,JC009,Manila & 1st,JC082,40.727595966,-74.044247311,40.721650724879986,-74.04288411140442,member
DE00DD5C2FE6BCFD,electric_bike,2026-08-03 17:17:02.760,2026-08-03 17:23:07.559,Grove St PATH,JC115,Lafayette Park,JC078,40.71941,-74.04309,40.71346382669195,-74.06285852193832,member
5DDE1829C73246AA,classic_bike,2026-08-03 17:17:16.124,2026-08-03 17:22:34.930,Grove St PATH,JC115,Grand St,JC102,40.71941,-74.04309,40.71517767732029,-74.03768330812454,member
013A75A1A4A7F8B0,electric_bike,2026-08-03 17:17:19.051,2026-08-03 17:20:28.161,Bergen Ave & Sip Ave,JC109,Glenwood Ave,JC094,40.73100888698729,-74.06443700194359,40.72755146730012,-74.07106071710587,member
9F5856314A1773B5,electric_bike,2026-08-03 17:17:21.620,2026-08-03 17:19:30.905,Grove St PATH,JC115,Marin Light Rail,JC013,40.71941,-74.04309,40.71458403535893,-74.04281705617905,member
D3DA440CE2BA0C23,electric_bike,2026-08-03 17:18:35.525,2026-08-03 17:25:01.796,Grove St PATH,JC115,Pacific Ave & Communipaw Ave,JC118,40.71941,-74.04309,40.711354,-74.062446,member
AF4791E6A0D21C68,electric_bike,2026-08-03 17:18:40.027,2026-08-03 17:24:04.986,River St & 1 St,HB609,11 St & Washington St,HB502,40.73721535335381,-74.02886540972803,40.74998490907138,-74.02715027332306,casual
AC5B7580CD37887A,classic_bike,2026-08-03 17:21:01.924,2026-08-03 17:23:29.940,Grove St PATH,JC115,Van Vorst Park,JC035,40.71941,-74.04309,40.71848892,-74.047726625,member
A42006C1E3C3AB9C,electric_bike,2026-08-03 17:22:01.747,2026-08-03 17:29:04.238,South Waterfront Walkway - Sinatra Dr & 1 St,HB103,Mama Johnson Field - 4 St & Jackson St,HB404,40.73698221818716,-74.02778059244156,40.74313993965626,-74.04004096984863,casual
C3F74813CE0AD05A,electric_bike,2026-08-03 17:22:18.441,2026-08-03 17:28:30.050,Bergen Ave & Sip Ave,JC109,Baldwin at Montgomery,JC020,40.73100888698729,-74.06443700194359,40.7236589,-74.0641943,member
2729508379D2E29D,electric_bike,2026-08-03 17:22:58.963,2026-08-03 17:29:44.253,Grove St PATH,JC115,Morris Canal,JC072,40.71941,-74.04309,40.7124188237569,-74.03852552175522,member
1FF854B0C385A3B6,electric_bike,2026-08-03 17:24:47.935,2026-08-03 17:32:01.849,South Waterfront Walkway - Sinatra Dr & 1 St,HB103,Madison St & 10 St,HB503,40.73698221818716,-74.02778059244156,40.74994325412246,-74.03586477041245,member
A0D86067595B9ED6,electric_bike,2026-08-03 17:24:53.240,2026-08-03 17:29:16.496,Grove St PATH,JC115,Montgomery St,JC099,40.71941,-74.04309,40.71942,-74.05099,member
3A50191E9A726FA7,electric_bike,2026-08-03 17:25:02.309,2026-08-03 17:28:51.595,Bergen Ave & Sip Ave,JC109,Glenwood Ave,JC094,40.73100888698729,-74.06443700194359,40.72755146730012,-74.07106071710587,member
739745FFA240D004,classic_bike,2026-08-03 17:28:44.986,2026-08-03 17:33:48.461,Grove St PATH,JC115,Exchange Pl,JC116,40.71941,-74.04309,40.71636596185077,-74.034343957901,member
F92FD06FE2AB28C7,classic_bike,2026-08-03 17:29:28.134,2026-08-03 17:33:26.685,Grove St PATH,JC115,Jersey & 3rd,JC074,40.71941,-74.04309,40.72333158646436,-74.04595255851744,member
569BAD203D364039,electric_bike,2026-08-03 17:29:30.017,2026-08-03 17:38:16.136,Grove St PATH,JC115,Communipaw & Berry Lane,JC084,40.71941,-74.04309,40.71435836870427,-74.06661093235016,member
CB6FF4D6F3C8EB32,electric_bike,2026-08-03 17:31:09.910,2026-08-03 17:34:21.884,River St & 1 St,HB609,4 St & Grand St,HB301,40.73721535335381,-74.02886540972803,40.7422579775645,-74.03511106967926,member
9BC012E7D5D22EF6,electric_bike,2026-08-03 17:33:10.217,2026-08-03 17:37:14.491,South Waterfront Walkway - Sinatra Dr & 1 St,HB103,8 St & Washington St,HB603,40.73698221818716,-74.02778059244156,40.745983882915624,-74.02819901704788,member
EA016453952149DB,electric_bike,2026-08-03 17:34:46.377,2026-08-03 17:41:25.003,River St & 1 St,HB609,7 St & Monroe St,HB304,40.73721535335381,-74.02886540972803,40.74641264837719,-74.03797701001167,member
EEE18805F59D6577,classic_bike,2026-08-03 17:34:50.321,2026-08-03 17:38:23.401,Grove St PATH,JC115,Dixon Mills,JC076,40.71941,-74.04309,40.721630142638354,-74.04996782541275,member
E9C4BBEBED7352F8,classic_bike,2026-08-03 17:34:51.562,2026-08-03 17:47:15.512,Grove St PATH,JC115,Pacific Ave & Communipaw Ave,JC118,40.71941,-74.04309,40.711354,-74.062446,member
A05B30199A3210D5,electric_bike,2026-08-03 17:35:35.235,2026-08-03 17:38:02.197,Grove St PATH,JC115,Jersey & 3rd,JC074,40.71941,-74.04309,40.72333158646436,-74.04595255851744,member
B301C3C01738A69A,electric_bike,2026-08-03 17:35:50.751,2026-08-03 17:44:06.870,Bergen Ave & Sip Ave,JC109,Newark Ave,JC032,40.73100888698729,-74.06443700194359,40.72152515,-74.046304543,member
2BAAE2C2FA105128,electric_bike,2026-08-03 17:36:06.331,2026-08-03 17:41:06.339,Bergen Ave & Sip Ave,JC109,Astor Place,JC077,40.73100888698729,-74.06443700194359,40.71928220070702,-74.07126188278198,member
F9EF2AAF569CB40E,electric_bike,2026-08-03 17:36:36.035,2026-08-03 17:53:15.196,South Waterfront Walkway - Sinatra Dr & 1 St,HB103,Newport Pkwy,JC008,40.73698221818716,-74.02778059244156,40.7287448,-74.0321082,casual
CB14E0307C4C1104,classic_bike,2026-08-03 17:37:44.982,2026-08-03 17:53:13.031,South Waterfront Walkway - Sinatra Dr & 1 St,HB103,Newport Pkwy,JC008,40.73698221818716,-74.02778059244156,40.7287448,-74.0321082,casual
8E4A9070F9194E25,classic_bike,2026-08-03 17:38:24.417,2026-08-03 17:50:59.698,Hamilton Park,JC009,Pacific Ave & Communipaw Ave,JC118,40.727595966,-74.044247311,40.711354,-74.062446,member
D3B66BD82998E8F0,classic_bike,2026-08-03 17:40:28.333,2026-08-03 17:47:45.848,South Waterfront Walkway - Sinatra Dr & 1 St,HB103,14 St Ferry - 14 St & Shipyard Ln,HB202,40.73698221818716,-74.02778059244156,40.752960630464955,-74.02435272932053,member
D4FD2A54A2773D77,classic_bike,2026-08-03 17:41:15.726,2026-08-03 17:44:37.292,Grove St PATH,JC115,Marin Light Rail,JC013,40.71941,-74.04309,40.71458403535893,-74.04281705617905,member
3F020BD08AEC0BEE,electric_bike,2026-08-03 17:41:39.760,2026-08-03 17:47:54.791,South Waterfront Walkway - Sinatra Dr & 1 St,HB103,11 St & Washington St,HB502,40.73698221818716,-74.02778059244156,40.74998490907138,-74.02715027332306,member
EDF39E2062299C9A,electric_bike,2026-08-03 17:42:36.262,2026-08-03 17:45:51.883,Hamilton Park,JC009,Manila & 1st,JC082,40.727595966,-74.044247311,40.721650724879986,-74.04288411140442,casual
CE5ADA94B89F7F3D,electric_bike,2026-08-03 17:42:36.632,2026-08-03 17:49:26.772,River St & 1 St,HB609,9 St HBLR - Jackson St & 8 St,HB305,40.73721535335381,-74.02886540972803,40.74790720968899,-74.03841152787209,member
D046CB4F51E6B31D,electric_bike,2026-08-03 17:42:55.465,2026-08-03 17:45:21.607,Hamilton Park,JC009,Jersey & 3rd,JC074,40.727595966,-74.044247311,40.72333158646436,-74.04595255851744,member
4F06585FD21D21F2,electric_bike,2026-08-03 17:43:02.297,2026-08-03 17:45:46.516,Hamilton Park,JC009,Manila & 1st,JC082,40.727595966,-74.044247311,40.721650724879986,-74.04288411140442,member
AE70448393A9F35D,electric_bike,2026-08-03 17:43:02.337,2026-08-03 17:48:56.781,Bergen Ave & Sip Ave,JC109,Astor Place,JC077,40.73100888698729,-74.06443700194359,40.71928220070702,-74.07126188278198,member
B0F43FDB9D027FA4,electric_bike,2026-08-03 17:45:23.938,2026-08-03 17:50:05.956,Bergen Ave & Sip Ave,JC109,Fairmount Ave,JC093,40.73100888698729,-74.06443700194359,40.72572613742557,-74.07195925712585,casual
D53B1C40F62B0EA8,electric_bike,2026-08-03 17:45:44.985,2026-08-03 17:49:16.648,Grove St PATH,JC115,Hamilton Park,JC009,40.71941,-74.04309,40.727595966,-74.044247311,member
A07885A1C5212779,electric_bike,2026-08-03 17:47:10.222,2026-08-03 17:50:17.569,Grove St PATH,JC115,Brunswick St,JC023,40.71941,-74.04309,40.7241765,-74.0506564,member
A548C4F8AEF8FFFC,classic_bike,2026-08-03 17:47:37.797,2026-08-03 17:54:33.911,River St & 1 St,HB609,12 St & Sinatra Dr N,HB201,40.73721535335381,-74.02886540972803,40.750604142368964,-74.02402013540268,member
AD98F8656E0649E0,electric_bike,2026-08-03 17:47:48.386,2026-08-03 17:55:39.131,Hamilton Park,JC009,Columbus Drive,JC014,40.727595966,-74.044247311,40.71835519823214,-74.03891444206238,member
195B2297D0EE6885,electric_bike,2026-08-03 17:47:52.319,2026-08-03 17:51:36.990,River St & 1 St,HB609,Southwest Park - Jackson St & Observer Hwy,HB401,40.73721535335381,-74.02886540972803,40.73755127245804,-74.04166370630264,member
2ABF261CB170E2B7,classic_bike,2026-08-03 17:48:12.479,2026-08-03 17:53:00.701,Grove St PATH,JC115,Monmouth & 6th,JC075,40.71941,-74.04309,40.72568548362901,-74.04879033565521,member
D0C3C771C14B10D4,classic_bike,2026-08-03 17:48:12.638,2026-08-03 17:56:00.246,River St & 1 St,HB609,11 St & Washington St,HB502,40.73721535335381,-74.02886540972803,40.74998490907138,-74.02715027332306,member
618B1C8E9B0E6791,classic_bike,2026-08-03 17:48:33.591,2026-08-03 18:41:48.496,Grove St PATH,JC115,City Hall,JC003,40.71941,-74.04309,40.7177325,-74.043845,casual
9F5BB4675E8174A7,electric_bike,2026-08-03 17:49:03.452,2026-08-03 17:54:04.632,South Waterfront Walkway - Sinatra Dr & 1 St,HB103,12 St & Sinatra Dr N,HB201,40.73698221818716,-74.02778059244156,40.750604142368964,-74.02402013540268,member
3D5FE891E58FBB8F,classic_bike,2026-08-03 17:49:10.827,2026-08-03 18:41:17.494,Grove St PATH,JC115,City Hall,JC003,40.71941,-74.04309,40.7177325,-74.043845,member
583A0A980440704A,electric_bike,2026-08-03 17:49:20.726,2026-08-03 18:02:38.089,South Waterfront Walkway - Sinatra Dr & 1 St,HB103,Newark Ave,JC032,40.73698221818716,-74.02778059244156,40.72152515,-74.046304543,member
6B51A50B27AEE867,electric_bike,2026-08-03 17:49:29.533,2026-08-03 17:53:15.576,River St & 1 St,HB609,Marshall St & 2 St,HB408,40.73721535335381,-74.02886540972803,40.740802,-74.042521,member
9DC6B497A2715220,electric_bike,2026-08-03 17:49:40.395,2026-08-03 17:55:20.461,Hudson Pl & Hoboken Terminal,HB107,4 St & Grand St,HB301,40.73579286776364,-74.02837457573912,40.7422579775645,-74.03511106967926,member
78E0597BBD51DEF5,classic_bike,2026-08-03 17:51:30.475,2026-08-03 18:02:07.114,South Waterfront Walkway - Sinatra Dr & 1 St,HB103,12 St & Sinatra Dr N,HB201,40.73698221818716,-74.02778059244156,40.750604142368964,-74.02402013540268,casual
BBEA4072E87B2F66,electric_bike,2026-08-03 17:51:32.619,2026-08-03 17:54:48.364,Bergen Ave & Sip Ave,JC109,McGinley Square,JC055,40.73100888698729,-74.06443700194359,40.7253399253558,-74.06762212514877,member
7AE8443C9AA6ED07,classic_bike,2026-08-03 17:51:34.752,2026-08-03 17:56:05.830,South Waterfront Walkway - Sinatra Dr & 1 St,HB103,Adams St & 2 St,HB407,40.73698221818716,-74.02778059244156,40.73981372311843,-74.03690412640572,member
3AFAAF492267B688,classic_bike,2026-08-03 17:51:47.236,2026-08-03 17:59:11.426,South Waterfront Walkway - Sinatra Dr & 1 St,HB103,12 St & Sinatra Dr N,HB201,40.73698221818716,-74.02778059244156,40.750604142368964,-74.02402013540268,member
0FB106FB87F1F693,classic_bike,2026-08-03 17:52:06.016,2026-08-03 17:55:12.100,Hamilton Park,JC009,Brunswick & 6th,JC081,40.727595966,-74.044247311,40.72601172964625,-74.05038893222809,member
23A64FC60DAB1C8F,electric_bike,2026-08-03 17:53:17.171,2026-08-03 17:56:59.553,Bergen Ave & Sip Ave,JC109,Bergen Ave,JC095,40.73100888698729,-74.06443700194359,40.722103786686034,-74.07145500183105,member
1A4D5F672B9F672E,classic_bike,2026-08-03 17:54:21.770,2026-08-03 18:00:44.224,River St & 1 St,HB609,Mama Johnson Field - 4 St & Jackson St,HB404,40.73721535335381,-74.02886540972803,40.74313993965626,-74.04004096984863,member
75C676864CE48E83,classic_bike,2026-08-03 17:56:25.181,2026-08-03 18:01:23.851,Grove St PATH,JC115,JC Medical Center,JC110,40.71941,-74.04309,40.71539114317,-74.04969155788422,member
18E089D737B6ACCA,classic_bike,2026-08-03 17:56:31.379,2026-08-03 18:04:47.179,River St & 1 St,HB609,Mama Johnson Field - 4 St & Jackson St,HB404,40.73721535335381,-74.02886540972803,40.74313993965626,-74.04004096984863,member
E8A3D1A31971316A,classic_bike,2026-08-03 17:56:56.688,2026-08-03 18:04:46.303,South Waterfront Walkway - Sinatra Dr & 1 St,HB103,Columbus Park - Clinton St & 9 St,HB501,40.73698221818716,-74.02778059244156,40.74816121065146,-74.0324530005455,member
93051AE6EAF0E847,electric_bike,2026-08-03 17:57:47.169,2026-08-03 18:04:47.947,Grove St PATH,JC115,Lafayette Park,JC078,40.71941,-74.04309,40.71346382669195,-74.06285852193832,casual
60C5CE73B9A2E0F2,electric_bike,2026-08-03 17:58:27.549,2026-08-03 18:08:40.740,Grove St PATH,JC115,Carteret Ave & Arlington Ave,JC123,40.71941,-74.04309,40.709142,-74.074553,member
BF5FEF5C5EEE98E0,classic_bike,2026-08-03 17:59:11.433,2026-08-03 18:09:16.731,Grove St PATH,JC115,Liberty Light Rail,JC052,40.71941,-74.04309,40.7112423,-74.0557013,member
EC3D424BC6D72AB6,electric_bike,2026-08-03 17:59:18.018,2026-08-03 18:01:56.603,Grove St PATH,JC115,Dixon Mills,JC076,40.71941,-74.04309,40.721630142638354,-74.04996782541275,member
42CBBC2B7C2F881C,electric_bike,2026-08-03 18:00:15.425,2026-08-03 18:03:59.277,Bergen Ave & Sip Ave,JC109,Fairmount Ave,JC093,40.73100888698729,-74.06443700194359,40.72572613742557,-74.07195925712585,casual
AD74D621C884F0D3,electric_bike,2026-08-03 18:00:57.343,2026-08-03 18:05:10.600,Grove St PATH,JC115,Marin Light Rail,JC013,40.71941,-74.04309,40.71458403535893,-74.04281705617905,member
1E17D854D0B74B32,electric_bike,2026-08-03 18:02:10.880,2026-08-03 18:05:45.659,Grove St PATH,JC115,Jersey & 3rd,JC074,40.71941,-74.04309,40.72333158646436,-74.04595255851744,member
CCDA09084FAAECF7,classic_bike,2026-08-03 18:03:09.028,2026-08-03 18:08:12.926,River St & 1 St,HB609,Madison St & 1 St,HB402,40.73721535335381,-74.02886540972803,40.73879,-74.0393,member
FB5B39711E62A4CE,classic_bike,2026-08-03 18:03:28.484,2026-08-03 18:07:27.921,Grove St PATH,JC115,Brunswick St,JC023,40.71941,-74.04309,40.7241765,-74.0506564,member
D38C5554317318BF,classic_bike,2026-08-03 18:03:41.752,2026-08-03 18:11:07.469,River St & 1 St,HB609,Columbus Park - Clinton St & 9 St,HB501,40.73721535335381,-74.02886540972803,40.74816121065146,-74.0324530005455,member
517C475A6E2DB66B,classic_bike,2026-08-03 18:04:27.524,2026-08-03 18:11:49.092,River St & 1 St,HB609,7 St & Monroe St,HB304,40.73721535335381,-74.02886540972803,40.74641264837719,-74.03797701001167,member
6818235ACAAB7C55,classic_bike,2026-08-03 18:05:01.710,2026-08-03 18:13:42.823,Grove St PATH,JC115,Liberty Light Rail,JC052,40.71941,-74.04309,40.7112423,-74.0557013,member
DC939D91AF644430,electric_bike,2026-08-03 18:05:08.804,2026-08-03 18:10:29.847,Bergen Ave & Sip Ave,JC109,Lincoln Park,JC053,40.73100888698729,-74.06443700194359,40.7246050998869,-74.07840594649315,member
2F779E96B97C22D3,electric_bike,2026-08-03 18:05:16.563,2026-08-03 18:25:54.993,Bergen Ave & Sip Ave,JC109,City Hall - Washington St & 1 St,HB105,40.73100888698729,-74.06443700194359,40.73736,-74.03097,member
FFB81D5E2706358D,electric_bike,2026-08-03 18:05:27.993,2026-08-03 18:13:16.991,Hamilton Park,JC009,York St & Marin Blvd,JC097,40.727595966,-74.044247311,40.716615000830494,-74.0424120426178,member
89AA6EC8582625AD,classic_bike,2026-08-03 18:06:55.630,2026-08-03 18:14:53.595,South Waterfront Walkway - Sinatra Dr & 1 St,HB103,Mama Johnson Field - 4 St & Jackson St,HB404,40.73698221818716,-74.02778059244156,40.74313993965626,-74.04004096984863,member
193918F6D71F55B1,electric_bike,2026-08-03 18:06:58.156,2026-08-03 18:10:50.198,Bergen Ave & Sip Ave,JC109,McGinley Square,JC055,40.73100888698729,-74.06443700194359,40.7253399253558,-74.06762212514877,casual
C4521061856F3265,electric_bike,2026-08-03 18:07:44.638,2026-08-03 18:11:55.704,Grove St PATH,JC115,Hamilton Park,JC009,40.71941,-74.04309,40.727595966,-74.044247311,member
3167365B896B22E6,classic_bike,2026-08-03 18:08:12.253,2026-08-03 18:13:36.682,Grove St PATH,JC115,Hamilton Park,JC009,40.71941,-74.04309,40.727595966,-74.044247311,member
4FF449E69619CD7F,classic_bike,2026-08-03 18:08:34.278,2026-08-03 18:17:41.084,Grove St PATH,JC115,Pacific Ave & Communipaw Ave,JC118,40.71941,-74.04309,40.711354,-74.062446,member
6511D4101F9B6FE3,electric_bike,2026-08-03 18:10:09.429,2026-08-03 18:15:08.948,Grove St PATH,JC115,Monmouth & 6th,JC075,40.71941,-74.04309,40.72568548362901,-74.04879033565521,member
A23F9898D0E9B5E4,classic_bike,2026-08-03 18:10:40.386,2026-08-03 18:18:17.626,South Waterfront Walkway - Sinatra Dr & 1 St,HB103,Willow Ave & 12 St,HB505,40.73698221818716,-74.02778059244156,40.7518674823282,-74.03037697076797,member
DC10C7B43A160FBF,classic_bike,2026-08-03 18:12:17.567,2026-08-03 18:17:14.369,River St & 1 St,HB609,8 St & Washington St,HB603,40.73721535335381,-74.02886540972803,40.745983882915624,-74.02819901704788,member
97B5F0B94C8E420D,electric_bike,2026-08-03 18:12:27.461,2026-08-03 18:16:06.242,Grove St PATH,JC115,Hamilton Park,JC009,40.71941,-74.04309,40.727595966,-74.044247311,member
947E5DE7CA6BB4F7,electric_bike,2026-08-03 18:13:40.926,2026-08-03 18:16:22.111,Grove St PATH,JC115,Warren St,JC006,40.71941,-74.04309,40.7211236,-74.03805095,member
A18CA3BE1979E57B,classic_bike,2026-08-03 18:14:23.246,2026-08-03 18:19:08.646,South Waterfront Walkway - Sinatra Dr & 1 St,HB103,Madison St & 1 St,HB402,40.73698221818716,-74.02778059244156,40.73879,-74.0393,member
DDC0E12AC5987951,electric_bike,2026-08-03 18:15:34.307,2026-08-03 18:19:08.180,Bergen Ave & Sip Ave,JC109,McGinley Square,JC055,40.73100888698729,-74.06443700194359,40.7253399253558,-74.06762212514877,casual
DA2A2A2872256691,electric_bike,2026-08-03 18:17:04.394,2026-08-03 18:33:54.691,Hamilton Park,JC009,Exchange Pl,JC116,40.727595966,-74.044247311,40.71636596185077,-74.034343957901,member
04A3EB155C6733AB,electric_bike,2026-08-03 18:18:02.866,2026-08-03 18:22:58.735,Grove St PATH,JC115,Liberty Light Rail,JC052,40.71941,-74.04309,40.7112423,-74.0557013,member
6FB10D884F06C66C,classic_bike,2026-08-03 18:18:15.683,2026-08-03 18:29:13.226,Grove St PATH,JC115,Lafayette Park,JC078,40.71941,-74.04309,40.71346382669195,-74.06285852193832,casual
CEA27F6CC680D3E5,classic_bike,2026-08-03 18:18:31.103,2026-08-03 18:36:03.979,South Waterfront Walkway - Sinatra Dr & 1 St,HB103,14 St Ferry - 14 St & Shipyard Ln,HB202,40.73698221818716,-74.02778059244156,40.752960630464955,-74.02435272932053,casual
A1B046A2FE71E8C0,classic_bike,2026-08-03 18:19:03.723,2026-08-03 18:27:12.285,Grove St PATH,JC115,Lafayette Park,JC078,40.71941,-74.04309,40.71346382669195,-74.06285852193832,member
FCC7874CD73D7900,electric_bike,2026-08-03 18:20:47.461,2026-08-03 18:24:08.251,Bergen Ave & Sip Ave,JC109,McGinley Square,JC055,40.73100888698729,-74.06443700194359,40.7253399253558,-74.06762212514877,member
C01407A6A12F8E40,classic_bike,2026-08-03 18:21:58.889,2026-08-03 18:42:34.754,Grove St PATH,JC115,Grand St,JC102,40.71941,-74.04309,40.71517767732029,-74.03768330812454,member
9E1739EF5676D562,classic_bike,2026-08-03 18:22:04.586,2026-08-03 18:27:46.796,Grove St PATH,JC115,Morris Canal,JC072,40.71941,-74.04309,40.7124188237569,-74.03852552175522,member
6B55D78AE8AB1670,electric_bike,2026-08-03 18:22:33.664,2026-08-03 18:27:55.705,Grove St PATH,JC115,Essex Light Rail,JC038,40.71941,-74.04309,40.7127742,-74.0364857,member
C7BCEFB30BC2600C,electric_bike,2026-08-03 18:22:46.944,2026-08-03 18:26:34.726,River St & 1 St,HB609,8 St & Washington St,HB603,40.73721535335381,-74.02886540972803,40.745983882915624,-74.02819901704788,member
101AD1E4691E680B,electric_bike,2026-08-03 18:23:50.516,2026-08-03 18:27:10.179,Bergen Ave & Sip Ave,JC109,Fairmount Ave,JC093,40.73100888698729,-74.06443700194359,40.72572613742557,-74.07195925712585,member
92D4CA90DE47F384,electric_bike,2026-08-03 18:24:00.727,2026-08-03 18:29:36.360,Grove St PATH,JC115,Brunswick St,JC023,40.71941,-74.04309,40.7241765,-74.0506564,member
01AE1A9C5405AAA8,electric_bike,2026-08-03 18:25:53.668,2026-08-03 18:35:20.735,Bergen Ave & Sip Ave,JC109,Mallory Ave & Roosevelt Ave,JC145,40.73100888698729,-74.06443700194359,40.72203,-74.08596,casual
0F507502912208B8,classic_bike,2026-08-03 18:27:37.439,2026-08-03 18:33:21.648,Hudson Pl & Hoboken Terminal,HB107,Church Sq Park - 5 St & Park Ave,HB601,40.73579286776364,-74.02837457573912,40.74265933273143,-74.03223305940628,member
FE92F42D4B07711B,classic_bike,2026-08-03 18:27:48.029,2026-08-03 18:39:12.560,South Waterfront Walkway - Sinatra Dr & 1 St,HB103,Bloomfield St & 15 St,HB203,40.73698221818716,-74.02778059244156,40.75453,-74.02658,casual
898382EDD2FCCA76,electric_bike,2026-08-03 18:27:58.493,2026-08-03 18:30:47.347,River St & 1 St,HB609,2 St & Park Ave,HB608,40.73721535335381,-74.02886540972803,40.73915272763701,-74.0330819785595,member
81E169A804BAA836,electric_bike,2026-08-03 18:28:05.349,2026-08-03 18:35:29.564,Hamilton Park,JC009,Grand St,JC102,40.727595966,-74.044247311,40.71517767732029,-74.03768330812454,casual
2AADC94900A2CF19,electric_bike,2026-08-03 18:28:20.017,2026-08-03 18:32:00.762,Grove St PATH,JC115,Jersey & 6th St,JC027,40.71941,-74.04309,40.72528910781132,-74.04557168483734,member
527131B3914165EE,electric_bike,2026-08-03 18:28:40.378,2026-08-03 18:42:39.497,South Waterfront Walkway - Sinatra Dr & 1 St,HB103,Hoboken Ave at Monmouth St,JC105,40.73698221818716,-74.02778059244156,40.73520838045357,-74.04696375131607,member
0CC3D2F761CF5D01,electric_bike,2026-08-03 18:28:57.170,2026-08-03 18:42:49.408,South Waterfront Walkway - Sinatra Dr & 1 St,HB103,Hoboken Ave at Monmouth St,JC105,40.73698221818716,-74.02778059244156,40.73520838045357,-74.04696375131607,casual
23D1EAE62B15E36D,electric_bike,2026-08-03 18:30:46.552,2026-08-03 18:34:47.585,River St & 1 St,HB609,Adams St & 2 St,HB407,40.73721535335381,-74.02886540972803,40.73981372311843,-74.03690412640572,member
C5782DAFE004536C,electric_bike,2026-08-03 18:31:05.725,2026-08-03 18:33:55.951,Grove St PATH,JC115,Jersey & 3rd,JC074,40.71941,-74.04309,40.72333158646436,-74.04595255851744,member
19A4DBC7462E1990,classic_bike,2026-08-03 18:31:21.265,2026-08-03 18:47:43.936,South Waterfront Walkway - Sinatra Dr & 1 St,HB103,9 St HBLR - Jackson St & 8 St,HB305,40.73698221818716,-74.02778059244156,40.74790720968899,-74.03841152787209,member
78A38E87C76C1F2F,electric_bike,2026-08-03 18:31:35.234,2026-08-03 18:38:25.639,Grove St PATH,JC115,Pacific Ave & Communipaw Ave,JC118,40.71941,-74.04309,40.711354,-74.062446,member
D871BF16D7C24E77,electric_bike,2026-08-03 18:32:04.692,2026-08-03 18:45:47.417,Grove St PATH,JC115,Lafayette Park,JC078,40.71941,-74.04309,40.71346382669195,-74.06285852193832,member
4212BE8E084BE9F0,electric_bike,2026-08-03 18:32:50.154,2026-08-03 18:38:35.945,Grove St PATH,JC115,Pacific Ave & Communipaw Ave,JC118,40.71941,-74.04309,40.711354,-74.062446,casual
F55916AF8714B112,classic_bike,2026-08-03 18:34:25.527,2026-08-03 18:37:26.676,South Waterfront Walkway - Sinatra Dr & 1 St,HB103,2 St & Park Ave,HB608,40.73698221818716,-74.02778059244156,40.73915272763701,-74.0330819785595,member
B90674C188F44159,electric_bike,2026-08-03 18:34:25.558,2026-08-03 18:38:47.476,Grove St PATH,JC115,Hamilton Park,JC009,40.71941,-74.04309,40.727595966,-74.044247311,member
290798BEDBCF70B8,electric_bike,2026-08-03 18:34:41.522,2026-08-03 18:38:48.915,River St & 1 St,HB609,12 St & Sinatra Dr N,HB201,40.73721535335381,-74.02886540972803,40.750604142368964,-74.02402013540268,member
90D6CCCE7DB8EC08,electric_bike,2026-08-03 18:35:07.067,2026-08-03 18:41:22.736,South Waterfront Walkway - Sinatra Dr & 1 St,HB103,7 St & Monroe St,HB304,40.73698221818716,-74.02778059244156,40.74641264837719,-74.03797701001167,member
CC309F27FF167863,electric_bike,2026-08-03 18:37:08.353,2026-08-03 18:40:47.282,Bergen Ave & Sip Ave,JC109,Glenwood Ave,JC094,40.73100888698729,-74.06443700194359,40.72755146730012,-74.07106071710587,member
A8E96EF6AA664B36,classic_bike,2026-08-03 18:37:16.494,2026-08-03 18:43:22.120,Hamilton Park,JC009,Manila & 1st,JC082,40.727595966,-74.044247311,40.721650724879986,-74.04288411140442,member
1BA5463F550A71A2,classic_bike,2026-08-03 18:37:51.044,2026-08-03 18:44:22.542,South Waterfront Walkway - Sinatra Dr & 1 St,HB103,Clinton St & 7 St,HB303,40.73698221818716,-74.02778059244156,40.74542,-74.03332,member
37AA664554BCE558,classic_bike,2026-08-03 18:38:23.290,2026-08-03 18:45:38.911,South Waterfront Walkway - Sinatra Dr & 1 St,HB103,11 St & Washington St,HB502,40.73698221818716,-74.02778059244156,40.74998490907138,-74.02715027332306,member
E72E70144B549410,electric_bike,2026-08-03 18:38:23.564,2026-08-03 18:42:50.320,Grove St PATH,JC115,Grand St,JC102,40.71941,-74.04309,40.71517767732029,-74.03768330812454,member
30260B31FC7824D3,classic_bike,2026-08-03 18:43:08.655,2026-08-03 18:50:54.919,South Waterfront Walkway - Sinatra Dr & 1 St,HB103,14 St Ferry - 14 St & Shipyard Ln,HB202,40.73698221818716,-74.02778059244156,40.752960630464955,-74.02435272932053,member
6D01AFC38ACE1DFA,classic_bike,2026-08-03 18:44:03.130,2026-08-03 18:54:27.741,South Waterfront Walkway - Sinatra Dr & 1 St,HB103,Bloomfield St & 15 St,HB203,40.73698221818716,-74.02778059244156,40.75453,-74.02658,member
70C0FAA1527A1377,electric_bike,2026-08-03 18:44:35.289,2026-08-03 18:50:23.943,Bergen Ave & Sip Ave,JC109,Lincoln Park,JC053,40.73100888698729,-74.06443700194359,40.7246050998869,-74.07840594649315,member
5426E2C54B02AD9C,classic_bike,2026-08-03 18:44:50.637,2026-08-03 18:57:48.787,Grove St PATH,JC115,Arlington Ave & Bramhall Ave,JC120,40.71941,-74.04309,40.713225,-74.070645,member
50E1F7ADA20717DC,electric_bike,2026-08-03 18:45:47.203,2026-08-03 18:53:36.349,Bergen Ave & Sip Ave,JC109,Astor Place,JC077,40.73100888698729,-74.06443700194359,40.71928220070702,-74.07126188278198,member
F4FAA9F938212AAE,classic_bike,2026-08-03 18:46:12.517,2026-08-03 18:49:34.355,Grove St PATH,JC115,JC Medical Center,JC110,40.71941,-74.04309,40.71539114317,-74.04969155788422,member
A0A7075CAB455F61,classic_bike,2026-08-03 18:46:32.679,2026-08-03 18:51:31.521,Grove St PATH,JC115,Brunswick & 6th,JC081,40.71941,-74.04309,40.72601172964625,-74.05038893222809,member
496B909F11153BC4,electric_bike,2026-08-03 18:50:18.510,2026-08-03 19:00:49.053,Bergen Ave & Sip Ave,JC109,Mallory Ave & Roosevelt Ave,JC145,40.73100888698729,-74.06443700194359,40.72203,-74.08596,casual
463198EB8AA267FF,classic_bike,2026-08-03 18:50:25.046,2026-08-03 18:55:10.083,South Waterfront Walkway - Sinatra Dr & 1 St,HB103,Adams St & 2 St,HB407,40.73698221818716,-74.02778059244156,40.73981372311843,-74.03690412640572,member
89E84AFB6EF8DCBB,electric_bike,2026-08-03 18:50:50.269,2026-08-03 18:56:23.152,River St & 1 St,HB609,12 St & Sinatra Dr N,HB201,40.73721535335381,-74.02886540972803,40.750604142368964,-74.02402013540268,member
354CD19271CDA2A3,electric_bike,2026-08-03 18:51:32.287,2026-08-03 18:56:36.861,Bergen Ave & Sip Ave,JC109,Bergen Ave,JC095,40.73100888698729,-74.06443700194359,40.722103786686034,-74.07145500183105,member
C92FF9A430C901A8,electric_bike,2026-08-03 18:53:36.152,2026-08-03 19:04:21.035,River St & 1 St,HB609,Oakland Ave,JC022,40.73721535335381,-74.02886540972803,40.7376037,-74.0524783,member
BF498FB4482E593C,electric_bike,2026-08-03 18:57:44.055,2026-08-03 19:01:35.929,Hudson Pl & Hoboken Terminal,HB107,2 St & Park Ave,HB608,40.73579286776364,-74.02837457573912,40.73915272763701,-74.0330819785595,member
FB9F7B32D4B5CB52,classic_bike,2026-08-03 18:58:40.686,2026-08-03 19:02:47.200,River St & 1 St,HB609,4 St & Grand St,HB301,40.73721535335381,-74.02886540972803,40.7422579775645,-74.03511106967926,member
2237B1B69E7F9CA8,electric_bike,2026-08-03 18:59:01.674,2026-08-03 19:06:51.162,River St & 1 St,HB609,11 St & Washington St,HB502,40.73721535335381,-74.02886540972803,40.74998490907138,-74.02715027332306,member
46D9904D3EC7790B,classic_bike,2026-08-03 18:59:33.429,2026-08-03 19:01:57.552,South Waterfront Walkway - Sinatra Dr & 1 St,HB103,4 St & River St,HB611,40.73698221818716,-74.02778059244156,40.7408139,-74.0274062,member
EBBC56F527C53702,classic_bike,2026-08-03 19:00:43.709,2026-08-03 19:09:28.962,South Waterfront Walkway - Sinatra Dr & 1 St,HB103,14 St Ferry - 14 St & Shipyard Ln,HB202,40.73698221818716,-74.02778059244156,40.752960630464955,-74.02435272932053,member
EA1EBF8DB5D681BD,classic_bike,2026-08-03 19:02:25.068,2026-08-03 19:09:49.260,South Waterfront Walkway - Sinatra Dr & 1 St,HB103,12 St & Sinatra Dr N,HB201,40.73698221818716,-74.02778059244156,40.750604142368964,-74.02402013540268,member
12CC3D447E3EADA9,classic_bike,2026-08-03 19:02:59.537,2026-08-03 19:20:01.617,South Waterfront Walkway - Sinatra Dr & 1 St,HB103,8 St & Washington St,HB603,40.73698221818716,-74.02778059244156,40.745983882915624,-74.02819901704788,casual
2DE6763C8AEC5ABF,classic_bike,2026-08-03 19:03:13.539,2026-08-03 19:20:08.091,South Waterfront Walkway - Sinatra Dr & 1 St,HB103,8 St & Washington St,HB603,40.73698221818716,-74.02778059244156,40.745983882915624,-74.02819901704788,casual
7B44799017500948,electric_bike,2026-08-03 19:05:44.589,2026-08-03 19:16:52.020,Grove St PATH,JC115,Arlington Ave & Bramhall Ave,JC120,40.71941,-74.04309,40.713225,-74.070645,member
715579CB906C86CE,classic_bike,2026-08-03 19:06:56.398,2026-08-03 19:18:53.540,Bergen Ave & Sip Ave,JC109,Astor Place,JC077,40.73100888698729,-74.06443700194359,40.71928220070702,-74.07126188278198,member
9718C32CC88F42E3,classic_bike,2026-08-03 19:07:06.757,2026-08-03 19:10:57.049,Grove St PATH,JC115,Marin Light Rail,JC013,40.71941,-74.04309,40.71458403535893,-74.04281705617905,member
EC9EDAB0A3B1CCFB,classic_bike,2026-08-03 19:07:24.696,2026-08-03 19:15:15.638,Grove St PATH,JC115,Newport PATH,JC066,40.71941,-74.04309,40.7272235,-74.0337589,member
0973744E269CDDFD,electric_bike,2026-08-03 19:07:43.714,2026-08-03 19:21:36.675,Grove St PATH,JC115,Astor Place,JC077,40.71941,-74.04309,40.71928220070702,-74.07126188278198,member
E391C4E9B234E507,electric_bike,2026-08-03 19:08:21.751,2026-08-03 19:12:54.531,River St & 1 St,HB609,6 St & Grand St,HB302,40.73721535335381,-74.02886540972803,40.744397833095604,-74.03450086712837,member
246610015161FC9B,classic_bike,2026-08-03 19:08:52.304,2026-08-03 19:16:22.184,South Waterfront Walkway - Sinatra Dr & 1 St,HB103,Southwest Park - Jackson St & Observer Hwy,HB401,40.73698221818716,-74.02778059244156,40.73755127245804,-74.04166370630264,member
5E83C2EF1EFCC46D,classic_bike,2026-08-03 19:10:13.750,2026-08-03 19:15:32.930,South Waterfront Walkway - Sinatra Dr & 1 St,HB103,6 St & Grand St,HB302,40.73698221818716,-74.02778059244156,40.744397833095604,-74.03450086712837,member
9B9CDB8DF0B62180,classic_bike,2026-08-03 19:10:34.204,2026-08-03 19:18:07.893,River St & 1 St,HB609,Madison St & 10 St,HB503,40.73721535335381,-74.02886540972803,40.74994325412246,-74.03586477041245,member
1FCD9D4818344314,electric_bike,2026-08-03 19:11:25.351,2026-08-03 19:14:16.762,Bergen Ave & Sip Ave,JC109,McGinley Square,JC055,40.73100888698729,-74.06443700194359,40.7253399253558,-74.06762212514877,member
D1E45A7F3A0BFBD1,classic_bike,2026-08-03 19:13:41.270,2026-08-03 19:23:13.680,River St & 1 St,HB609,Hoboken Ave at Monmouth St,JC105,40.73721535335381,-74.02886540972803,40.73520838045357,-74.04696375131607,member
3CE4233E0CB483E8,electric_bike,2026-08-03 19:14:41.247,2026-08-03 19:17:25.906,Hamilton Park,JC009,Newark Ave,JC032,40.727595966,-74.044247311,40.72152515,-74.046304543,member
5901709D2E675540,electric_bike,2026-08-03 19:17:26.860,2026-08-03 19:22:05.313,Bergen Ave & Sip Ave,JC109,Fairmount Ave,JC093,40.73100888698729,-74.06443700194359,40.72572613742557,-74.07195925712585,member
E8CC8B21877002C1,classic_bike,2026-08-03 19:17:45.215,2026-08-03 19:22:26.488,Grove St PATH,JC115,JC Medical Center,JC110,40.71941,-74.04309,40.71539114317,-74.04969155788422,member
BF3D47F18AD04F4F,classic_bike,2026-08-03 19:18:08.731,2026-08-03 19:21:11.503,Grove St PATH,JC115,Marin Light Rail,JC013,40.71941,-74.04309,40.71458403535893,-74.04281705617905,member
029622FBFC419A19,classic_bike,2026-08-03 19:18:29.147,2026-08-03 19:25:01.009,Grove St PATH,JC115,Monmouth & 6th,JC075,40.71941,-74.04309,40.72568548362901,-74.04879033565521,member
913EEF1868239170,electric_bike,2026-08-03 19:19:15.894,2026-08-03 19:25:10.570,River St & 1 St,HB609,14 St Ferry - 14 St & Shipyard Ln,HB202,40.73721535335381,-74.02886540972803,40.752960630464955,-74.02435272932053,casual
7E79B11AA70EBF7F,electric_bike,2026-08-03 19:21:10.102,2026-08-03 19:29:49.986,Grove St PATH,JC115,Baldwin at Montgomery,JC020,40.71941,-74.04309,40.7236589,-74.0641943,casual
15A5F7683B400B88,classic_bike,2026-08-03 19:22:16.888,2026-08-03 19:27:54.824,Grove St PATH,JC115,York St & Marin Blvd,JC097,40.71941,-74.04309,40.716615000830494,-74.0424120426178,member
709278553E01C629,electric_bike,2026-08-03 19:22:17.506,2026-08-03 19:28:09.809,Hamilton Park,JC009,Grove St PATH,JC115,40.727595966,-74.044247311,40.71941,-74.04309,member
81FECAFE95EBB495,electric_bike,2026-08-03 19:22:41.270,2026-08-03 19:28:16.968,Hamilton Park,JC009,Grove St PATH,JC115,40.727595966,-74.044247311,40.71941,-74.04309,member
67597A1A83F3C239,electric_bike,2026-08-03 19:23:17.911,2026-08-03 19:26:44.085,Bergen Ave & Sip Ave,JC109,Fairmount Ave,JC093,40.73100888698729,-74.06443700194359,40.72572613742557,-74.07195925712585,member
CBF669F65793D36F,classic_bike,2026-08-03 19:23:33.927,2026-08-03 19:26:10.998,Bergen Ave & Sip Ave,JC109,Journal Square,JC103,40.73100888698729,-74.06443700194359,40.73367,-74.0625,member
5B6EC5363767F5F8,electric_bike,2026-08-03 19:23:49.391,2026-08-03 19:38:20.662,Hamilton Park,JC009,Mallory Ave & Roosevelt Ave,JC145,40.727595966,-74.044247311,40.72203,-74.08596,casual
F935C0C4BED361D7,electric_bike,2026-08-03 19:24:19.736,2026-08-03 19:27:46.801,Grove St PATH,JC115,Warren St,JC006,40.71941,-74.04309,40.7211236,-74.03805095,member
ADDE4B083537644F,electric_bike,2026-08-03 19:26:23.205,2026-08-03 19:34:14.817,River St & 1 St,HB609,7 St & Monroe St,HB304,40.73721535335381,-74.02886540972803,40.74641264837719,-74.03797701001167,casual
A30B044346221D4E,electric_bike,2026-08-03 19:34:28.937,2026-08-03 19:38:14.686,Bergen Ave & Sip Ave,JC109,Bergen Ave,JC095,40.73100888698729,-74.06443700194359,40.722103786686034,-74.07145500183105,member
D701D9BFDC1C79A6,classic_bike,2026-08-03 19:34:40.264,2026-08-03 19:45:36.926,Grove St PATH,JC115,Communipaw & Berry Lane,JC084,40.71941,-74.04309,40.71435836870427,-74.06661093235016,member
5FACC196C64F9737,electric_bike,2026-08-03 19:35:17.040,2026-08-03 19:38:51.973,River St & 1 St,HB609,4 St & Grand St,HB301,40.73721535335381,-74.02886540972803,40.7422579775645,-74.03511106967926,member
E094AB9D48579F49,electric_bike,2026-08-03 19:36:58.708,2026-08-03 19:52:50.348,Grove St PATH,JC115,Riverview Park,JC057,40.71941,-74.04309,40.7443187,-74.0439909,casual
CEE97B175A886B31,electric_bike,2026-08-03 19:37:11.857,2026-08-03 19:42:10.794,Grove St PATH,JC115,Hamilton Park,JC009,40.71941,-74.04309,40.727595966,-74.044247311,member
B361D2BB3C381C0A,electric_bike,2026-08-03 19:39:11.281,2026-08-03 19:41:57.687,River St & 1 St,HB609,4 St & Grand St,HB301,40.73721535335381,-74.02886540972803,40.7422579775645,-74.03511106967926,casual
63FA76B9FAE3FA4D,classic_bike,2026-08-03 19:41:10.996,2026-08-03 19:50:40.180,River St & 1 St,HB609,Adams St & 12 St,HB610,40.73721535335381,-74.02886540972803,40.751889392240685,-74.03329162748534,member
C5F9B53489B2F3A9,electric_bike,2026-08-03 19:46:12.688,2026-08-03 19:50:42.215,River St & 1 St,HB609,Columbus Park - Clinton St & 9 St,HB501,40.73721535335381,-74.02886540972803,40.74816121065146,-74.0324530005455,member
F294B005F860EE50,classic_bike,2026-08-03 19:46:56.009,2026-08-03 19:53:55.972,River St & 1 St,HB609,Mama Johnson Field - 4 St & Jackson St,HB404,40.73721535335381,-74.02886540972803,40.74313993965626,-74.04004096984863,member
900EB8523C2AD116,electric_bike,2026-08-03 19:47:52.114,2026-08-03 19:53:02.268,River St & 1 St,HB609,Madison St & 10 St,HB503,40.73721535335381,-74.02886540972803,40.74994325412246,-74.03586477041245,member
79251044719200C2,electric_bike,2026-08-03 19:49:59.796,2026-08-03 19:56:34.538,Hudson Pl & Hoboken Terminal,HB107,14 St Ferry - 14 St & Shipyard Ln,HB202,40.73579286776364,-74.02837457573912,40.752960630464955,-74.02435272932053,casual
7B16C333DE64CB5C,electric_bike,2026-08-03 19:50:04.357,2026-08-03 20:06:01.731,Hamilton Park,JC009,Columbus Park - Clinton St & 9 St,HB501,40.727595966,-74.044247311,40.74816121065146,-74.0324530005455,casual
04900DC15A0A1A71,electric_bike,2026-08-03 19:53:07.321,2026-08-03 19:56:03.582,Grove St PATH,JC115,JC Medical Center,JC110,40.71941,-74.04309,40.71539114317,-74.04969155788422,member
8DEAA98E4C4E2EE8,electric_bike,2026-08-03 19:53:12.795,2026-08-03 19:55:30.389,Grove St PATH,JC115,Van Vorst Park,JC035,40.71941,-74.04309,40.71848892,-74.047726625,member
D1239AC1C31BD817,classic_bike,2026-08-03 19:56:55.176,2026-08-03 20:07:21.137,Grove St PATH,JC115,Dr. Lena Edwards Park,JC117,40.71941,-74.04309,40.713203,-74.058261,member
53A9B6E735FA8DFA,electric_bike,2026-08-03 19:57:32.760,2026-08-03 20:03:26.369,River St & 1 St,HB609,14 St Ferry - 14 St & Shipyard Ln,HB202,40.73721535335381,-74.02886540972803,40.752960630464955,-74.02435272932053,member
5F523E78497B4683,classic_bike,2026-08-03 19:57:38.368,2026-08-03 20:02:36.643,Grove St PATH,JC115,Hamilton Park,JC009,40.71941,-74.04309,40.727595966,-74.044247311,member
4361BB356E654D2A,classic_bike,2026-08-03 19:59:14.179,2026-08-03 20:05:35.726,Grove St PATH,JC115,Brunswick St,JC023,40.71941,-74.04309,40.7241765,-74.0506564,member
E0B0B812B24EA8D5,electric_bike,2026-08-03 19:59:26.095,2026-08-03 20:04:34.134,River St & 1 St,HB609,Columbus Park - Clinton St & 9 St,HB501,40.73721535335381,-74.02886540972803,40.74816121065146,-74.0324530005455,casual
220A0C7CD825EA0B,classic_bike,2026-08-03 20:01:16.630,2026-08-03 20:07:38.857,River St & 1 St,HB609,12 St & Sinatra Dr N,HB201,40.73721535335381,-74.02886540972803,40.750604142368964,-74.02402013540268,member
A3BA7C92C32338AF,classic_bike,2026-08-03 20:02:09.794,2026-08-03 20:06:02.257,Grove St PATH,JC115,JC Medical Center,JC110,40.71941,-74.04309,40.71539114317,-74.04969155788422,member
FBF2643DF948B3BE,classic_bike,2026-08-03 20:04:16.266,2026-08-03 20:07:14.745,Grove St PATH,JC115,Van Vorst Park,JC035,40.71941,-74.04309,40.71848892,-74.047726625,member
3DBAC979C962FE0F,classic_bike,2026-08-03 20:07:06.122,2026-08-03 20:11:13.992,Grove St PATH,JC115,Dixon Mills,JC076,40.71941,-74.04309,40.721630142638354,-74.04996782541275,member
51F190FC808AE011,classic_bike,2026-08-03 20:09:55.197,2026-08-03 20:13:59.132,Grove St PATH,JC115,Marin Light Rail,JC013,40.71941,-74.04309,40.71458403535893,-74.04281705617905,member
EE8DA8C35C4CADAB,classic_bike,2026-08-03 20:18:53.376,2026-08-03 20:23:38.916,Grove St PATH,JC115,Monmouth & 6th,JC075,40.71941,-74.04309,40.72568548362901,-74.04879033565521,member
7F2BB45B8BB7F3C6,classic_bike,2026-08-03 20:19:34.716,2026-08-03 20:21:44.909,Grove St PATH,JC115,York St & Marin Blvd,JC097,40.71941,-74.04309,40.716615000830494,-74.0424120426178,member
7EC2C846B4F759BF,classic_bike,2026-08-03 20:21:15.864,2026-08-03 20:26:05.358,South Waterfront Walkway - Sinatra Dr & 1 St,HB103,Adams St & 2 St,HB407,40.73698221818716,-74.02778059244156,40.73981372311843,-74.03690412640572,member
539DCEF364F00249,electric_bike,2026-08-03 20:26:50.616,2026-08-03 20:34:41.584,Grove St PATH,JC115,Jersey & 6th St,JC027,40.71941,-74.04309,40.72528910781132,-74.04557168483734,casual
2CDE12628241A17D,classic_bike,2026-08-03 20:27:52.755,2026-08-03 20:32:37.503,Grove St PATH,JC115,Marin Light Rail,JC013,40.71941,-74.04309,40.71458403535893,-74.04281705617905,member
887D7E6D4729763B,classic_bike,2026-08-03 20:37:11.421,2026-08-03 20:48:59.645,Grove St PATH,JC115,Communipaw & Berry Lane,JC084,40.71941,-74.04309,40.71435836870427,-74.06661093235016,member
84C5181D1BE19861,classic_bike,2026-08-03 20:41:10.304,2026-08-03 20:51:01.715,Hamilton Park,JC009,Newark St & Washington St,HB612,40.727595966,-74.044247311,40.73681,-74.0309,member
C800ABEAE288C4E8,classic_bike,2026-08-03 20:42:54.447,2026-08-03 21:00:52.741,Hamilton Park,JC009,Hamilton Park,JC009,40.727595966,-74.044247311,40.727595966,-74.044247311,member
8A4EAB72B899802C,electric_bike,2026-08-03 20:44:20.116,2026-08-03 20:57:23.135,Grove St PATH,JC115,Newark St & Washington St,HB612,40.71941,-74.04309,40.73681,-74.0309,casual
388D32FADAD29C87,electric_bike,2026-08-03 20:44:30.541,2026-08-03 20:54:16.704,Hamilton Park,JC009,Warren St,JC006,40.727595966,-74.044247311,40.7211236,-74.03805095,member
C43FE9AF55FEBC4A,classic_bike,2026-08-03 20:45:01.553,2026-08-03 20:46:44.080,Grove St PATH,JC115,Newark Ave,JC032,40.71941,-74.04309,40.72152515,-74.046304543,member
637BB2FB3E6D359F,electric_bike,2026-08-03 20:45:50.274,2026-08-03 20:48:00.793,Hamilton Park,JC009,Hamilton Park,JC009,40.727595966,-74.044247311,40.727595966,-74.044247311,casual
51EB2C557BA26014,electric_bike,2026-08-03 20:47:20.981,2026-08-03 20:52:38.015,South Waterfront Walkway - Sinatra Dr & 1 St,HB103,Clinton St & 7 St,HB303,40.73698221818716,-74.02778059244156,40.74542,-74.03332,member
EFC4C3B271B6E9A3,classic_bike,2026-08-03 21:02:38.883,2026-08-03 21:07:29.161,South Waterfront Walkway - Sinatra Dr & 1 St,HB103,Stevens - River Ter & 6 St,HB602,40.73698221818716,-74.02778059244156,40.74313282710551,-74.02698867022991,casual
0744DDA7F1ABF6AF,electric_bike,2026-08-03 21:02:58.744,2026-08-03 21:06:38.331,River St & 1 St,HB609,4 St & Grand St,HB301,40.73721535335381,-74.02886540972803,40.7422579775645,-74.03511106967926,member
7FDE88B352C7477F,classic_bike,2026-08-03 21:04:21.935,2026-08-03 21:11:20.944,Bergen Ave & Sip Ave,JC109,Fairmount Ave,JC093,40.73100888698729,-74.06443700194359,40.72572613742557,-74.07195925712585,casual
0244DD4837E558F8,classic_bike,2026-08-03 21:04:24.880,2026-08-03 21:06:42.615,Grove St PATH,JC115,Van Vorst Park,JC035,40.71941,-74.04309,40.71848892,-74.047726625,member
0BD2D1A2051A326E,classic_bike,2026-08-03 21:04:34.506,2026-08-03 21:06:20.115,Grove St PATH,JC115,Van Vorst Park,JC035,40.71941,-74.04309,40.71848892,-74.047726625,member
2EEF22F9C15371F2,electric_bike,2026-08-03 21:07:01.198,2026-08-03 21:16:43.023,Hamilton Park,JC009,Journal Square,JC103,40.727595966,-74.044247311,40.73367,-74.0625,member
8EDAC1DE3D5AEF4A,classic_bike,2026-08-03 21:14:07.366,2026-08-03 21:21:26.790,Grove St PATH,JC115,Brunswick & 6th,JC081,40.71941,-74.04309,40.72601172964625,-74.05038893222809,member
8594352B5DC75406,electric_bike,2026-08-03 21:21:47.476,2026-08-03 21:30:00.196,River St & 1 St,HB609,Riverview Park,JC057,40.73721535335381,-74.02886540972803,40.7443187,-74.0439909,member
6276C690BFDA2462,classic_bike,2026-08-03 21:26:22.599,2026-08-03 21:30:32.114,Grove St PATH,JC115,Jersey & 6th St,JC027,40.71941,-74.04309,40.72528910781132,-74.04557168483734,member
F8EF8E9EA8F95FF7,classic_bike,2026-08-03 21:26:25.875,2026-08-03 21:31:03.772,Grove St PATH,JC115,JC Medical Center,JC110,40.71941,-74.04309,40.71539114317,-74.04969155788422,member
7C3661A3EDC4896C,electric_bike,2026-08-03 21:27:42.374,2026-08-03 21:37:57.499,River St & 1 St,HB609,Heights Elevator,JC059,40.73721535335381,-74.02886540972803,40.748715945380226,-74.04044330120087,member
CEDB75B491BBAC05,classic_bike,2026-08-03 21:32:05.429,2026-08-03 22:08:34.422,River St & 1 St,HB609,River St & 1 St,HB609,40.73721535335381,-74.02886540972803,40.73721535335381,-74.02886540972803,casual
3F23885641519C5E,electric_bike,2026-08-03 21:34:30.701,2026-08-03 21:40:01.353,Bergen Ave & Sip Ave,JC109,Bergen Ave,JC095,40.73100888698729,-74.06443700194359,40.722103786686034,-74.07145500183105,member
040A3C300763DA7F,classic_bike,2026-08-03 21:34:44.146,2026-08-03 22:08:36.423,River St & 1 St,HB609,River St & 1 St,HB609,40.73721535335381,-74.02886540972803,40.73721535335381,-74.02886540972803,casual
7F5D2F1E5E9649E8,classic_bike,2026-08-03 21:34:52.308,2026-08-03 21:48:09.910,Grove St PATH,JC115,Arlington Ave & Bramhall Ave,JC120,40.71941,-74.04309,40.713225,-74.070645,casual
3C58C8D3BECE95A1,electric_bike,2026-08-03 21:35:53.463,2026-08-03 21:42:48.742,Hamilton Park,JC009,5 Corners Library,JC018,40.727595966,-74.044247311,40.734961020009514,-74.0595030784607,member
5DCC3F1661C61ECE,electric_bike,2026-08-03 21:41:31.483,2026-08-03 21:49:43.357,Grove St PATH,JC115,Fairmount Ave,JC093,40.71941,-74.04309,40.72572613742557,-74.07195925712585,member
451DF1B1DD7D2536,classic_bike,2026-08-03 21:47:00.100,2026-08-03 22:01:16.443,Hamilton Park,JC009,Hamilton Park,JC009,40.727595966,-74.044247311,40.727595966,-74.044247311,casual
17E913D85C6A6505,electric_bike,2026-08-03 21:51:24.701,2026-08-03 21:54:48.803,River St & 1 St,HB609,4 St & Grand St,HB301,40.73721535335381,-74.02886540972803,40.7422579775645,-74.03511106967926,member
BC2453BB2452715C,classic_bike,2026-08-03 21:55:09.904,2026-08-03 21:59:45.612,Grove St PATH,JC115,JC Medical Center,JC110,40.71941,-74.04309,40.71539114317,-74.04969155788422,member
8B81540301C65896,classic_bike,2026-08-03 21:57:00.304,2026-08-03 21:58:32.646,Grove St PATH,JC115,Manila & 1st,JC082,40.71941,-74.04309,40.721650724879986,-74.04288411140442,member
E2144EC6E0DE8FC4,classic_bike,2026-08-03 21:57:13.805,2026-08-03 22:00:19.465,Grove St PATH,JC115,Jersey & 3rd,JC074,40.71941,-74.04309,40.72333158646436,-74.04595255851744,member
9BE1FE51EA2191B6,classic_bike,2026-08-03 21:58:37.264,2026-08-03 22:06:39.727,River St & 1 St,HB609,14 St Ferry - 14 St & Shipyard Ln,HB202,40.73721535335381,-74.02886540972803,40.752960630464955,-74.02435272932053,casual
B6025A964801117A,electric_bike,2026-08-03 21:59:25.429,2026-08-03 22:07:51.356,River St & 1 St,HB609,Madison St & 10 St,HB503,40.73721535335381,-74.02886540972803,40.74994325412246,-74.03586477041245,casual
AF9200EA5446CA80,classic_bike,2026-08-03 22:11:43.721,2026-08-03 22:16:49.844,Grove St PATH,JC115,Jersey & 6th St,JC027,40.71941,-74.04309,40.72528910781132,-74.04557168483734,member
A725C64B8AF384CB,classic_bike,2026-08-03 22:19:22.871,2026-08-03 22:23:55.438,River St & 1 St,HB609,8 St & Washington St,HB603,40.73721535335381,-74.02886540972803,40.745983882915624,-74.02819901704788,member
A3923CB6E7C6F4F3,electric_bike,2026-08-03 22:21:55.500,2026-08-03 22:25:22.783,River St & 1 St,HB609,8 St & Washington St,HB603,40.73721535335381,-74.02886540972803,40.745983882915624,-74.02819901704788,member
14C2509D607CEDF9,electric_bike,2026-08-03 22:36:44.183,2026-08-03 22:41:00.180,Bergen Ave & Sip Ave,JC109,Lincoln Park,JC053,40.73100888698729,-74.06443700194359,40.7246050998869,-74.07840594649315,member
7FDC8F2523F71F99,electric_bike,2026-08-03 22:37:05.073,2026-08-03 22:45:08.468,Hudson Pl & Hoboken Terminal,HB107,Oakland Ave,JC022,40.73579286776364,-74.02837457573912,40.7376037,-74.0524783,member
29E3A569C82B13CD,electric_bike,2026-08-03 22:39:15.304,2026-08-03 22:41:30.056,Hamilton Park,JC009,Manila & 1st,JC082,40.727595966,-74.044247311,40.721650724879986,-74.04288411140442,member
010FECCA49EADDBD,electric_bike,2026-08-03 22:45:56.535,2026-08-03 23:20:38.580,South Waterfront Walkway - Sinatra Dr & 1 St,HB103,South Waterfront Walkway - Sinatra Dr & 1 St,HB103,40.73698221818716,-74.02778059244156,40.73698221818716,-74.02778059244156,casual
16C9A8D4E38D9A05,electric_bike,2026-08-03 22:51:31.368,2026-08-03 23:46:29.348,South Waterfront Walkway - Sinatra Dr & 1 St,HB103,South Waterfront Walkway - Sinatra Dr & 1 St,HB103,40.73698221818716,-74.02778059244156,40.73698221818716,-74.02778059244156,casual
A7AD3E2D1ABBC07A,electric_bike,2026-08-03 22:59:48.081,2026-08-03 23:12:53.608,South Waterfront Walkway - Sinatra Dr & 1 St,HB103,York St & Marin Blvd,JC097,40.73698221818716,-74.02778059244156,40.716615000830494,-74.0424120426178,member
51EBB8AF5073D4F7,classic_bike,2026-08-03 23:06:50.313,2026-08-03 23:10:51.311,Grove St PATH,JC115,Dixon Mills,JC076,40.71941,-74.04309,40.721630142638354,-74.04996782541275,member
6925BAD614A9CDC3,classic_bike,2026-08-03 23:10:11.096,2026-08-03 23:16:43.718,River St & 1 St,HB609,7 St & Monroe St,HB304,40.73721535335381,-74.02886540972803,40.74641264837719,-74.03797701001167,member
997C885F90089A01,classic_bike,2026-08-03 23:28:22.102,2026-08-03 23:32:57.221,Grove St PATH,JC115,Montgomery St,JC099,40.71941,-74.04309,40.71942,-74.05099,member
7C9670DCD53CFFF4,electric_bike,2026-08-03 23:35:36.403,2026-08-03 23:40:05.607,South Waterfront Walkway - Sinatra Dr & 1 St,HB103,South Waterfront Walkway - Sinatra Dr & 1 St,HB103,40.73698221818716,-74.02778059244156,40.73698221818716,-74.02778059244156,member
DCCDD7DD843EC407,classic_bike,2026-08-03 23:55:58.186,2026-08-04 00:01:59.762,South Waterfront Walkway - Sinatra Dr & 1 St,HB103,8 St & Washington St,HB603,40.73698221818716,-74.02778059244156,40.745983882915624,-74.02819901704788,member
8EDB1CFF650FC86F,electric_bike,2026-08-04 00:14:39.166,2026-08-04 00:20:41.971,South Waterfront Walkway - Sinatra Dr & 1 St,HB103,Hoboken Ave at Monmouth St,JC105,40.73698221818716,-74.02778059244156,40.73520838045357,-74.04696375131607,member
121495B055537796,electric_bike,2026-08-04 00:14:45.021,2026-08-04 00:20:24.272,South Waterfront Walkway - Sinatra Dr & 1 St,HB103,Columbus Park - Clinton St & 9 St,HB501,40.73698221818716,-74.02778059244156,40.74816121065146,-74.0324530005455,casual
0DD0C42E3543C0FA,electric_bike,2026-08-04 00:15:21.949,2026-08-04 00:17:46.470,South Waterfront Walkway - Sinatra Dr & 1 St,HB103,Stevens - River Ter & 6 St,HB602,40.73698221818716,-74.02778059244156,40.74313282710551,-74.02698867022991,casual
CEF4DD276627D50E,electric_bike,2026-08-04 00:17:25.369,2026-08-04 00:26:29.602,South Waterfront Walkway - Sinatra Dr & 1 St,HB103,Southwest Park - Jackson St & Observer Hwy,HB401,40.73698221818716,-74.02778059244156,40.73755127245804,-74.04166370630264,member
596A9B326E1709E2,classic_bike,2026-08-04 00:23:21.543,2026-08-04 00:33:29.741,Grove St PATH,JC115,Monmouth & 6th,JC075,40.71941,-74.04309,40.72568548362901,-74.04879033565521,member
56AA5191B91760E9,classic_bike,2026-08-04 00:23:32.471,2026-08-04 00:28:17.249,Hamilton Park,JC009,Brunswick & 6th,JC081,40.727595966,-74.044247311,40.72601172964625,-74.05038893222809,member
200E3C0C8F3CE41B,classic_bike,2026-08-04 00:23:34.807,2026-08-04 00:29:44.334,Grove St PATH,JC115,Brunswick St,JC023,40.71941,-74.04309,40.7241765,-74.0506564,casual
9E4AAFFF836A2D47,classic_bike,2026-08-04 00:34:58.591,2026-08-04 00:40:31.207,Grove St PATH,JC115,Monmouth & 6th,JC075,40.71941,-74.04309,40.72568548362901,-74.04879033565521,casual
22A4968F1A9467D7,electric_bike,2026-08-04 00:46:59.272,2026-08-04 00:49:29.420,Bergen Ave & Sip Ave,JC109,McGinley Square,JC055,40.73100888698729,-74.06443700194359,40.7253399253558,-74.06762212514877,member
B9E2C475AAF5B846,electric_bike,2026-08-04 01:31:58.530,2026-08-04 01:34:47.411,Bergen Ave & Sip Ave,JC109,Glenwood Ave,JC094,40.73100888698729,-74.06443700194359,40.72755146730012,-74.07106071710587,member
7F4EDB815D5F72E3,electric_bike,2026-08-04 01:52:35.549,2026-08-04 01:57:55.550,South Waterfront Walkway - Sinatra Dr & 1 St,HB103,11 St & Washington St,HB502,40.73698221818716,-74.02778059244156,40.74998490907138,-74.02715027332306,casual
D13D8E585AF57C95,classic_bike,2026-08-04 02:39:30.595,2026-08-04 02:43:42.112,Grove St PATH,JC115,Brunswick & 6th,JC081,40.71941,-74.04309,40.72601172964625,-74.05038893222809,member
EDECC2BA5FAB645D,electric_bike,2026-08-04 03:08:34.941,2026-08-04 03:21:14.867,South Waterfront Walkway - Sinatra Dr & 1 St,HB103,McGinley Square,JC055,40.73698221818716,-74.02778059244156,40.7253399253558,-74.06762212514877,member
80331D5DD364CB99,electric_bike,2026-08-04 04:45:43.139,2026-08-04 04:49:21.500,Bergen Ave & Sip Ave,JC109,Fairmount Ave,JC093,40.73100888698729,-74.06443700194359,40.72572613742557,-74.07195925712585,member
FEA888B2DB1BC303,classic_bike,2026-08-04 04:57:21.177,2026-08-04 05:21:37.250,Hamilton Park,JC009,Arlington Ave & Bramhall Ave,JC120,40.727595966,-74.044247311,40.713225,-74.070645,casual
8861401477B3511F,classic_bike,2026-08-04 05:05:12.403,2026-08-04 05:10:12.814,Hamilton Park,JC009,City Hall,JC003,40.727595966,-74.044247311,40.7177325,-74.043845,member
F88924C664262524,electric_bike,2026-08-04 05:12:37.587,2026-08-04 05:18:58.269,River St & 1 St,HB609,Newport PATH,JC066,40.73721535335381,-74.02886540972803,40.7272235,-74.0337589,member
A3E02FD73B60C35D,electric_bike,2026-08-04 06:02:46.380,2026-08-04 06:05:46.258,River St & 1 St,HB609,Madison St & 1 St,HB402,40.73721535335381,-74.02886540972803,40.73879,-74.0393,casual
D9DBAB395903075F,classic_bike,2026-08-04 06:11:17.580,2026-08-04 06:16:51.765,Grove St PATH,JC115,Morris Canal,JC072,40.71941,-74.04309,40.7124188237569,-74.03852552175522,member
CB6D81E559932EE3,electric_bike,2026-08-04 06:17:53.077,2026-08-04 06:22:12.919,Hamilton Park,JC009,Grove St PATH,JC115,40.727595966,-74.044247311,40.71941,-74.04309,casual
0281EEEACA37092E,electric_bike,2026-08-04 06:25:31.163,2026-08-04 06:29:48.815,River St & 1 St,HB609,Columbus Park - Clinton St & 9 St,HB501,40.73721535335381,-74.02886540972803,40.74816121065146,-74.0324530005455,casual
13A0277B889ED4FF,classic_bike,2026-08-04 06:28:48.889,2026-08-04 06:31:51.356,Grove St PATH,JC115,Van Vorst Park,JC035,40.71941,-74.04309,40.71848892,-74.047726625,member
407CA37E86DE426B,electric_bike,2026-08-04 06:37:42.703,2026-08-04 06:40:01.922,Hamilton Park,JC009,Brunswick & 6th,JC081,40.727595966,-74.044247311,40.72601172964625,-74.05038893222809,member
9883C4EF1B2B27C1,electric_bike,2026-08-04 06:38:37.938,2026-08-04 06:41:38.185,Hamilton Park,JC009,Grove St PATH,JC115,40.727595966,-74.044247311,40.71941,-74.04309,member
49A39B650A3D81BE,electric_bike,2026-08-04 06:38:39.790,2026-08-04 06:42:35.236,Grove St PATH,JC115,JC Medical Center,JC110,40.71941,-74.04309,40.71539114317,-74.04969155788422,member
A64D15BE8E876B44,electric_bike,2026-08-04 06:59:56.659,2026-08-04 07:04:00.735,Grove St PATH,JC115,Morris Canal,JC072,40.71941,-74.04309,40.7124188237569,-74.03852552175522,member
4F84D2C55DE719F7,electric_bike,2026-08-04 07:00:30.299,2026-08-04 07:07:08.181,Grove St PATH,JC115,Liberty Light Rail,JC052,40.71941,-74.04309,40.7112423,-74.0557013,member
2946396A05A3870F,electric_bike,2026-08-04 07:03:34.108,2026-08-04 07:12:16.641,South Waterfront Walkway - Sinatra Dr & 1 St,HB103,6 St & Grand St,HB302,40.73698221818716,-74.02778059244156,40.744397833095604,-74.03450086712837,member
9F352CB4945A8F3E,electric_bike,2026-08-04 07:04:00.175,2026-08-04 07:07:31.490,Bergen Ave & Sip Ave,JC109,Dey St,JC065,40.73100888698729,-74.06443700194359,40.737711,-74.066921,member
8F784334E2E05AE3,electric_bike,2026-08-04 07:04:14.599,2026-08-04 07:06:54.555,Hamilton Park,JC009,Manila & 1st,JC082,40.727595966,-74.044247311,40.721650724879986,-74.04288411140442,member
D8860950481D80AC,electric_bike,2026-08-04 07:06:03.480,2026-08-04 07:09:12.584,Hamilton Park,JC009,Manila & 1st,JC082,40.727595966,-74.044247311,40.721650724879986,-74.04288411140442,casual
589B593E24D5AA1F,classic_bike,2026-08-04 07:08:21.203,2026-08-04 07:10:29.914,Bergen Ave & Sip Ave,JC109,Journal Square,JC103,40.73100888698729,-74.06443700194359,40.73367,-74.0625,member
4131E4C42928E707,classic_bike,2026-08-04 07:08:34.386,2026-08-04 07:13:55.147,Bergen Ave & Sip Ave,JC109,Bergen Ave,JC095,40.73100888698729,-74.06443700194359,40.722103786686034,-74.07145500183105,member
D90BD309514C18AF,electric_bike,2026-08-04 07:09:22.549,2026-08-04 07:13:38.721,Grove St PATH,JC115,Washington St & Morgan St,JC149,40.71941,-74.04309,40.719445793042716,-74.03689158686865,member
4E7390664E7EF8AF,electric_bike,2026-08-04 07:15:52.268,2026-08-04 07:21:17.959,Hamilton Park,JC009,Newport PATH,JC066,40.727595966,-74.044247311,40.7272235,-74.0337589,member
0B5417F2A7987C40,electric_bike,2026-08-04 07:16:53.860,2026-08-04 07:19:03.599,Bergen Ave & Sip Ave,JC109,Journal Square,JC103,40.73100888698729,-74.06443700194359,40.73367,-74.0625,member
0C896C0E9E1ABED3,classic_bike,2026-08-04 07:17:20.075,2026-08-04 07:26:06.492,South Waterfront Walkway - Sinatra Dr & 1 St,HB103,Clinton St & 7 St,HB303,40.73698221818716,-74.02778059244156,40.74542,-74.03332,member
109CF4E5E1E623AD,classic_bike,2026-08-04 07:26:18.508,2026-08-04 07:28:46.504,Bergen Ave & Sip Ave,JC109,Journal Square,JC103,40.73100888698729,-74.06443700194359,40.73367,-74.0625,member
758CF6CD953004A3,electric_bike,2026-08-04 07:32:03.476,2026-08-04 07:36:06.780,Hamilton Park,JC009,Grove St PATH,JC115,40.727595966,-74.044247311,40.71941,-74.04309,casual
F43E955C26081BA1,classic_bike,2026-08-04 07:35:09.683,2026-08-04 07:40:11.702,Bergen Ave & Sip Ave,JC109,Hilltop,JC019,40.73100888698729,-74.06443700194359,40.7311689,-74.0575736,member
9783A687D9563A48,classic_bike,2026-08-04 07:35:49.497,2026-08-04 07:48:09.204,Hudson Pl & Hoboken Terminal,HB107,12 St & Sinatra Dr N,HB201,40.73579286776364,-74.02837457573912,40.750604142368964,-74.02402013540268,casual
39B7DAB43582BDCB,classic_bike,2026-08-04 07:36:14.521,2026-08-04 07:47:57.677,Hudson Pl & Hoboken Terminal,HB107,12 St & Sinatra Dr N,HB201,40.73579286776364,-74.02837457573912,40.750604142368964,-74.02402013540268,casual
2FCF7AC8E6877C72,electric_bike,2026-08-04 07:37:20.245,2026-08-04 07:39:47.360,Hamilton Park,JC009,Manila & 1st,JC082,40.727595966,-74.044247311,40.721650724879986,-74.04288411140442,member
DF9B4177773DA6C6,classic_bike,2026-08-04 07:40:44.020,2026-08-04 07:47:07.277,Hamilton Park,JC009,Newport PATH,JC066,40.727595966,-74.044247311,40.7272235,-74.0337589,member
01BF8224D76FD37F,classic_bike,2026-08-04 07:49:23.789,2026-08-04 07:53:59.276,Grove St PATH,JC115,Montgomery St,JC099,40.71941,-74.04309,40.71942,-74.05099,member
7392284DBE0D2BB9,electric_bike,2026-08-04 07:49:54.402,2026-08-04 07:52:45.668,Grove St PATH,JC115,JC Medical Center,JC110,40.71941,-74.04309,40.71539114317,-74.04969155788422,member
44FD475749FD78E5,electric_bike,2026-08-04 07:51:07.078,2026-08-04 07:56:03.828,Hamilton Park,JC009,Newport Pkwy,JC008,40.727595966,-74.044247311,40.7287448,-74.0321082,member
65055637245C5850,electric_bike,2026-08-04 07:52:26.033,2026-08-04 07:57:45.742,Hamilton Park,JC009,JC Medical Center,JC110,40.727595966,-74.044247311,40.71539114317,-74.04969155788422,member
F44124C05C5F6FBA,classic_bike,2026-08-04 07:55:14.626,2026-08-04 07:58:38.905,River St & 1 St,HB609,Adams St & 2 St,HB407,40.73721535335381,-74.02886540972803,40.73981372311843,-74.03690412640572,member
D2D307024708F2D6,electric_bike,2026-08-04 07:55:44.483,2026-08-04 07:58:16.410,River St & 1 St,HB609,Stevens - River Ter & 6 St,HB602,40.73721535335381,-74.02886540972803,40.74313282710551,-74.02698867022991,member
5D8837E881C417AB,classic_bike,2026-08-04 07:58:27.751,2026-08-04 08:02:17.304,Grove St PATH,JC115,Dixon Mills,JC076,40.71941,-74.04309,40.721630142638354,-74.04996782541275,member
84D91FD26A89BFD8,classic_bike,2026-08-04 07:59:51.364,2026-08-04 08:05:30.828,Hamilton Park,JC009,Washington St,JC098,40.727595966,-74.044247311,40.7242941,-74.0354826,member
E774D002C7254E19,electric_bike,2026-08-04 08:05:49.963,2026-08-04 08:09:53.984,River St & 1 St,HB609,Church Sq Park - 5 St & Park Ave,HB601,40.73721535335381,-74.02886540972803,40.74265933273143,-74.03223305940628,member
9BC729E72B05B37B,electric_bike,2026-08-04 08:06:30.729,2026-08-04 08:13:45.758,River St & 1 St,HB609,Adams St & 12 St,HB610,40.73721535335381,-74.02886540972803,40.751889392240685,-74.03329162748534,member
4A549834692A9C7F,classic_bike,2026-08-04 08:06:53.598,2026-08-04 08:12:37.291,Grove St PATH,JC115,Morris Canal,JC072,40.71941,-74.04309,40.7124188237569,-74.03852552175522,member
1B97E381601F46EC,classic_bike,2026-08-04 08:07:07.707,2026-08-04 08:14:30.092,Hamilton Park,JC009,JC Medical Center,JC110,40.727595966,-74.044247311,40.71539114317,-74.04969155788422,casual
1631BD633DD7FCC6,classic_bike,2026-08-04 08:11:55.355,2026-08-04 08:17:19.073,Hamilton Park,JC009,Grove St PATH,JC115,40.727595966,-74.044247311,40.71941,-74.04309,casual
1BCF78EC12117CB7,electric_bike,2026-08-04 08:17:33.283,2026-08-04 08:24:46.660,South Waterfront Walkway - Sinatra Dr & 1 St,HB103,12 St & Sinatra Dr N,HB201,40.73698221818716,-74.02778059244156,40.750604142368964,-74.02402013540268,member
0B46A7EF7B74BEDA,electric_bike,2026-08-04 08:18:25.930,2026-08-04 08:34:05.626,River St & 1 St,HB609,McGinley Square,JC055,40.73721535335381,-74.02886540972803,40.7253399253558,-74.06762212514877,member
428A20386E9CD3B0,electric_bike,2026-08-04 08:19:07.063,2026-08-04 08:25:17.011,Bergen Ave & Sip Ave,JC109,Union St & Bergen Ave,JC122,40.73100888698729,-74.06443700194359,40.71575,-74.07887,member
23EB0A5565CCBA80,classic_bike,2026-08-04 08:20:03.075,2026-08-04 08:25:44.466,Hamilton Park,JC009,Washington St,JC098,40.727595966,-74.044247311,40.7242941,-74.0354826,member
0BBAA4FF2CFFA837,classic_bike,2026-08-04 08:20:16.186,2026-08-04 08:30:21.084,Hamilton Park,JC009,Newport Pkwy,JC008,40.727595966,-74.044247311,40.7287448,-74.0321082,casual
A4FF5E2CE8C7B689,electric_bike,2026-08-04 08:21:35.038,2026-08-04 08:34:25.031,River St & 1 St,HB609,14 St Ferry - 14 St & Shipyard Ln,HB202,40.73721535335381,-74.02886540972803,40.752960630464955,-74.02435272932053,member
6A5F4FACBBAF7A0D,electric_bike,2026-08-04 08:23:10.801,2026-08-04 08:27:08.829,South Waterfront Walkway - Sinatra Dr & 1 St,HB103,Church Sq Park - 5 St & Park Ave,HB601,40.73698221818716,-74.02778059244156,40.74265933273143,-74.03223305940628,member
8FC6B2E4102D5396,classic_bike,2026-08-04 08:24:55.903,2026-08-04 08:30:21.163,Hamilton Park,JC009,Van Vorst Park,JC035,40.727595966,-74.044247311,40.71848892,-74.047726625,member
C086B574022FF521,classic_bike,2026-08-04 08:25:37.528,2026-08-04 08:32:26.734,Hudson Pl & Hoboken Terminal,HB107,4 St & Grand St,HB301,40.73579286776364,-74.02837457573912,40.7422579775645,-74.03511106967926,member
A3FF4DB709E5BC6A,classic_bike,2026-08-04 08:26:23.539,2026-08-04 08:40:39.344,Bergen Ave & Sip Ave,JC109,Washington St,JC098,40.73100888698729,-74.06443700194359,40.7242941,-74.0354826,member
70B65FCA59198B8A,electric_bike,2026-08-04 08:26:46.270,2026-08-04 08:34:56.085,South Waterfront Walkway - Sinatra Dr & 1 St,HB103,Adams St & 12 St,HB610,40.73698221818716,-74.02778059244156,40.751889392240685,-74.03329162748534,member
8435F2DA74F2AD44,classic_bike,2026-08-04 08:27:54.449,2026-08-04 08:37:21.535,Hamilton Park,JC009,Exchange Pl,JC116,40.727595966,-74.044247311,40.71636596185077,-74.034343957901,member
85F939E9F72B4F78,classic_bike,2026-08-04 08:31:49.600,2026-08-04 08:45:50.196,Hamilton Park,JC009,4 St & River St,HB611,40.727595966,-74.044247311,40.7408139,-74.0274062,member
3FE4D7D10998E7E5,electric_bike,2026-08-04 08:37:23.296,2026-08-04 08:42:20.692,River St & 1 St,HB609,Southwest Park - Jackson St & Observer Hwy,HB401,40.73721535335381,-74.02886540972803,40.73755127245804,-74.04166370630264,member
D13A169C4F442B8A,electric_bike,2026-08-04 08:37:37.236,2026-08-04 08:44:11.973,Hudson Pl & Hoboken Terminal,HB107,12 St & Sinatra Dr N,HB201,40.73579286776364,-74.02837457573912,40.750604142368964,-74.02402013540268,casual
AA40CC0B1E9729CC,classic_bike,2026-08-04 08:40:27.733,2026-08-04 08:52:29.778,Hamilton Park,JC009,Hudson Pl & Hoboken Terminal,HB107,40.727595966,-74.044247311,40.73579286776364,-74.02837457573912,member
52BFE4CFA493F67D,electric_bike,2026-08-04 08:42:09.937,2026-08-04 08:45:50.597,Grove St PATH,JC115,Brunswick & 6th,JC081,40.71941,-74.04309,40.72601172964625,-74.05038893222809,member
D36CE25A39E8D9BE,classic_bike,2026-08-04 08:44:11.435,2026-08-04 09:01:07.753,Bergen Ave & Sip Ave,JC109,Columbus Drive,JC014,40.73100888698729,-74.06443700194359,40.71835519823214,-74.03891444206238,member
E5D52C5208F5F9AE,classic_bike,2026-08-04 08:48:55.075,2026-08-04 08:54:00.640,Hamilton Park,JC009,Grove St PATH,JC115,40.727595966,-74.044247311,40.71941,-74.04309,member
5CC297C35B014EFA,electric_bike,2026-08-04 08:49:59.422,2026-08-04 08:55:16.905,River St & 1 St,HB609,Clinton St & 7 St,HB303,40.73721535335381,-74.02886540972803,40.74542,-74.03332,member
041F762EDCF175CF,classic_bike,2026-08-04 08:51:25.242,2026-08-04 08:57:22.614,Hamilton Park,JC009,Washington St,JC098,40.727595966,-74.044247311,40.7242941,-74.0354826,member
0BD1571E0C9AE6C0,electric_bike,2026-08-04 08:53:42.917,2026-08-04 08:55:44.546,River St & 1 St,HB609,2 St & Park Ave,HB608,40.73721535335381,-74.02886540972803,40.73915272763701,-74.0330819785595,member
3E86E076F11E4F06,electric_bike,2026-08-04 08:55:48.246,2026-08-04 09:11:49.636,Bergen Ave & Sip Ave,JC109,City Hall - Washington St & 1 St,HB105,40.73100888698729,-74.06443700194359,40.73736,-74.03097,member
EA620925A6512EE5,classic_bike,2026-08-04 08:56:58.876,2026-08-04 09:06:14.948,Hamilton Park,JC009,Washington St,JC098,40.727595966,-74.044247311,40.7242941,-74.0354826,member
08676E7DBD6DBF75,classic_bike,2026-08-04 08:58:57.213,2026-08-04 09:00:14.019,Hamilton Park,JC009,Jersey & 6th St,JC027,40.727595966,-74.044247311,40.72528910781132,-74.04557168483734,member
C13C036E2A9F989C,electric_bike,2026-08-04 08:59:21.628,2026-08-04 09:06:33.613,Bergen Ave & Sip Ave,JC109,Astor Place,JC077,40.73100888698729,-74.06443700194359,40.71928220070702,-74.07126188278198,member
686C2FC98B3649F0,electric_bike,2026-08-04 09:04:34.247,2026-08-04 09:15:00.801,River St & 1 St,HB609,Warren St,JC006,40.73721535335381,-74.02886540972803,40.7211236,-74.03805095,member
54A996FCCBAAB960,electric_bike,2026-08-04 09:05:04.202,2026-08-04 09:11:05.718,River St & 1 St,HB609,Adams St & 12 St,HB610,40.73721535335381,-74.02886540972803,40.751889392240685,-74.03329162748534,casual
0B17DCD1008F5263,classic_bike,2026-08-04 09:05:08.065,2026-08-04 09:09:58.730,Hudson Pl & Hoboken Terminal,HB107,Stevens - River Ter & 6 St,HB602,40.73579286776364,-74.02837457573912,40.74313282710551,-74.02698867022991,member
3A0A9650C6E1AC22,electric_bike,2026-08-04 09:12:51.036,2026-08-04 09:18:04.950,River St & 1 St,HB609,Southwest Park - Jackson St & Observer Hwy,HB401,40.73721535335381,-74.02886540972803,40.73755127245804,-74.04166370630264,member
83D4389DE413819E,classic_bike,2026-08-04 09:13:59.261,2026-08-04 09:27:29.434,Hamilton Park,JC009,Newport Pkwy,JC008,40.727595966,-74.044247311,40.7287448,-74.0321082,casual
6CF609FD7DAE5713,classic_bike,2026-08-04 09:15:04.655,2026-08-04 09:19:21.674,Hamilton Park,JC009,Brunswick St,JC023,40.727595966,-74.044247311,40.7241765,-74.0506564,member
F66DDF73F0E8B599,classic_bike,2026-08-04 09:17:43.607,2026-08-04 09:24:25.202,Hamilton Park,JC009,Grove St PATH,JC115,40.727595966,-74.044247311,40.71941,-74.04309,member
AB84BCDBA0B85A8E,electric_bike,2026-08-04 09:28:09.886,2026-08-04 09:30:15.809,River St & 1 St,HB609,Stevens - River Ter & 6 St,HB602,40.73721535335381,-74.02886540972803,40.74313282710551,-74.02698867022991,member
1D26D76D0CAD565C,electric_bike,2026-08-04 09:29:16.369,2026-08-04 09:35:41.522,South Waterfront Walkway - Sinatra Dr & 1 St,HB103,Columbus Park - Clinton St & 9 St,HB501,40.73698221818716,-74.02778059244156,40.74816121065146,-74.0324530005455,member
F5EF072D8EC2E781,classic_bike,2026-08-04 09:29:36.614,2026-08-04 09:37:26.956,Hudson Pl & Hoboken Terminal,HB107,14 St Ferry - 14 St & Shipyard Ln,HB202,40.73579286776364,-74.02837457573912,40.752960630464955,-74.02435272932053,member
0E39486B1A04A2BF,electric_bike,2026-08-04 09:36:56.608,2026-08-04 09:42:08.517,River St & 1 St,HB609,12 St & Sinatra Dr N,HB201,40.73721535335381,-74.02886540972803,40.750604142368964,-74.02402013540268,casual
40B5D7AFD6D01809,electric_bike,2026-08-04 09:37:14.352,2026-08-04 09:44:19.784,Hudson Pl & Hoboken Terminal,HB107,9 St HBLR - Jackson St & 8 St,HB305,40.73579286776364,-74.02837457573912,40.74790720968899,-74.03841152787209,member
7FA2CB7A879D7736,electric_bike,2026-08-04 09:37:51.359,2026-08-04 09:40:46.351,River St & 1 St,HB609,Stevens - River Ter & 6 St,HB602,40.73721535335381,-74.02886540972803,40.74313282710551,-74.02698867022991,member
FB09084D352B291A,classic_bike,2026-08-04 09:38:30.613,2026-08-04 09:54:44.457,South Waterfront Walkway - Sinatra Dr & 1 St,HB103,Columbus Park - Clinton St & 9 St,HB501,40.73698221818716,-74.02778059244156,40.74816121065146,-74.0324530005455,casual
FCA8DD7517531DF7,classic_bike,2026-08-04 09:38:31.928,2026-08-04 09:40:53.291,Bergen Ave & Sip Ave,JC109,Journal Square,JC103,40.73100888698729,-74.06443700194359,40.73367,-74.0625,member
3C539081E47461FC,electric_bike,2026-08-04 09:44:33.376,2026-08-04 09:54:18.611,Bergen Ave & Sip Ave,JC109,Montgomery St,JC099,40.73100888698729,-74.06443700194359,40.71942,-74.05099,member
4D6906F991BC3AAF,electric_bike,2026-08-04 09:53:08.537,2026-08-04 09:56:41.474,River St & 1 St,HB609,8 St & Washington St,HB603,40.73721535335381,-74.02886540972803,40.745983882915624,-74.02819901704788,member
0E415D6DDE409A00,classic_bike,2026-08-04 09:59:53.703,2026-08-04 10:04:09.402,River St & 1 St,HB609,Stevens - River Ter & 6 St,HB602,40.73721535335381,-74.02886540972803,40.74313282710551,-74.02698867022991,member
D7D67765FB918D5A,electric_bike,2026-08-04 10:08:41.171,2026-08-04 10:13:33.031,South Waterfront Walkway - Sinatra Dr & 1 St,HB103,12 St & Sinatra Dr N,HB201,40.73698221818716,-74.02778059244156,40.750604142368964,-74.02402013540268,member
79924C5F74BC9F33,electric_bike,2026-08-04 10:12:55.911,2026-08-04 10:43:21.724,Bergen Ave & Sip Ave,JC109,Washington St,JC098,40.73100888698729,-74.06443700194359,40.7242941,-74.0354826,member
78A2AD422BBACC48,electric_bike,2026-08-04 10:18:15.383,2026-08-04 10:20:39.798,Hamilton Park,JC009,Newark Ave,JC032,40.727595966,-74.044247311,40.72152515,-74.046304543,member
9B717878C7F88651,electric_bike,2026-08-04 10:39:48.415,2026-08-04 10:48:48.376,Grove St PATH,JC115,Newport Pkwy,JC008,40.71941,-74.04309,40.7287448,-74.0321082,member
2ED34305CD62ACC5,electric_bike,2026-08-04 10:41:40.247,2026-08-04 10:49:43.974,Hudson Pl & Hoboken Terminal,HB107,12 St & Sinatra Dr N,HB201,40.73579286776364,-74.02837457573912,40.750604142368964,-74.02402013540268,casual
380E864B6C999697,electric_bike,2026-08-04 10:41:56.869,2026-08-04 10:59:58.520,Hamilton Park,JC009,River St & 1 St,HB609,40.727595966,-74.044247311,40.73721535335381,-74.02886540972803,casual
9A31DA2B9F1854BD,electric_bike,2026-08-04 10:47:26.696,2026-08-04 11:15:12.121,Hudson Pl & Hoboken Terminal,HB107,City Hall - Washington St & 1 St,HB105,40.73579286776364,-74.02837457573912,40.73736,-74.03097,casual
8C30C474D1EB4299,electric_bike,2026-08-04 10:49:17.569,2026-08-04 11:14:28.495,Hudson Pl & Hoboken Terminal,HB107,City Hall - Washington St & 1 St,HB105,40.73579286776364,-74.02837457573912,40.73736,-74.03097,casual
1014EA1132A81D5B,electric_bike,2026-08-04 10:55:21.334,2026-08-04 10:59:12.888,River St & 1 St,HB609,4 St & Grand St,HB301,40.73721535335381,-74.02886540972803,40.7422579775645,-74.03511106967926,casual
A49A741305BCC1B9,electric_bike,2026-08-04 11:00:18.232,2026-08-04 11:07:22.468,River St & 1 St,HB609,Church Sq Park - 5 St & Park Ave,HB601,40.73721535335381,-74.02886540972803,40.74265933273143,-74.03223305940628,member
672C1CACE9DB657B,electric_bike,2026-08-04 11:01:29.237,2026-08-04 11:14:52.382,Hudson Pl & Hoboken Terminal,HB107,City Hall - Washington St & 1 St,HB105,40.73579286776364,-74.02837457573912,40.73736,-74.03097,casual
80FB32AEF1764995,classic_bike,2026-08-04 11:04:06.392,2026-08-04 11:13:38.617,Hudson Pl & Hoboken Terminal,HB107,Stevens - River Ter & 6 St,HB602,40.73579286776364,-74.02837457573912,40.74313282710551,-74.02698867022991,member
0AEDBCEAFF755AB7,electric_bike,2026-08-04 11:15:04.176,2026-08-04 11:22:26.130,River St & 1 St,HB609,Madison St & 10 St,HB503,40.73721535335381,-74.02886540972803,40.74994325412246,-74.03586477041245,member
BFA01C01DF8C654F,electric_bike,2026-08-04 11:15:40.497,2026-08-04 11:18:14.170,Grove St PATH,JC115,Marin Light Rail,JC013,40.71941,-74.04309,40.71458403535893,-74.04281705617905,member
DC2EF8D4ECE2EF8D,classic_bike,2026-08-04 11:18:41.064,2026-08-04 11:23:51.155,Hamilton Park,JC009,Washington St,JC098,40.727595966,-74.044247311,40.7242941,-74.0354826,member
9A24F40D84B9F2D0,electric_bike,2026-08-04 11:34:17.898,2026-08-04 11:44:27.391,Bergen Ave & Sip Ave,JC109,Monmouth & 6th,JC075,40.73100888698729,-74.06443700194359,40.72568548362901,-74.04879033565521,member
47D4F06DE4124F96,classic_bike,2026-08-04 11:36:07.744,2026-08-04 11:57:05.744,Bergen Ave & Sip Ave,JC109,Jersey & 3rd,JC074,40.73100888698729,-74.06443700194359,40.72333158646436,-74.04595255851744,member
9C625586100AEAC7,electric_bike,2026-08-04 11:38:16.553,2026-08-04 11:40:43.735,Hudson Pl & Hoboken Terminal,HB107,Clinton St & Newark St,HB409,40.73579286776364,-74.02837457573912,40.73743,-74.03571,member
53365C60F938369F,electric_bike,2026-08-04 11:41:40.551,2026-08-04 11:51:07.644,Bergen Ave & Sip Ave,JC109,Pacific Ave & Communipaw Ave,JC118,40.73100888698729,-74.06443700194359,40.711354,-74.062446,member
4E9666B3FA66A7EC,electric_bike,2026-08-04 11:42:30.210,2026-08-04 11:47:07.964,Hudson Pl & Hoboken Terminal,HB107,Madison St & 1 St,HB402,40.73579286776364,-74.02837457573912,40.73879,-74.0393,member
6FE9D83551614A47,electric_bike,2026-08-04 11:50:06.053,2026-08-04 11:55:59.199,River St & 1 St,HB609,Mama Johnson Field - 4 St & Jackson St,HB404,40.73721535335381,-74.02886540972803,40.74313993965626,-74.04004096984863,casual
0EA0138ADF22DF31,electric_bike,2026-08-04 11:53:53.365,2026-08-04 12:12:34.006,South Waterfront Walkway - Sinatra Dr & 1 St,HB103,Clinton St & 7 St,HB303,40.73698221818716,-74.02778059244156,40.74542,-74.03332,casual
B13F898434A0F563,electric_bike,2026-08-04 11:59:13.503,2026-08-04 12:05:58.572,River St & 1 St,HB609,11 St & Washington St,HB502,40.73721535335381,-74.02886540972803,40.74998490907138,-74.02715027332306,member
A7BB888401252F6D,electric_bike,2026-08-04 12:00:05.484,2026-08-04 12:12:48.160,River St & 1 St,HB609,Newport PATH,JC066,40.73721535335381,-74.02886540972803,40.7272235,-74.0337589,casual
CDF1C9E53800A2A6,electric_bike,2026-08-04 12:00:53.777,2026-08-04 12:10:58.770,Bergen Ave & Sip Ave,JC109,Newport PATH,JC066,40.73100888698729,-74.06443700194359,40.7272235,-74.0337589,member
C0F360D9B7447FBE,electric_bike,2026-08-04 12:04:00.514,2026-08-04 12:09:58.724,Bergen Ave & Sip Ave,JC109,Newark Ave,JC032,40.73100888698729,-74.06443700194359,40.72152515,-74.046304543,member
7D42FAEB021987A1,electric_bike,2026-08-04 12:07:39.734,2026-08-04 12:15:28.935,Hudson Pl & Hoboken Terminal,HB107,Madison St & 10 St,HB503,40.73579286776364,-74.02837457573912,40.74994325412246,-74.03586477041245,member
F75324648DF48149,electric_bike,2026-08-04 12:09:28.245,2026-08-04 12:13:43.652,South Waterfront Walkway - Sinatra Dr & 1 St,HB103,4 St & Grand St,HB301,40.73698221818716,-74.02778059244156,40.7422579775645,-74.03511106967926,member
C90EFCCD31AF6351,electric_bike,2026-08-04 12:21:13.925,2026-08-04 12:28:47.111,River St & 1 St,HB609,12 St & Sinatra Dr N,HB201,40.73721535335381,-74.02886540972803,40.750604142368964,-74.02402013540268,casual
121FD3811F4358FD,classic_bike,2026-08-04 12:23:24.484,2026-08-04 12:46:47.646,South Waterfront Walkway - Sinatra Dr & 1 St,HB103,Hoboken Ave at Monmouth St,JC105,40.73698221818716,-74.02778059244156,40.73520838045357,-74.04696375131607,casual
6F0A274D1B212F8C,electric_bike,2026-08-04 12:23:55.905,2026-08-04 12:28:39.756,Hamilton Park,JC009,Hoboken Ave at Monmouth St,JC105,40.727595966,-74.044247311,40.73520838045357,-74.04696375131607,member
7534BC715079F25C,electric_bike,2026-08-04 12:29:10.838,2026-08-04 12:38:27.489,Hudson Pl & Hoboken Terminal,HB107,Marshall St & 2 St,HB408,40.73579286776364,-74.02837457573912,40.740802,-74.042521,member
18DB51C8BE3D08CB,classic_bike,2026-08-04 12:29:25.278,2026-08-04 12:50:42.785,Grove St PATH,JC115,Grove St PATH,JC115,40.71941,-74.04309,40.71941,-74.04309,member
328A15F50AF367B1,electric_bike,2026-08-04 12:32:27.115,2026-08-04 12:37:51.294,Grove St PATH,JC115,Dr. Lena Edwards Park,JC117,40.71941,-74.04309,40.713203,-74.058261,member
ED434CF0A3D3A534,classic_bike,2026-08-04 12:34:04.223,2026-08-04 12:37:54.759,Bergen Ave & Sip Ave,JC109,McGinley Square,JC055,40.73100888698729,-74.06443700194359,40.7253399253558,-74.06762212514877,member
4D222B02E51CEE44,classic_bike,2026-08-04 12:37:01.573,2026-08-04 12:39:32.811,Grove St PATH,JC115,Van Vorst Park,JC035,40.71941,-74.04309,40.71848892,-74.047726625,member
B8B5063F90157E9D,electric_bike,2026-08-04 12:37:31.863,2026-08-04 12:45:59.926,Grove St PATH,JC115,Arlington Ave & Bramhall Ave,JC120,40.71941,-74.04309,40.713225,-74.070645,member
C981CADF24DA120E,electric_bike,2026-08-04 12:37:55.021,2026-08-04 12:42:40.352,Grove St PATH,JC115,Essex Light Rail,JC038,40.71941,-74.04309,40.7127742,-74.0364857,member
035BC430828AB9F7,electric_bike,2026-08-04 12:42:13.874,2026-08-04 12:48:25.457,South Waterfront Walkway - Sinatra Dr & 1 St,HB103,9 St HBLR - Jackson St & 8 St,HB305,40.73698221818716,-74.02778059244156,40.74790720968899,-74.03841152787209,member
E7ADD118727E860C,classic_bike,2026-08-04 12:50:56.676,2026-08-04 12:58:54.882,South Waterfront Walkway - Sinatra Dr & 1 St,HB103,Newport Pkwy,JC008,40.73698221818716,-74.02778059244156,40.7287448,-74.0321082,member
86C878471712FD22,electric_bike,2026-08-04 12:52:40.165,2026-08-04 13:04:57.779,Hudson Pl & Hoboken Terminal,HB107,Warren St,JC006,40.73579286776364,-74.02837457573912,40.7211236,-74.03805095,member
FC1D730AEB4C4CEA,classic_bike,2026-08-04 12:53:59.331,2026-08-04 12:58:25.278,Grove St PATH,JC115,Warren St,JC006,40.71941,-74.04309,40.7211236,-74.03805095,member
1C8FD0053BAE6CC1,electric_bike,2026-08-04 12:55:01.343,2026-08-04 13:02:22.541,River St & 1 St,HB609,Clinton St & 7 St,HB303,40.73721535335381,-74.02886540972803,40.74542,-74.03332,casual
A10167368FCBF502,classic_bike,2026-08-04 12:57:13.727,2026-08-04 13:02:06.864,Hamilton Park,JC009,Grove St PATH,JC115,40.727595966,-74.044247311,40.71941,-74.04309,member
01DBC60C91AC0BAD,classic_bike,2026-08-04 13:00:45.415,2026-08-04 13:06:34.044,Grove St PATH,JC115,Marin Light Rail,JC013,40.71941,-74.04309,40.71458403535893,-74.04281705617905,member
2EAEA3C4FCB0D452,electric_bike,2026-08-04 13:01:17.277,2026-08-04 13:06:45.662,Bergen Ave & Sip Ave,JC109,Glenwood Ave,JC094,40.73100888698729,-74.06443700194359,40.72755146730012,-74.07106071710587,member
DD1623C1F81ECEEC,classic_bike,2026-08-04 13:02:12.471,2026-08-04 13:16:15.119,Hamilton Park,JC009,Brunswick & 6th,JC081,40.727595966,-74.044247311,40.72601172964625,-74.05038893222809,member
FDD2FF4EE6217F58,classic_bike,2026-08-04 13:02:28.448,2026-08-04 13:05:10.871,Grove St PATH,JC115,Van Vorst Park,JC035,40.71941,-74.04309,40.71848892,-74.047726625,member
4760DE399CEE2C49,electric_bike,2026-08-04 13:04:59.361,2026-08-04 13:10:54.414,Grove St PATH,JC115,Liberty Light Rail,JC052,40.71941,-74.04309,40.7112423,-74.0557013,member
593660DEED9C6A1E,electric_bike,2026-08-04 13:08:15.819,2026-08-04 13:10:19.503,Hudson Pl & Hoboken Terminal,HB107,4 St & River St,HB611,40.73579286776364,-74.02837457573912,40.7408139,-74.0274062,member
DF07276BC2869A06,classic_bike,2026-08-04 13:09:59.516,2026-08-04 13:17:27.357,Bergen Ave & Sip Ave,JC109,Pershing Field,JC024,40.73100888698729,-74.06443700194359,40.742677141,-74.051788633,member
BFAB778FCD02870B,classic_bike,2026-08-04 13:10:17.724,2026-08-04 13:13:49.877,Hamilton Park,JC009,Manila & 1st,JC082,40.727595966,-74.044247311,40.721650724879986,-74.04288411140442,member
1EC539817DE1EACC,classic_bike,2026-08-04 13:11:55.720,2026-08-04 13:27:59.686,Grove St PATH,JC115,Dr. Lena Edwards Park,JC117,40.71941,-74.04309,40.713203,-74.058261,member
3B184CE9B51D3255,classic_bike,2026-08-04 13:12:13.254,2026-08-04 13:16:26.984,Grove St PATH,JC115,Dixon Mills,JC076,40.71941,-74.04309,40.721630142638354,-74.04996782541275,casual
4EB3E993BB54D803,classic_bike,2026-08-04 13:15:51.323,2026-08-04 13:19:07.445,Grove St PATH,JC115,Dixon Mills,JC076,40.71941,-74.04309,40.721630142638354,-74.04996782541275,member
E96FE17CC4DB2D70,electric_bike,2026-08-04 13:19:21.360,2026-08-04 13:23:41.610,Hudson Pl & Hoboken Terminal,HB107,Madison St & 1 St,HB402,40.73579286776364,-74.02837457573912,40.73879,-74.0393,member
20BFC1E0516D4EB3,classic_bike,2026-08-04 13:19:29.223,2026-08-04 13:26:07.487,South Waterfront Walkway - Sinatra Dr & 1 St,HB103,12 St & Sinatra Dr N,HB201,40.73698221818716,-74.02778059244156,40.750604142368964,-74.02402013540268,member
261A94C8E23AAF43,classic_bike,2026-08-04 13:20:51.229,2026-08-04 13:25:47.602,Grove St PATH,JC115,Dixon Mills,JC076,40.71941,-74.04309,40.721630142638354,-74.04996782541275,member
31E76939A878A882,classic_bike,2026-08-04 13:22:39.059,2026-08-04 13:29:42.204,Bergen Ave & Sip Ave,JC109,Dey St,JC065,40.73100888698729,-74.06443700194359,40.737711,-74.066921,member
DA7F7C9FC864417C,classic_bike,2026-08-04 13:26:33.330,2026-08-04 13:31:35.762,Grove St PATH,JC115,Monmouth & 6th,JC075,40.71941,-74.04309,40.72568548362901,-74.04879033565521,member
F702DE8B0BC451F7,classic_bike,2026-08-04 13:26:38.609,2026-08-04 13:29:25.995,Grove St PATH,JC115,Marin Light Rail,JC013,40.71941,-74.04309,40.71458403535893,-74.04281705617905,member
556543D9E82828D3,electric_bike,2026-08-04 13:27:26.346,2026-08-04 13:31:14.098,Hamilton Park,JC009,Dixon Mills,JC076,40.727595966,-74.044247311,40.721630142638354,-74.04996782541275,member
F134352B744A9A20,classic_bike,2026-08-04 13:33:01.804,2026-08-04 13:36:33.928,South Waterfront Walkway - Sinatra Dr & 1 St,HB103,Clinton St & Newark St,HB409,40.73698221818716,-74.02778059244156,40.73743,-74.03571,member
E12A2395343EF1BC,electric_bike,2026-08-04 13:39:15.292,2026-08-04 13:43:17.118,Grove St PATH,JC115,Exchange Pl,JC116,40.71941,-74.04309,40.71636596185077,-74.034343957901,member
41EB33632F5AE0B0,classic_bike,2026-08-04 13:40:18.123,2026-08-04 13:48:31.261,South Waterfront Walkway - Sinatra Dr & 1 St,HB103,Columbus Park - Clinton St & 9 St,HB501,40.73698221818716,-74.02778059244156,40.74816121065146,-74.0324530005455,casual
A6EFE3490612842A,electric_bike,2026-08-04 13:44:42.041,2026-08-04 13:51:01.487,Bergen Ave & Sip Ave,JC109,Lincoln Park,JC053,40.73100888698729,-74.06443700194359,40.7246050998869,-74.07840594649315,casual
54B64E44E94ED560,electric_bike,2026-08-04 13:45:57.617,2026-08-04 13:51:24.375,River St & 1 St,HB609,14 St Ferry - 14 St & Shipyard Ln,HB202,40.73721535335381,-74.02886540972803,40.752960630464955,-74.02435272932053,casual
19A055341F015E4F,electric_bike,2026-08-04 13:47:17.430,2026-08-04 13:52:24.212,South Waterfront Walkway - Sinatra Dr & 1 St,HB103,12 St & Sinatra Dr N,HB201,40.73698221818716,-74.02778059244156,40.750604142368964,-74.02402013540268,member
0040DAE821BD55A0,electric_bike,2026-08-04 13:47:19.222,2026-08-04 13:52:28.416,South Waterfront Walkway - Sinatra Dr & 1 St,HB103,12 St & Sinatra Dr N,HB201,40.73698221818716,-74.02778059244156,40.750604142368964,-74.02402013540268,member
2587919D3AEDE8B4,electric_bike,2026-08-04 13:53:26.869,2026-08-04 13:58:13.535,River St & 1 St,HB609,11 St & Washington St,HB502,40.73721535335381,-74.02886540972803,40.74998490907138,-74.02715027332306,member
A178332F696FF0AC,electric_bike,2026-08-04 13:55:53.756,2026-08-04 14:07:20.307,Bergen Ave & Sip Ave,JC109,West Side Ave & Stegman Pkwy,JC131,40.73100888698729,-74.06443700194359,40.71087,-74.09368,member
64D48239EE172F77,electric_bike,2026-08-04 14:08:46.726,2026-08-04 14:18:15.255,Bergen Ave & Sip Ave,JC109,Pacific Ave & Communipaw Ave,JC118,40.73100888698729,-74.06443700194359,40.711354,-74.062446,member
7552BF1C3B4B25F1,classic_bike,2026-08-04 14:09:25.894,2026-08-04 14:12:00.912,Grove St PATH,JC115,Van Vorst Park,JC035,40.71941,-74.04309,40.71848892,-74.047726625,member
1FB105A0E782040E,electric_bike,2026-08-04 14:10:33.053,2026-08-04 14:16:51.359,River St & 1 St,HB609,7 St & Monroe St,HB304,40.73721535335381,-74.02886540972803,40.74641264837719,-74.03797701001167,member
A30F34B5C33F098B,electric_bike,2026-08-04 14:11:30.695,2026-08-04 14:16:19.002,Hudson Pl & Hoboken Terminal,HB107,Church Sq Park - 5 St & Park Ave,HB601,40.73579286776364,-74.02837457573912,40.74265933273143,-74.03223305940628,member
8DCBE5993EC0546B,electric_bike,2026-08-04 14:16:47.894,2026-08-04 14:24:17.154,Bergen Ave & Sip Ave,JC109,Oakland Ave,JC022,40.73100888698729,-74.06443700194359,40.7376037,-74.0524783,member
B5BE2C8887E21187,electric_bike,2026-08-04 14:17:05.203,2026-08-04 14:21:14.830,Hamilton Park,JC009,Manila & 1st,JC082,40.727595966,-74.044247311,40.721650724879986,-74.04288411140442,casual
3BED0698C272298A,electric_bike,2026-08-04 14:17:12.296,2026-08-04 14:21:16.814,Hamilton Park,JC009,Manila & 1st,JC082,40.727595966,-74.044247311,40.721650724879986,-74.04288411140442,casual
E17542AB8D0D82A8,electric_bike,2026-08-04 14:18:18.413,2026-08-04 14:27:44.918,South Waterfront Walkway - Sinatra Dr & 1 St,HB103,Columbus Park - Clinton St & 9 St,HB501,40.73698221818716,-74.02778059244156,40.74816121065146,-74.0324530005455,casual
811E42013E4EA4D0,classic_bike,2026-08-04 14:25:23.276,2026-08-04 14:46:09.689,Grove St PATH,JC115,Newark St & Washington St,HB612,40.71941,-74.04309,40.73681,-74.0309,member
DDC5C43843953600,electric_bike,2026-08-04 14:28:59.851,2026-08-04 14:38:37.169,South Waterfront Walkway - Sinatra Dr & 1 St,HB103,Adams St & 2 St,HB407,40.73698221818716,-74.02778059244156,40.73981372311843,-74.03690412640572,member
D4AC24918C35BA37,electric_bike,2026-08-04 14:28:59.894,2026-08-04 14:36:30.459,Hamilton Park,JC009,City Hall,JC003,40.727595966,-74.044247311,40.7177325,-74.043845,member
8A8E819DF695D52F,classic_bike,2026-08-04 14:29:08.740,2026-08-04 14:35:05.358,Hamilton Park,JC009,City Hall,JC003,40.727595966,-74.044247311,40.7177325,-74.043845,member
164CE27B5CC33BB0,electric_bike,2026-08-04 14:29:10.658,2026-08-04 14:38:20.227,Bergen Ave & Sip Ave,JC109,Pacific Ave & Communipaw Ave,JC118,40.73100888698729,-74.06443700194359,40.711354,-74.062446,casual
DFD4EF5A9819FB00,electric_bike,2026-08-04 14:30:09.784,2026-08-04 14:35:04.480,Bergen Ave & Sip Ave,JC109,Leonard Gordon Park,JC080,40.73100888698729,-74.06443700194359,40.74590996631558,-74.0572714805603,member
B339EFD352CFCB19,electric_bike,2026-08-04 14:35:50.372,2026-08-04 14:40:04.318,Bergen Ave & Sip Ave,JC109,Baldwin at Montgomery,JC020,40.73100888698729,-74.06443700194359,40.7236589,-74.0641943,member
5ABC5EF518185FF7,electric_bike,2026-08-04 14:37:39.799,2026-08-04 14:42:59.206,River St & 1 St,HB609,Madison St & 1 St,HB402,40.73721535335381,-74.02886540972803,40.73879,-74.0393,member
4E5CFDCF95D2B3B4,electric_bike,2026-08-04 14:38:55.319,2026-08-04 14:40:40.657,Hudson Pl & Hoboken Terminal,HB107,4 St & River St,HB611,40.73579286776364,-74.02837457573912,40.7408139,-74.0274062,member
92F2DD5327EBBB04,classic_bike,2026-08-04 14:39:13.875,2026-08-04 14:44:55.833,River St & 1 St,HB609,Church Sq Park - 5 St & Park Ave,HB601,40.73721535335381,-74.02886540972803,40.74265933273143,-74.03223305940628,member
2F124FF36AD47A9A,electric_bike,2026-08-04 14:39:30.598,2026-08-04 14:44:53.955,Bergen Ave & Sip Ave,JC109,Lincoln Park,JC053,40.73100888698729,-74.06443700194359,40.7246050998869,-74.07840594649315,member
2739E9D8CF8EB317,electric_bike,2026-08-04 14:42:23.857,2026-08-04 15:15:27.689,Bergen Ave & Sip Ave,JC109,Newport Pkwy,JC008,40.73100888698729,-74.06443700194359,40.7287448,-74.0321082,casual
8AE518F3908F4583,electric_bike,2026-08-04 14:42:58.066,2026-08-04 14:54:23.078,Grove St PATH,JC115,Lafayette Park,JC078,40.71941,-74.04309,40.71346382669195,-74.06285852193832,member
745809E72B27AB46,classic_bike,2026-08-04 14:48:04.419,2026-08-04 14:50:41.679,Grove St PATH,JC115,Jersey & 3rd,JC074,40.71941,-74.04309,40.72333158646436,-74.04595255851744,member
0698A43B74C5B0D0,classic_bike,2026-08-04 14:48:29.319,2026-08-04 14:59:07.756,River St & 1 St,HB609,12 St & Sinatra Dr N,HB201,40.73721535335381,-74.02886540972803,40.750604142368964,-74.02402013540268,member
FA2D6A97F23C656B,electric_bike,2026-08-04 14:48:38.683,2026-08-04 14:52:58.721,Hamilton Park,JC009,Marin Light Rail,JC013,40.727595966,-74.044247311,40.71458403535893,-74.04281705617905,casual
13FB1783D71D378D,electric_bike,2026-08-04 14:51:45.949,2026-08-04 15:16:36.077,South Waterfront Walkway - Sinatra Dr & 1 St,HB103,Van Vorst Park,JC035,40.73698221818716,-74.02778059244156,40.71848892,-74.047726625,member
634C4702BE07487F,classic_bike,2026-08-04 14:52:28.811,2026-08-04 15:01:21.392,Grove St PATH,JC115,Dr. Lena Edwards Park,JC117,40.71941,-74.04309,40.713203,-74.058261,member
C8A90455EB0B81F8,electric_bike,2026-08-04 14:53:30.264,2026-08-04 15:00:12.412,Hudson Pl & Hoboken Terminal,HB107,Hoboken Ave at Monmouth St,JC105,40.73579286776364,-74.02837457573912,40.73520838045357,-74.04696375131607,casual
11419F82FBBE15B8,electric_bike,2026-08-04 14:54:10.714,2026-08-04 14:59:55.877,River St & 1 St,HB609,Bloomfield St & 15 St,HB203,40.73721535335381,-74.02886540972803,40.75453,-74.02658,member
355C7AA57093FB80,electric_bike,2026-08-04 15:08:57.758,2026-08-04 15:17:06.084,Grove St PATH,JC115,Communipaw & Berry Lane,JC084,40.71941,-74.04309,40.71435836870427,-74.06661093235016,member
AC52819FF28E023E,electric_bike,2026-08-04 15:12:44.402,2026-08-04 15:24:30.281,Hudson Pl & Hoboken Terminal,HB107,Hoboken Ave at Monmouth St,JC105,40.73579286776364,-74.02837457573912,40.73520838045357,-74.04696375131607,casual
39B59C8D3DCD54BD,electric_bike,2026-08-04 15:13:56.673,2026-08-04 15:24:38.558,Hudson Pl & Hoboken Terminal,HB107,Hoboken Ave at Monmouth St,JC105,40.73579286776364,-74.02837457573912,40.73520838045357,-74.04696375131607,casual
273258C4A1B97F76,electric_bike,2026-08-04 15:15:22.329,2026-08-04 15:31:41.933,South Waterfront Walkway - Sinatra Dr & 1 St,HB103,Lafayette Park,JC078,40.73698221818716,-74.02778059244156,40.71346382669195,-74.06285852193832,casual
5F5C5CEA5ECC8941,electric_bike,2026-08-04 15:18:06.015,2026-08-04 15:22:28.546,Hudson Pl & Hoboken Terminal,HB107,Church Sq Park - 5 St & Park Ave,HB601,40.73579286776364,-74.02837457573912,40.74265933273143,-74.03223305940628,member
142D1BE0717CC723,electric_bike,2026-08-04 15:19:40.135,2026-08-04 15:26:25.261,Hudson Pl & Hoboken Terminal,HB107,Southwest Park - Jackson St & Observer Hwy,HB401,40.73579286776364,-74.02837457573912,40.73755127245804,-74.04166370630264,member
AB660A8A469098E8,classic_bike,2026-08-04 15:22:48.266,2026-08-04 15:29:34.270,South Waterfront Walkway - Sinatra Dr & 1 St,HB103,14 St Ferry - 14 St & Shipyard Ln,HB202,40.73698221818716,-74.02778059244156,40.752960630464955,-74.02435272932053,member
374E4AA73E894B17,electric_bike,2026-08-04 15:29:17.071,2026-08-04 15:34:45.399,Hudson Pl & Hoboken Terminal,HB107,14 St Ferry - 14 St & Shipyard Ln,HB202,40.73579286776364,-74.02837457573912,40.752960630464955,-74.02435272932053,member
66FE7195A1E2EBFF,classic_bike,2026-08-04 15:29:49.421,2026-08-04 15:33:07.485,Hudson Pl & Hoboken Terminal,HB107,4 St & River St,HB611,40.73579286776364,-74.02837457573912,40.7408139,-74.0274062,member
7AABBBF725DAE53B,electric_bike,2026-08-04 15:30:42.508,2026-08-04 16:13:22.854,Bergen Ave & Sip Ave,JC109,Bergen Ave & Sip Ave,JC109,40.73100888698729,-74.06443700194359,40.73100888698729,-74.06443700194359,member
D26284571707000C,electric_bike,2026-08-04 15:31:43.339,2026-08-04 15:36:19.980,River St & 1 St,HB609,12 St & Sinatra Dr N,HB201,40.73721535335381,-74.02886540972803,40.750604142368964,-74.02402013540268,casual
6485E8F447528C19,electric_bike,2026-08-04 15:35:22.986,2026-08-04 15:39:23.183,Bergen Ave & Sip Ave,JC109,Fairmount Ave,JC093,40.73100888698729,-74.06443700194359,40.72572613742557,-74.07195925712585,casual
E97A3E344F1E79EB,electric_bike,2026-08-04 15:35:42.913,2026-08-04 15:38:50.945,Grove St PATH,JC115,Dixon Mills,JC076,40.71941,-74.04309,40.721630142638354,-74.04996782541275,member
C9DB762F3F330371,electric_bike,2026-08-04 15:38:09.901,2026-08-04 15:55:11.592,Bergen Ave & Sip Ave,JC109,Arlington Ave & Bramhall Ave,JC120,40.73100888698729,-74.06443700194359,40.713225,-74.070645,member
1480801FC93E4A50,electric_bike,2026-08-04 15:38:24.462,2026-08-04 15:43:37.501,Hudson Pl & Hoboken Terminal,HB107,8 St & Washington St,HB603,40.73579286776364,-74.02837457573912,40.745983882915624,-74.02819901704788,member
23D8AB0A373F1942,classic_bike,2026-08-04 15:38:50.406,2026-08-04 15:42:49.573,Hudson Pl & Hoboken Terminal,HB107,4 St & River St,HB611,40.73579286776364,-74.02837457573912,40.7408139,-74.0274062,member
FBCD0B9E5592CBED,electric_bike,2026-08-04 15:38:55.872,2026-08-04 15:44:22.648,Hudson Pl & Hoboken Terminal,HB107,4 St & Grand St,HB301,40.73579286776364,-74.02837457573912,40.7422579775645,-74.03511106967926,member
683F3EDE7FA5574D,classic_bike,2026-08-04 15:48:47.472,2026-08-04 15:52:54.205,Grove St PATH,JC115,Dixon Mills,JC076,40.71941,-74.04309,40.721630142638354,-74.04996782541275,member
D79EFBFB384EBC96,electric_bike,2026-08-04 15:49:35.996,2026-08-04 15:56:40.640,Grove St PATH,JC115,Newport Pkwy,JC008,40.71941,-74.04309,40.7287448,-74.0321082,member
D2C03E3D1D71AB7E,electric_bike,2026-08-04 15:57:33.859,2026-08-04 16:02:28.794,Grove St PATH,JC115,Paulus Hook,JC002,40.71941,-74.04309,40.7141454,-74.0335519,member
F1A9DFCD466CF179,electric_bike,2026-08-04 15:59:24.696,2026-08-04 16:00:49.175,River St & 1 St,HB609,2 St & Park Ave,HB608,40.73721535335381,-74.02886540972803,40.73915272763701,-74.0330819785595,member
D2C6AB84DE38FD3B,electric_bike,2026-08-04 15:59:28.141,2026-08-04 16:01:36.484,River St & 1 St,HB609,2 St & Park Ave,HB608,40.73721535335381,-74.02886540972803,40.73915272763701,-74.0330819785595,member
1B701099168C54BB,electric_bike,2026-08-04 16:01:34.160,2026-08-04 16:13:31.773,Bergen Ave & Sip Ave,JC109,Union St,JC051,40.73100888698729,-74.06443700194359,40.7182113,-74.0836394,member
74CD868EBC8D2ECC,electric_bike,2026-08-04 16:03:02.217,2026-08-04 16:10:10.818,Grove St PATH,JC115,Lafayette Park,JC078,40.71941,-74.04309,40.71346382669195,-74.06285852193832,member
1CDB09E68674526A,electric_bike,2026-08-04 16:03:07.641,2026-08-04 16:15:33.756,Bergen Ave & Sip Ave,JC109,Hoboken Terminal - Hudson St & Hudson Pl,HB101,40.73100888698729,-74.06443700194359,40.73593758446329,-74.03030455112457,member
67C4899C1B9110F4,electric_bike,2026-08-04 16:10:30.392,2026-08-04 16:24:09.206,River St & 1 St,HB609,Adams St & 12 St,HB610,40.73721535335381,-74.02886540972803,40.751889392240685,-74.03329162748534,member
4D9A8A1604E62D30,electric_bike,2026-08-04 16:13:08.201,2026-08-04 16:21:29.403,South Waterfront Walkway - Sinatra Dr & 1 St,HB103,Church Sq Park - 5 St & Park Ave,HB601,40.73698221818716,-74.02778059244156,40.74265933273143,-74.03223305940628,member
223185845C15651A,classic_bike,2026-08-04 16:13:50.458,2026-08-04 16:19:44.148,Grove St PATH,JC115,Hamilton Park,JC009,40.71941,-74.04309,40.727595966,-74.044247311,member
8B059A90C6BCDCA2,classic_bike,2026-08-04 16:14:52.986,2026-08-04 16:24:10.336,South Waterfront Walkway - Sinatra Dr & 1 St,HB103,Newport PATH,JC066,40.73698221818716,-74.02778059244156,40.7272235,-74.0337589,member
A97195C4C3E75561,electric_bike,2026-08-04 16:15:06.755,2026-08-04 16:23:23.866,Grove St PATH,JC115,Pacific Ave & Communipaw Ave,JC118,40.71941,-74.04309,40.711354,-74.062446,member
DE2CCAF13AC8CC87,classic_bike,2026-08-04 16:15:18.814,2026-08-04 16:23:14.692,River St & 1 St,HB609,Madison St & 10 St,HB503,40.73721535335381,-74.02886540972803,40.74994325412246,-74.03586477041245,casual
C436773334A77806,electric_bike,2026-08-04 16:15:19.367,2026-08-04 16:35:08.640,Bergen Ave & Sip Ave,JC109,Fairmount Ave,JC093,40.73100888698729,-74.06443700194359,40.72572613742557,-74.07195925712585,member
F8ABA35600EEA2FC,electric_bike,2026-08-04 16:16:40.385,2026-08-04 16:20:53.895,River St & 1 St,HB609,Church Sq Park - 5 St & Park Ave,HB601,40.73721535335381,-74.02886540972803,40.74265933273143,-74.03223305940628,casual
EF5E380751C5D42F,electric_bike,2026-08-04 16:16:43.960,2026-08-04 16:22:32.140,River St & 1 St,HB609,12 St & Sinatra Dr N,HB201,40.73721535335381,-74.02886540972803,40.750604142368964,-74.02402013540268,casual
5E91A6DCED69069D,electric_bike,2026-08-04 16:16:58.113,2026-08-04 16:21:29.274,Bergen Ave & Sip Ave,JC109,Bergen Ave,JC095,40.73100888698729,-74.06443700194359,40.722103786686034,-74.07145500183105,member
735461378E91C35E,electric_bike,2026-08-04 16:18:25.346,2026-08-04 16:28:19.612,Hudson Pl & Hoboken Terminal,HB107,Pershing Field,JC024,40.73579286776364,-74.02837457573912,40.742677141,-74.051788633,member
E516AC91E74B1B8E,electric_bike,2026-08-04 16:19:16.756,2026-08-04 16:24:13.081,Hudson Pl & Hoboken Terminal,HB107,11 St & Washington St,HB502,40.73579286776364,-74.02837457573912,40.74998490907138,-74.02715027332306,member
31A099506ABD80B6,electric_bike,2026-08-04 16:20:44.088,2026-08-04 16:22:51.234,River St & 1 St,HB609,City Hall - Washington St & 1 St,HB105,40.73721535335381,-74.02886540972803,40.73736,-74.03097,member
A4E73C2E2582E0FE,electric_bike,2026-08-04 16:20:50.205,2026-08-04 16:26:53.682,South Waterfront Walkway - Sinatra Dr & 1 St,HB103,Church Sq Park - 5 St & Park Ave,HB601,40.73698221818716,-74.02778059244156,40.74265933273143,-74.03223305940628,casual
041529649C8BD06B,classic_bike,2026-08-04 16:20:55.437,2026-08-04 16:28:40.761,River St & 1 St,HB609,12 St & Sinatra Dr N,HB201,40.73721535335381,-74.02886540972803,40.750604142368964,-74.02402013540268,member
AD45877A6BDBCB21,electric_bike,2026-08-04 16:22:32.894,2026-08-04 16:26:28.030,Hamilton Park,JC009,Van Vorst Park,JC035,40.727595966,-74.044247311,40.71848892,-74.047726625,member
1B2531A1B5F222B7,classic_bike,2026-08-04 16:23:02.250,2026-08-04 16:36:10.623,Hamilton Park,JC009,South Waterfront Walkway - Sinatra Dr & 1 St,HB103,40.727595966,-74.044247311,40.73698221818716,-74.02778059244156,casual
E975252CBCE0EC14,electric_bike,2026-08-04 16:23:25.610,2026-08-04 16:27:48.579,Grove St PATH,JC115,Hamilton Park,JC009,40.71941,-74.04309,40.727595966,-74.044247311,member
2FDB0B3EFABBF392,electric_bike,2026-08-04 16:24:42.238,2026-08-04 16:28:05.639,Bergen Ave & Sip Ave,JC109,McGinley Square,JC055,40.73100888698729,-74.06443700194359,40.7253399253558,-74.06762212514877,member
B39EDD1AEDF4376E,electric_bike,2026-08-04 16:24:47.260,2026-08-04 16:29:59.862,South Waterfront Walkway - Sinatra Dr & 1 St,HB103,14 St Ferry - 14 St & Shipyard Ln,HB202,40.73698221818716,-74.02778059244156,40.752960630464955,-74.02435272932053,member
E4DFBFEDE78E4692,classic_bike,2026-08-04 16:25:01.890,2026-08-04 17:08:39.962,Hudson Pl & Hoboken Terminal,HB107,Hudson Pl & Hoboken Terminal,HB107,40.73579286776364,-74.02837457573912,40.73579286776364,-74.02837457573912,casual
3A980927A73E197A,electric_bike,2026-08-04 16:27:09.748,2026-08-04 16:34:39.695,South Waterfront Walkway - Sinatra Dr & 1 St,HB103,Adams St & 12 St,HB610,40.73698221818716,-74.02778059244156,40.751889392240685,-74.03329162748534,member
DE7B4EAFEAC9A9D9,electric_bike,2026-08-04 16:28:06.192,2026-08-04 16:36:15.162,Grove St PATH,JC115,Communipaw & Berry Lane,JC084,40.71941,-74.04309,40.71435836870427,-74.06661093235016,member
579691A32986BDCA,classic_bike,2026-08-04 16:28:50.006,2026-08-04 16:38:56.346,Hudson Pl & Hoboken Terminal,HB107,9 St HBLR - Jackson St & 8 St,HB305,40.73579286776364,-74.02837457573912,40.74790720968899,-74.03841152787209,member
B1556D3723A41635,electric_bike,2026-08-04 16:28:54.604,2026-08-04 16:34:28.360,Hudson Pl & Hoboken Terminal,HB107,Marshall St & 2 St,HB408,40.73579286776364,-74.02837457573912,40.740802,-74.042521,member
CFD3289E6845DEF1,electric_bike,2026-08-04 16:29:50.830,2026-08-04 16:41:17.351,Bergen Ave & Sip Ave,JC109,Van Vorst Park,JC035,40.73100888698729,-74.06443700194359,40.71848892,-74.047726625,member
1A6F66D164ABBE63,electric_bike,2026-08-04 16:30:54.487,2026-08-04 16:41:13.344,Bergen Ave & Sip Ave,JC109,Van Vorst Park,JC035,40.73100888698729,-74.06443700194359,40.71848892,-74.047726625,member
917D5D742D8BC1E6,classic_bike,2026-08-04 16:31:32.652,2026-08-04 16:36:22.696,River St & 1 St,HB609,4 St & Grand St,HB301,40.73721535335381,-74.02886540972803,40.7422579775645,-74.03511106967926,member
091ED3242DFB5B6D,electric_bike,2026-08-04 16:32:22.543,2026-08-04 16:41:10.699,Hudson Pl & Hoboken Terminal,HB107,9 St HBLR - Jackson St & 8 St,HB305,40.73579286776364,-74.02837457573912,40.74790720968899,-74.03841152787209,member
71710C8FF3D3B30F,electric_bike,2026-08-04 16:32:26.945,2026-08-04 16:37:42.598,River St & 1 St,HB609,Columbus Park - Clinton St & 9 St,HB501,40.73721535335381,-74.02886540972803,40.74816121065146,-74.0324530005455,casual
58DB6CA8B9C7A180,electric_bike,2026-08-04 16:33:03.611,2026-08-04 16:37:34.768,Hamilton Park,JC009,City Hall,JC003,40.727595966,-74.044247311,40.7177325,-74.043845,member
62591879D5543CEC,electric_bike,2026-08-04 16:34:40.409,2026-08-04 16:41:00.416,Hudson Pl & Hoboken Terminal,HB107,12 St & Sinatra Dr N,HB201,40.73579286776364,-74.02837457573912,40.750604142368964,-74.02402013540268,casual
BA66DD1D841415F3,electric_bike,2026-08-04 16:34:50.958,2026-08-04 16:42:44.854,Bergen Ave & Sip Ave,JC109,Leonard Gordon Park,JC080,40.73100888698729,-74.06443700194359,40.74590996631558,-74.0572714805603,member
41AC7163C40645E7,electric_bike,2026-08-04 16:35:48.697,2026-08-04 17:05:17.555,Bergen Ave & Sip Ave,JC109,Ferris Triangle Park,JC137,40.73100888698729,-74.06443700194359,40.69877,-74.09216,casual
C5266E8475517B36,electric_bike,2026-08-04 16:35:51.324,2026-08-04 16:38:14.733,Bergen Ave & Sip Ave,JC109,McGinley Square,JC055,40.73100888698729,-74.06443700194359,40.7253399253558,-74.06762212514877,member
5DBA8142E354AA3A,classic_bike,2026-08-04 16:36:11.554,2026-08-04 16:44:16.891,Hudson Pl & Hoboken Terminal,HB107,Mama Johnson Field - 4 St & Jackson St,HB404,40.73579286776364,-74.02837457573912,40.74313993965626,-74.04004096984863,casual
2DA7F583682A663D,electric_bike,2026-08-04 16:36:19.602,2026-08-04 16:39:46.444,Bergen Ave & Sip Ave,JC109,Bergen Ave,JC095,40.73100888698729,-74.06443700194359,40.722103786686034,-74.07145500183105,member
25684A7C5C642232,electric_bike,2026-08-04 16:37:23.438,2026-08-04 16:53:37.691,Bergen Ave & Sip Ave,JC109,Heights Elevator,JC059,40.73100888698729,-74.06443700194359,40.748715945380226,-74.04044330120087,member
F495AE9E09D60B0B,classic_bike,2026-08-04 16:37:25.388,2026-08-04 16:42:50.333,Grove St PATH,JC115,Brunswick St,JC023,40.71941,-74.04309,40.7241765,-74.0506564,member
8F0E6C0A7E7954A4,electric_bike,2026-08-04 16:37:27.924,2026-08-04 16:45:21.936,Grove St PATH,JC115,Pacific Ave & Communipaw Ave,JC118,40.71941,-74.04309,40.711354,-74.062446,member
D7F653E96EF372DF,electric_bike,2026-08-04 16:38:32.576,2026-08-04 16:43:24.392,South Waterfront Walkway - Sinatra Dr & 1 St,HB103,12 St & Sinatra Dr N,HB201,40.73698221818716,-74.02778059244156,40.750604142368964,-74.02402013540268,member
06ABB10915B59FF5,electric_bike,2026-08-04 16:38:49.198,2026-08-04 16:43:59.215,Grove St PATH,JC115,Brunswick & 6th,JC081,40.71941,-74.04309,40.72601172964625,-74.05038893222809,member
61B20A65DCFE44E1,classic_bike,2026-08-04 16:38:50.713,2026-08-04 16:43:07.257,Grove St PATH,JC115,Dixon Mills,JC076,40.71941,-74.04309,40.721630142638354,-74.04996782541275,member
38EB0D97A055386F,electric_bike,2026-08-04 16:39:16.084,2026-08-04 16:41:52.129,River St & 1 St,HB609,Clinton St & Newark St,HB409,40.73721535335381,-74.02886540972803,40.73743,-74.03571,member
1CBF4C30A97258DC,electric_bike,2026-08-04 16:39:16.150,2026-08-04 16:46:50.773,Bergen Ave & Sip Ave,JC109,Bergen Ave,JC095,40.73100888698729,-74.06443700194359,40.722103786686034,-74.07145500183105,member
58DCDC3793C28DC2,electric_bike,2026-08-04 16:39:52.674,2026-08-04 16:45:18.129,Hudson Pl & Hoboken Terminal,HB107,12 St & Sinatra Dr N,HB201,40.73579286776364,-74.02837457573912,40.750604142368964,-74.02402013540268,casual
92FEA5FC28F8E7FB,electric_bike,2026-08-04 16:40:10.954,2026-08-04 16:44:02.527,Bergen Ave & Sip Ave,JC109,Glenwood Ave,JC094,40.73100888698729,-74.06443700194359,40.72755146730012,-74.07106071710587,member
5A9DF2234FFA5322,electric_bike,2026-08-04 16:40:12.440,2026-08-04 16:46:17.162,Hudson Pl & Hoboken Terminal,HB107,Columbus Park - Clinton St & 9 St,HB501,40.73579286776364,-74.02837457573912,40.74816121065146,-74.0324530005455,member
126D1F393033737D,electric_bike,2026-08-04 16:40:24.206,2026-08-04 16:49:14.772,Hudson Pl & Hoboken Terminal,HB107,7 St & Monroe St,HB304,40.73579286776364,-74.02837457573912,40.74641264837719,-74.03797701001167,casual
D58FF0C6407296BA,classic_bike,2026-08-04 16:40:33.046,2026-08-04 16:48:43.824,Hudson Pl & Hoboken Terminal,HB107,7 St & Monroe St,HB304,40.73579286776364,-74.02837457573912,40.74641264837719,-74.03797701001167,member
F70A0112841B85F3,electric_bike,2026-08-04 16:44:03.698,2026-08-04 16:46:44.977,Grove St PATH,JC115,Marin Light Rail,JC013,40.71941,-74.04309,40.71458403535893,-74.04281705617905,member
6D33F40C99F468D2,electric_bike,2026-08-04 16:48:05.440,2026-08-04 16:51:05.844,Hudson Pl & Hoboken Terminal,HB107,Stevens - River Ter & 6 St,HB602,40.73579286776364,-74.02837457573912,40.74313282710551,-74.02698867022991,member
C647A159A4A472CA,electric_bike,2026-08-04 16:48:22.767,2026-08-04 16:52:28.639,Grove St PATH,JC115,Jersey & 6th St,JC027,40.71941,-74.04309,40.72528910781132,-74.04557168483734,member
C549923C83470E2F,electric_bike,2026-08-04 16:48:37.663,2026-08-04 16:54:37.657,Bergen Ave & Sip Ave,JC109,Lincoln Park,JC053,40.73100888698729,-74.06443700194359,40.7246050998869,-74.07840594649315,member
47E43C48A8F289AC,classic_bike,2026-08-04 16:49:44.964,2026-08-04 16:52:02.475,Grove St PATH,JC115,Van Vorst Park,JC035,40.71941,-74.04309,40.71848892,-74.047726625,member
B78002522FFE0474,classic_bike,2026-08-04 16:50:35.742,2026-08-04 16:58:39.647,Hudson Pl & Hoboken Terminal,HB107,Columbus Park - Clinton St & 9 St,HB501,40.73579286776364,-74.02837457573912,40.74816121065146,-74.0324530005455,member
04239B37CC178922,electric_bike,2026-08-04 16:50:36.407,2026-08-04 16:54:40.908,River St & 1 St,HB609,8 St & Washington St,HB603,40.73721535335381,-74.02886540972803,40.745983882915624,-74.02819901704788,member
F06DD9CD24036C5E,electric_bike,2026-08-04 16:50:57.471,2026-08-04 16:53:46.186,Hudson Pl & Hoboken Terminal,HB107,Stevens - River Ter & 6 St,HB602,40.73579286776364,-74.02837457573912,40.74313282710551,-74.02698867022991,member
801208F5F7D950E8,classic_bike,2026-08-04 16:51:44.264,2026-08-04 16:58:08.177,River St & 1 St,HB609,Marshall St & 2 St,HB408,40.73721535335381,-74.02886540972803,40.740802,-74.042521,casual
E5FAD18ADD224277,electric_bike,2026-08-04 16:51:54.333,2026-08-04 17:00:52.500,Hudson Pl & Hoboken Terminal,HB107,Bloomfield St & 15 St,HB203,40.73579286776364,-74.02837457573912,40.75453,-74.02658,casual
538C90E68259B32D,classic_bike,2026-08-04 16:52:10.417,2026-08-04 16:54:08.801,Hudson Pl & Hoboken Terminal,HB107,Newark St & Washington St,HB612,40.73579286776364,-74.02837457573912,40.73681,-74.0309,member
3A72AE01116CAF1F,electric_bike,2026-08-04 16:52:37.661,2026-08-04 16:57:32.430,South Waterfront Walkway - Sinatra Dr & 1 St,HB103,Clinton St & 7 St,HB303,40.73698221818716,-74.02778059244156,40.74542,-74.03332,member
6AC1493408378CFD,classic_bike,2026-08-04 16:52:45.631,2026-08-04 17:00:54.136,Hamilton Park,JC009,Newport PATH,JC066,40.727595966,-74.044247311,40.7272235,-74.0337589,member
CB89307FE31455DD,electric_bike,2026-08-04 16:52:59.652,2026-08-04 16:59:58.144,South Waterfront Walkway - Sinatra Dr & 1 St,HB103,Mama Johnson Field - 4 St & Jackson St,HB404,40.73698221818716,-74.02778059244156,40.74313993965626,-74.04004096984863,member
97AFCE1B77EF3546,electric_bike,2026-08-04 16:55:23.044,2026-08-04 17:00:02.004,South Waterfront Walkway - Sinatra Dr & 1 St,HB103,Columbus Park - Clinton St & 9 St,HB501,40.73698221818716,-74.02778059244156,40.74816121065146,-74.0324530005455,member
0DF78919A0177BF2,electric_bike,2026-08-04 16:55:27.358,2026-08-04 16:58:35.823,Bergen Ave & Sip Ave,JC109,Baldwin at Montgomery,JC020,40.73100888698729,-74.06443700194359,40.7236589,-74.0641943,member
430BE5D57D59359C,electric_bike,2026-08-04 16:55:36.605,2026-08-04 17:05:32.118,River St & 1 St,HB609,8 St & Washington St,HB603,40.73721535335381,-74.02886540972803,40.745983882915624,-74.02819901704788,member
97907866D63002D8,electric_bike,2026-08-04 16:57:11.929,2026-08-04 17:05:32.631,River St & 1 St,HB609,Madison St & 10 St,HB503,40.73721535335381,-74.02886540972803,40.74994325412246,-74.03586477041245,member
D7E1B8C3141B0A74,electric_bike,2026-08-04 16:57:51.642,2026-08-04 17:01:55.013,River St & 1 St,HB609,Marshall St & 2 St,HB408,40.73721535335381,-74.02886540972803,40.740802,-74.042521,member
9D6A23EDC17E58E4,electric_bike,2026-08-04 16:58:04.298,2026-08-04 17:02:46.773,River St & 1 St,HB609,14 St Ferry - 14 St & Shipyard Ln,HB202,40.73721535335381,-74.02886540972803,40.752960630464955,-74.02435272932053,member
BC4B180499D3433F,electric_bike,2026-08-04 16:58:52.482,2026-08-04 17:03:48.633,Bergen Ave & Sip Ave,JC109,Fairmount Ave,JC093,40.73100888698729,-74.06443700194359,40.72572613742557,-74.07195925712585,member
F4A7C0B93F9A448B,electric_bike,2026-08-04 17:01:48.029,2026-08-04 17:04:58.277,Bergen Ave & Sip Ave,JC109,McGinley Square,JC055,40.73100888698729,-74.06443700194359,40.7253399253558,-74.06762212514877,member
B184E27F42E35B2B,electric_bike,2026-08-04 17:02:02.895,2026-08-04 17:06:26.982,South Waterfront Walkway - Sinatra Dr & 1 St,HB103,Clinton St & 7 St,HB303,40.73698221818716,-74.02778059244156,40.74542,-74.03332,member
C5730477931D6B2C,classic_bike,2026-08-04 17:02:06.396,2026-08-04 17:13:46.138,Grove St PATH,JC115,Marin Light Rail,JC013,40.71941,-74.04309,40.71458403535893,-74.04281705617905,casual
EF877273C8C3472C,electric_bike,2026-08-04 17:02:20.235,2026-08-04 17:06:38.218,River St & 1 St,HB609,11 St & Washington St,HB502,40.73721535335381,-74.02886540972803,40.74998490907138,-74.02715027332306,member
102D4C272FFAB6A9,electric_bike,2026-08-04 17:03:06.991,2026-08-04 17:16:06.554,Grove St PATH,JC115,Liberty Light Rail,JC052,40.71941,-74.04309,40.7112423,-74.0557013,casual
93C4141C35BABD5F,classic_bike,2026-08-04 17:03:23.577,2026-08-04 17:07:18.510,Bergen Ave & Sip Ave,JC109,Glenwood Ave,JC094,40.73100888698729,-74.06443700194359,40.72755146730012,-74.07106071710587,member
A98D84A030C16EDC,electric_bike,2026-08-04 17:03:54.666,2026-08-04 17:09:20.040,Bergen Ave & Sip Ave,JC109,Fairmount Ave,JC093,40.73100888698729,-74.06443700194359,40.72572613742557,-74.07195925712585,member
6DAF6C88F22B38AB,classic_bike,2026-08-04 17:04:43.332,2026-08-04 17:11:06.476,Hudson Pl & Hoboken Terminal,HB107,Church Sq Park - 5 St & Park Ave,HB601,40.73579286776364,-74.02837457573912,40.74265933273143,-74.03223305940628,member
E4A230899D91A10B,electric_bike,2026-08-04 17:04:48.963,2026-08-04 17:09:49.903,River St & 1 St,HB609,14 St Ferry - 14 St & Shipyard Ln,HB202,40.73721535335381,-74.02886540972803,40.752960630464955,-74.02435272932053,member
07CFE8DDD30DBC80,classic_bike,2026-08-04 17:05:57.874,2026-08-04 17:10:30.471,River St & 1 St,HB609,Church Sq Park - 5 St & Park Ave,HB601,40.73721535335381,-74.02886540972803,40.74265933273143,-74.03223305940628,member
BFE9DB6B1A5821E7,electric_bike,2026-08-04 17:06:07.641,2026-08-04 17:15:17.982,Hudson Pl & Hoboken Terminal,HB107,Madison St & 10 St,HB503,40.73579286776364,-74.02837457573912,40.74994325412246,-74.03586477041245,member
E1F879FEC463C439,classic_bike,2026-08-04 17:06:15.610,2026-08-04 17:08:10.354,River St & 1 St,HB609,4 St & River St,HB611,40.73721535335381,-74.02886540972803,40.7408139,-74.0274062,member
F8151BF1BCA1D82A,classic_bike,2026-08-04 17:06:34.397,2026-08-04 17:15:09.918,River St & 1 St,HB609,9 St HBLR - Jackson St & 8 St,HB305,40.73721535335381,-74.02886540972803,40.74790720968899,-74.03841152787209,member
1ED5E12FAEACA809,electric_bike,2026-08-04 17:06:57.790,2026-08-04 17:11:49.910,South Waterfront Walkway - Sinatra Dr & 1 St,HB103,12 St & Sinatra Dr N,HB201,40.73698221818716,-74.02778059244156,40.750604142368964,-74.02402013540268,member
6E94808C9F02593F,electric_bike,2026-08-04 17:07:09.645,2026-08-04 17:13:13.450,South Waterfront Walkway - Sinatra Dr & 1 St,HB103,9 St HBLR - Jackson St & 8 St,HB305,40.73698221818716,-74.02778059244156,40.74790720968899,-74.03841152787209,member
40F55D0D021C12F7,electric_bike,2026-08-04 17:07:15.712,2026-08-04 17:14:09.004,River St & 1 St,HB609,Grand St & 14 St,HB506,40.73721535335381,-74.02886540972803,40.75409,-74.0316,member
CFE8665947FBE2DF,electric_bike,2026-08-04 17:08:32.362,2026-08-04 17:12:06.163,Grove St PATH,JC115,Jersey & 6th St,JC027,40.71941,-74.04309,40.72528910781132,-74.04557168483734,member
491511A51F090BE2,electric_bike,2026-08-04 17:08:40.219,2026-08-04 17:19:44.918,River St & 1 St,HB609,Grand St & 14 St,HB506,40.73721535335381,-74.02886540972803,40.75409,-74.0316,member
F21C2656A5D34B4F,electric_bike,2026-08-04 17:09:04.380,2026-08-04 17:16:10.723,Bergen Ave & Sip Ave,JC109,Glenwood Ave,JC094,40.73100888698729,-74.06443700194359,40.72755146730012,-74.07106071710587,casual
5B0A7495907EC98D,electric_bike,2026-08-04 17:10:10.350,2026-08-04 17:16:14.852,River St & 1 St,HB609,14 St Ferry - 14 St & Shipyard Ln,HB202,40.73721535335381,-74.02886540972803,40.752960630464955,-74.02435272932053,member
A3AED6D1845A393E,classic_bike,2026-08-04 17:10:22.216,2026-08-04 17:17:40.613,Grove St PATH,JC115,Liberty Light Rail,JC052,40.71941,-74.04309,40.7112423,-74.0557013,member
24F57B7F9FB265D3,classic_bike,2026-08-04 17:10:37.739,2026-08-04 17:13:58.849,River St & 1 St,HB609,Clinton St & Newark St,HB409,40.73721535335381,-74.02886540972803,40.73743,-74.03571,member
2BB1ACFB1AA68FF1,classic_bike,2026-08-04 17:10:57.163,2026-08-04 17:17:21.880,River St & 1 St,HB609,Columbus Park - Clinton St & 9 St,HB501,40.73721535335381,-74.02886540972803,40.74816121065146,-74.0324530005455,member
B668527A5B353F2C,classic_bike,2026-08-04 17:13:48.662,2026-08-04 17:21:37.796,Hudson Pl & Hoboken Terminal,HB107,11 St & Washington St,HB502,40.73579286776364,-74.02837457573912,40.74998490907138,-74.02715027332306,member
E53FEB88FEB65953,classic_bike,2026-08-04 17:13:50.217,2026-08-04 17:31:38.435,Hudson Pl & Hoboken Terminal,HB107,Southwest Park - Jackson St & Observer Hwy,HB401,40.73579286776364,-74.02837457573912,40.73755127245804,-74.04166370630264,member
842F1B925858231B,electric_bike,2026-08-04 17:14:10.235,2026-08-04 17:18:18.158,River St & 1 St,HB609,Columbus Park - Clinton St & 9 St,HB501,40.73721535335381,-74.02886540972803,40.74816121065146,-74.0324530005455,member
313C4B147F626800,electric_bike,2026-08-04 17:14:26.809,2026-08-04 17:23:56.726,River St & 1 St,HB609,Pershing Field,JC024,40.73721535335381,-74.02886540972803,40.742677141,-74.051788633,member
EF511F2D65ED58B6,electric_bike,2026-08-04 17:14:30.149,2026-08-04 17:26:49.531,River St & 1 St,HB609,Morris Canal,JC072,40.73721535335381,-74.02886540972803,40.7124188237569,-74.03852552175522,member
9898EB5FC3255AC4,classic_bike,2026-08-04 17:14:31.745,2026-08-04 17:20:07.978,River St & 1 St,HB609,Church Sq Park - 5 St & Park Ave,HB601,40.73721535335381,-74.02886540972803,40.74265933273143,-74.03223305940628,member
F5FA385937E43268,classic_bike,2026-08-04 17:14:57.072,2026-08-04 17:21:00.684,South Waterfront Walkway - Sinatra Dr & 1 St,HB103,12 St & Sinatra Dr N,HB201,40.73698221818716,-74.02778059244156,40.750604142368964,-74.02402013540268,member
C522F176B44F9118,electric_bike,2026-08-04 17:15:27.794,2026-08-04 17:24:29.796,Bergen Ave & Sip Ave,JC109,McGinley Square,JC055,40.73100888698729,-74.06443700194359,40.7253399253558,-74.06762212514877,member
592EED5B29C08742,electric_bike,2026-08-04 17:16:29.797,2026-08-04 17:24:41.499,Bergen Ave & Sip Ave,JC109,MLK Dr & Bramhall Ave,JC121,40.73100888698729,-74.06443700194359,40.71647,-74.07413,member
3912EF1773578440,electric_bike,2026-08-04 17:16:37.771,2026-08-04 17:18:57.630,Bergen Ave & Sip Ave,JC109,Glenwood Ave,JC094,40.73100888698729,-74.06443700194359,40.72755146730012,-74.07106071710587,member
06CD4E27050D9B79,electric_bike,2026-08-04 17:18:02.810,2026-08-04 17:26:06.730,South Waterfront Walkway - Sinatra Dr & 1 St,HB103,Adams St & 12 St,HB610,40.73698221818716,-74.02778059244156,40.751889392240685,-74.03329162748534,member
DACE9AA93D6D58B1,electric_bike,2026-08-04 17:18:36.951,2026-08-04 17:24:35.037,South Waterfront Walkway - Sinatra Dr & 1 St,HB103,9 St HBLR - Jackson St & 8 St,HB305,40.73698221818716,-74.02778059244156,40.74790720968899,-74.03841152787209,casual
01C133346085C5BD,classic_bike,2026-08-04 17:18:39.108,2026-08-04 17:31:39.786,Grove St PATH,JC115,Baldwin at Montgomery,JC020,40.71941,-74.04309,40.7236589,-74.0641943,member
10D861DF50D96DF0,electric_bike,2026-08-04 17:19:33.480,2026-08-04 17:26:02.321,Grove St PATH,JC115,Dr. Lena Edwards Park,JC117,40.71941,-74.04309,40.713203,-74.058261,member
4789076A63195572,electric_bike,2026-08-04 17:20:54.687,2026-08-04 17:27:26.011,South Waterfront Walkway - Sinatra Dr & 1 St,HB103,14 St Ferry - 14 St & Shipyard Ln,HB202,40.73698221818716,-74.02778059244156,40.752960630464955,-74.02435272932053,member
1048046962462880,classic_bike,2026-08-04 17:21:16.963,2026-08-04 17:27:50.834,Grove St PATH,JC115,Brunswick & 6th,JC081,40.71941,-74.04309,40.72601172964625,-74.05038893222809,member
A92ECE4926956AD7,electric_bike,2026-08-04 17:21:50.608,2026-08-04 17:25:40.620,Grove St PATH,JC115,Hamilton Park,JC009,40.71941,-74.04309,40.727595966,-74.044247311,member
0F0B8F827B8FA130,electric_bike,2026-08-04 17:21:50.894,2026-08-04 17:28:53.908,Hudson Pl & Hoboken Terminal,HB107,Clinton St & 7 St,HB303,40.73579286776364,-74.02837457573912,40.74542,-74.03332,member
3FFB9F039A65E4D5,classic_bike,2026-08-04 17:21:58.080,2026-08-04 17:28:14.136,Grove St PATH,JC115,Monmouth & 6th,JC075,40.71941,-74.04309,40.72568548362901,-74.04879033565521,member
A493E2891B954B56,classic_bike,2026-08-04 17:22:24.087,2026-08-04 17:26:01.190,River St & 1 St,HB609,Adams St & 2 St,HB407,40.73721535335381,-74.02886540972803,40.73981372311843,-74.03690412640572,member
E4DB0884D2D229AF,electric_bike,2026-08-04 17:23:10.107,2026-08-04 17:25:21.042,River St & 1 St,HB609,Stevens - River Ter & 6 St,HB602,40.73721535335381,-74.02886540972803,40.74313282710551,-74.02698867022991,member
0CD69B824C66A405,electric_bike,2026-08-04 17:23:39.633,2026-08-04 17:28:54.011,Bergen Ave & Sip Ave,JC109,Glenwood Ave,JC094,40.73100888698729,-74.06443700194359,40.72755146730012,-74.07106071710587,member
60722FBB73D3C3A4,electric_bike,2026-08-04 17:23:39.998,2026-08-04 17:27:31.938,River St & 1 St,HB609,Church Sq Park - 5 St & Park Ave,HB601,40.73721535335381,-74.02886540972803,40.74265933273143,-74.03223305940628,member
FEF39B01CECAEECD,classic_bike,2026-08-04 17:24:39.354,2026-08-04 17:34:31.954,River St & 1 St,HB609,Willow Ave & 12 St,HB505,40.73721535335381,-74.02886540972803,40.7518674823282,-74.03037697076797,member
DF4FC91D2062D23E,electric_bike,2026-08-04 17:24:49.256,2026-08-04 17:28:13.704,River St & 1 St,HB609,8 St & Washington St,HB603,40.73721535335381,-74.02886540972803,40.745983882915624,-74.02819901704788,member
6780A638FEEFAFE0,electric_bike,2026-08-04 17:25:07.333,2026-08-04 17:27:17.035,Bergen Ave & Sip Ave,JC109,McGinley Square,JC055,40.73100888698729,-74.06443700194359,40.7253399253558,-74.06762212514877,member
2659E1A14FC9D58F,classic_bike,2026-08-04 17:26:11.531,2026-08-04 17:40:02.412,South Waterfront Walkway - Sinatra Dr & 1 St,HB103,South Waterfront Walkway - Sinatra Dr & 1 St,HB103,40.73698221818716,-74.02778059244156,40.73698221818716,-74.02778059244156,casual
2DD6E10BD544427F,classic_bike,2026-08-04 17:26:55.056,2026-08-04 17:32:53.987,Grove St PATH,JC115,Grand St,JC102,40.71941,-74.04309,40.71517767732029,-74.03768330812454,member
832E92AB0C0182B2,electric_bike,2026-08-04 17:26:55.254,2026-08-04 17:32:02.854,Hudson Pl & Hoboken Terminal,HB107,14 St Ferry - 14 St & Shipyard Ln,HB202,40.73579286776364,-74.02837457573912,40.752960630464955,-74.02435272932053,casual
46A973676249BBA7,classic_bike,2026-08-04 17:27:11.938,2026-08-04 17:30:03.726,Grove St PATH,JC115,Marin Light Rail,JC013,40.71941,-74.04309,40.71458403535893,-74.04281705617905,member
7C0688954441C5E1,electric_bike,2026-08-04 17:27:25.479,2026-08-04 17:31:09.531,Grove St PATH,JC115,Marin Light Rail,JC013,40.71941,-74.04309,40.71458403535893,-74.04281705617905,member
8F845E742C50346A,classic_bike,2026-08-04 17:29:13.912,2026-08-04 17:31:08.329,Hudson Pl & Hoboken Terminal,HB107,River St & 1 St,HB609,40.73579286776364,-74.02837457573912,40.73721535335381,-74.02886540972803,member
B16B2FF310D92DD8,classic_bike,2026-08-04 17:29:20.571,2026-08-04 17:32:29.629,Hudson Pl & Hoboken Terminal,HB107,Clinton St & Newark St,HB409,40.73579286776364,-74.02837457573912,40.73743,-74.03571,member
292D0BB6D8CCE721,electric_bike,2026-08-04 17:29:34.978,2026-08-04 17:38:59.046,Hudson Pl & Hoboken Terminal,HB107,Christ Hospital,JC034,40.73579286776364,-74.02837457573912,40.734785818,-74.050443636,member
7B537E5782EA263E,electric_bike,2026-08-04 17:31:01.765,2026-08-04 17:39:20.793,River St & 1 St,HB609,7 St & Monroe St,HB304,40.73721535335381,-74.02886540972803,40.74641264837719,-74.03797701001167,casual
D2F4F83DEC9C01FF,classic_bike,2026-08-04 17:31:09.930,2026-08-04 17:40:32.729,South Waterfront Walkway - Sinatra Dr & 1 St,HB103,9 St HBLR - Jackson St & 8 St,HB305,40.73698221818716,-74.02778059244156,40.74790720968899,-74.03841152787209,member
289AAFEFCE2C1B30,electric_bike,2026-08-04 17:31:19.931,2026-08-04 17:38:54.484,River St & 1 St,HB609,11 St & Washington St,HB502,40.73721535335381,-74.02886540972803,40.74998490907138,-74.02715027332306,member
08444A70EC4B6570,electric_bike,2026-08-04 17:31:26.668,2026-08-04 17:41:32.395,River St & 1 St,HB609,14 St Ferry - 14 St & Shipyard Ln,HB202,40.73721535335381,-74.02886540972803,40.752960630464955,-74.02435272932053,member
CEA4F859558F9E8E,electric_bike,2026-08-04 17:31:55.296,2026-08-04 17:40:17.602,Hamilton Park,JC009,Montgomery St,JC099,40.727595966,-74.044247311,40.71942,-74.05099,casual
8DD9A138B7275B08,electric_bike,2026-08-04 17:32:09.725,2026-08-04 17:35:44.098,Bergen Ave & Sip Ave,JC109,McGinley Square,JC055,40.73100888698729,-74.06443700194359,40.7253399253558,-74.06762212514877,member
C5CA4886C0A8254C,classic_bike,2026-08-04 17:33:47.262,2026-08-04 17:38:30.041,River St & 1 St,HB609,Clinton St & Newark St,HB409,40.73721535335381,-74.02886540972803,40.73743,-74.03571,member
BFFEFCCDCC53A4FE,electric_bike,2026-08-04 17:34:05.601,2026-08-04 17:42:16.068,River St & 1 St,HB609,7 St & Monroe St,HB304,40.73721535335381,-74.02886540972803,40.74641264837719,-74.03797701001167,member
275E674423CA8AE4,electric_bike,2026-08-04 17:35:01.205,2026-08-04 17:55:29.012,Grove St PATH,JC115,Hamilton Park,JC009,40.71941,-74.04309,40.727595966,-74.044247311,member
D1E8BB5B5348209A,electric_bike,2026-08-04 17:35:14.648,2026-08-04 17:45:31.057,River St & 1 St,HB609,Adams St & 12 St,HB610,40.73721535335381,-74.02886540972803,40.751889392240685,-74.03329162748534,casual
9237D2BE2C3E77FE,electric_bike,2026-08-04 17:35:22.711,2026-08-04 17:39:49.259,Grove St PATH,JC115,Marin Light Rail,JC013,40.71941,-74.04309,40.71458403535893,-74.04281705617905,member
55D74E82D97082A2,classic_bike,2026-08-04 17:35:28.780,2026-08-04 17:44:57.341,Grove St PATH,JC115,Grove St PATH,JC115,40.71941,-74.04309,40.71941,-74.04309,member
62B0755644AD7176,electric_bike,2026-08-04 17:35:40.081,2026-08-04 17:41:30.206,River St & 1 St,HB609,14 St Ferry - 14 St & Shipyard Ln,HB202,40.73721535335381,-74.02886540972803,40.752960630464955,-74.02435272932053,member
8C6FA2C9154D0B68,electric_bike,2026-08-04 17:36:09.812,2026-08-04 17:46:30.807,Hamilton Park,JC009,Exchange Pl,JC116,40.727595966,-74.044247311,40.71636596185077,-74.034343957901,member
C71D3FFCD18F81C5,classic_bike,2026-08-04 17:37:11.713,2026-08-04 17:52:36.106,River St & 1 St,HB609,Manila & 1st,JC082,40.73721535335381,-74.02886540972803,40.721650724879986,-74.04288411140442,casual
9E62AD091F4C7675,classic_bike,2026-08-04 17:37:34.032,2026-08-04 17:46:15.898,Hudson Pl & Hoboken Terminal,HB107,12 St & Sinatra Dr N,HB201,40.73579286776364,-74.02837457573912,40.750604142368964,-74.02402013540268,member
274900351C88D47C,classic_bike,2026-08-04 17:37:39.638,2026-08-04 17:46:38.776,Grove St PATH,JC115,Lafayette Park,JC078,40.71941,-74.04309,40.71346382669195,-74.06285852193832,member
3876B772E90A7123,electric_bike,2026-08-04 17:37:51.072,2026-08-04 17:44:56.637,River St & 1 St,HB609,Riverview Park,JC057,40.73721535335381,-74.02886540972803,40.7443187,-74.0439909,member
CC7355622A574E71,classic_bike,2026-08-04 17:38:05.656,2026-08-04 17:41:56.786,Grove St PATH,JC115,Montgomery St,JC099,40.71941,-74.04309,40.71942,-74.05099,member
E0167C911EF3A494,electric_bike,2026-08-04 17:38:08.596,2026-08-04 17:44:26.117,Grove St PATH,JC115,Liberty Light Rail,JC052,40.71941,-74.04309,40.7112423,-74.0557013,member
5BFE4732B4C4A44D,electric_bike,2026-08-04 17:38:11.811,2026-08-04 17:54:59.398,Hamilton Park,JC009,Willow Ave & 12 St,HB505,40.727595966,-74.044247311,40.7518674823282,-74.03037697076797,casual
C6EA118575FA4E0D,electric_bike,2026-08-04 17:38:26.634,2026-08-04 17:40:27.322,River St & 1 St,HB609,Stevens - River Ter & 6 St,HB602,40.73721535335381,-74.02886540972803,40.74313282710551,-74.02698867022991,member
487CFB0042798E5E,electric_bike,2026-08-04 17:38:33.424,2026-08-04 17:44:24.433,Hudson Pl & Hoboken Terminal,HB107,14 St Ferry - 14 St & Shipyard Ln,HB202,40.73579286776364,-74.02837457573912,40.752960630464955,-74.02435272932053,member
A85E7927C727C384,classic_bike,2026-08-04 17:38:39.819,2026-08-04 17:44:23.682,Grove St PATH,JC115,JC Medical Center,JC110,40.71941,-74.04309,40.71539114317,-74.04969155788422,member
8EBC6893163C8C5A,electric_bike,2026-08-04 17:38:39.829,2026-08-04 17:55:16.141,Hamilton Park,JC009,Willow Ave & 12 St,HB505,40.727595966,-74.044247311,40.7518674823282,-74.03037697076797,casual
9AC76E5CEF9B5A0B,classic_bike,2026-08-04 17:38:43.312,2026-08-04 17:44:05.979,Grove St PATH,JC115,Brunswick & 6th,JC081,40.71941,-74.04309,40.72601172964625,-74.05038893222809,member
CC5D514AAF39E0BE,electric_bike,2026-08-04 17:39:33.074,2026-08-04 17:49:03.704,Hudson Pl & Hoboken Terminal,HB107,Oakland Ave,JC022,40.73579286776364,-74.02837457573912,40.7376037,-74.0524783,member
76A87908C3AAF813,classic_bike,2026-08-04 17:39:40.053,2026-08-04 17:46:36.495,Hamilton Park,JC009,Grove St PATH,JC115,40.727595966,-74.044247311,40.71941,-74.04309,casual
FBEE322D7A66EE1F,classic_bike,2026-08-04 17:39:56.978,2026-08-04 17:45:12.383,Grove St PATH,JC115,Monmouth & 6th,JC075,40.71941,-74.04309,40.72568548362901,-74.04879033565521,member
86E611EE804CD066,electric_bike,2026-08-04 17:40:05.809,2026-08-04 18:09:32.717,Bergen Ave & Sip Ave,JC109,Danforth Light Rail,JC139,40.73100888698729,-74.06443700194359,40.69277,-74.0878,casual
232867DD49797577,classic_bike,2026-08-04 17:40:07.416,2026-08-04 17:46:26.190,Hudson Pl & Hoboken Terminal,HB107,12 St & Sinatra Dr N,HB201,40.73579286776364,-74.02837457573912,40.750604142368964,-74.02402013540268,member
95221DA6BC1BEB80,electric_bike,2026-08-04 17:40:11.451,2026-08-04 17:47:00.995,River St & 1 St,HB609,Adams St & 12 St,HB610,40.73721535335381,-74.02886540972803,40.751889392240685,-74.03329162748534,member
152C4F2882C17C90,electric_bike,2026-08-04 17:40:24.466,2026-08-04 17:53:50.991,River St & 1 St,HB609,Adams St & 12 St,HB610,40.73721535335381,-74.02886540972803,40.751889392240685,-74.03329162748534,member
F0FF540D5CAFAC65,electric_bike,2026-08-04 17:41:06.255,2026-08-04 17:53:41.997,Grove St PATH,JC115,Garfield Light Rail,JC119,40.71941,-74.04309,40.710526,-74.070112,casual
EE22A10BEA9FFB70,classic_bike,2026-08-04 17:41:12.584,2026-08-04 17:44:35.179,Hudson Pl & Hoboken Terminal,HB107,2 St & Park Ave,HB608,40.73579286776364,-74.02837457573912,40.73915272763701,-74.0330819785595,member
719AF37C91AFC3E1,electric_bike,2026-08-04 17:41:14.846,2026-08-04 17:53:35.681,Grove St PATH,JC115,Garfield Light Rail,JC119,40.71941,-74.04309,40.710526,-74.070112,member
9ADADD5FAD985472,classic_bike,2026-08-04 17:41:26.264,2026-08-04 17:51:17.822,Grove St PATH,JC115,Lafayette Park,JC078,40.71941,-74.04309,40.71346382669195,-74.06285852193832,member
6A90CA6A50C6DC06,electric_bike,2026-08-04 17:41:35.850,2026-08-04 17:51:07.607,South Waterfront Walkway - Sinatra Dr & 1 St,HB103,Mama Johnson Field - 4 St & Jackson St,HB404,40.73698221818716,-74.02778059244156,40.74313993965626,-74.04004096984863,casual
BB7C788D2F50D4D4,electric_bike,2026-08-04 17:41:40.882,2026-08-04 17:46:42.164,River St & 1 St,HB609,Church Sq Park - 5 St & Park Ave,HB601,40.73721535335381,-74.02886540972803,40.74265933273143,-74.03223305940628,member
9DF5BC070A0DF0D5,electric_bike,2026-08-04 17:41:49.158,2026-08-04 17:45:35.877,Hamilton Park,JC009,Grove St PATH,JC115,40.727595966,-74.044247311,40.71941,-74.04309,member
45AD37AF6B0E540E,electric_bike,2026-08-04 17:41:51.505,2026-08-04 17:49:06.782,South Waterfront Walkway - Sinatra Dr & 1 St,HB103,7 St & Monroe St,HB304,40.73698221818716,-74.02778059244156,40.74641264837719,-74.03797701001167,casual
4671E8B402D484F6,classic_bike,2026-08-04 17:42:01.612,2026-08-04 17:46:20.243,Grove St PATH,JC115,Dixon Mills,JC076,40.71941,-74.04309,40.721630142638354,-74.04996782541275,member
ED116E521D4F5F7C,classic_bike,2026-08-04 17:42:05.454,2026-08-04 17:50:28.447,South Waterfront Walkway - Sinatra Dr & 1 St,HB103,4 St & Grand St,HB301,40.73698221818716,-74.02778059244156,40.7422579775645,-74.03511106967926,casual
4CBE1B98217CB620,electric_bike,2026-08-04 17:42:17.914,2026-08-04 17:47:23.633,River St & 1 St,HB609,Adams St & 2 St,HB407,40.73721535335381,-74.02886540972803,40.73981372311843,-74.03690412640572,member
57BCAFDB20C3B183,electric_bike,2026-08-04 17:42:34.385,2026-08-04 17:50:05.150,Grove St PATH,JC115,Pacific Ave & Communipaw Ave,JC118,40.71941,-74.04309,40.711354,-74.062446,member
AF70FB3A054BD905,electric_bike,2026-08-04 17:42:42.001,2026-08-04 17:52:56.831,Bergen Ave & Sip Ave,JC109,Bergen Ave & Stegman St,JC108,40.73100888698729,-74.06443700194359,40.70657545063453,-74.0867006778717,member
FA691E9E4B31A8A6,electric_bike,2026-08-04 17:43:00.071,2026-08-04 17:50:38.724,Grove St PATH,JC115,Lafayette Park,JC078,40.71941,-74.04309,40.71346382669195,-74.06285852193832,casual
095B30C8195A4CB3,electric_bike,2026-08-04 17:43:13.644,2026-08-04 17:57:15.530,River St & 1 St,HB609,5 Corners Library,JC018,40.73721535335381,-74.02886540972803,40.734961020009514,-74.0595030784607,member
2465BE6075F68867,classic_bike,2026-08-04 17:43:29.809,2026-08-04 17:51:21.173,River St & 1 St,HB609,11 St & Washington St,HB502,40.73721535335381,-74.02886540972803,40.74998490907138,-74.02715027332306,member
CCC2385351B213B9,electric_bike,2026-08-04 17:43:33.664,2026-08-04 17:48:12.205,Grove St PATH,JC115,Brunswick St,JC023,40.71941,-74.04309,40.7241765,-74.0506564,member
ED6B3C7DED4BC433,electric_bike,2026-08-04 17:43:40.525,2026-08-04 17:48:23.048,River St & 1 St,HB609,Madison St & 1 St,HB402,40.73721535335381,-74.02886540972803,40.73879,-74.0393,member
849B322631FC7F04,classic_bike,2026-08-04 17:44:13.791,2026-08-04 17:47:10.001,Hudson Pl & Hoboken Terminal,HB107,Hoboken Terminal - Hudson St & Hudson Pl,HB101,40.73579286776364,-74.02837457573912,40.73593758446329,-74.03030455112457,member
6B11DA60DC1999A1,classic_bike,2026-08-04 17:44:34.702,2026-08-04 17:47:37.831,Grove St PATH,JC115,York St & Marin Blvd,JC097,40.71941,-74.04309,40.716615000830494,-74.0424120426178,member
A8CC717A15CE84DD,classic_bike,2026-08-04 17:44:36.126,2026-08-04 17:50:14.084,South Waterfront Walkway - Sinatra Dr & 1 St,HB103,12 St & Sinatra Dr N,HB201,40.73698221818716,-74.02778059244156,40.750604142368964,-74.02402013540268,member
DD5DB300F42C9E2F,classic_bike,2026-08-04 17:45:13.047,2026-08-04 17:55:13.869,Grove St PATH,JC115,Liberty Light Rail,JC052,40.71941,-74.04309,40.7112423,-74.0557013,casual
01032537EB8B8C61,classic_bike,2026-08-04 17:45:40.899,2026-08-04 17:52:54.195,Hudson Pl & Hoboken Terminal,HB107,14 St Ferry - 14 St & Shipyard Ln,HB202,40.73579286776364,-74.02837457573912,40.752960630464955,-74.02435272932053,member
1A14C2B14A0A37CB,electric_bike,2026-08-04 17:46:18.286,2026-08-04 17:50:42.393,Grove St PATH,JC115,Hamilton Park,JC009,40.71941,-74.04309,40.727595966,-74.044247311,member
CB59707A1BA9513A,electric_bike,2026-08-04 17:46:20.015,2026-08-04 17:55:43.002,Grove St PATH,JC115,Baldwin at Montgomery,JC020,40.71941,-74.04309,40.7236589,-74.0641943,casual
BA6F464AB40E1EA7,electric_bike,2026-08-04 17:46:23.437,2026-08-04 17:52:22.133,River St & 1 St,HB609,4 St & Grand St,HB301,40.73721535335381,-74.02886540972803,40.7422579775645,-74.03511106967926,casual
CDC2023B397BB93B,electric_bike,2026-08-04 17:47:00.338,2026-08-04 17:49:30.643,Bergen Ave & Sip Ave,JC109,McGinley Square,JC055,40.73100888698729,-74.06443700194359,40.7253399253558,-74.06762212514877,member
50D1B85AB8EB7D24,classic_bike,2026-08-04 17:47:23.774,2026-08-04 17:59:14.138,Hudson Pl & Hoboken Terminal,HB107,Adams St & 2 St,HB407,40.73579286776364,-74.02837457573912,40.73981372311843,-74.03690412640572,member
30E0203233C4E663,classic_bike,2026-08-04 17:47:32.095,2026-08-04 17:54:40.283,Hudson Pl & Hoboken Terminal,HB107,Madison St & 1 St,HB402,40.73579286776364,-74.02837457573912,40.73879,-74.0393,casual
BDA4C2E96AD85270,classic_bike,2026-08-04 17:47:54.355,2026-08-04 17:59:31.947,Hudson Pl & Hoboken Terminal,HB107,Adams St & 2 St,HB407,40.73579286776364,-74.02837457573912,40.73981372311843,-74.03690412640572,casual
DAF3B9E7A197A109,electric_bike,2026-08-04 17:48:08.254,2026-08-04 17:55:17.028,River St & 1 St,HB609,Adams St & 12 St,HB610,40.73721535335381,-74.02886540972803,40.751889392240685,-74.03329162748534,member
A2A77D859C01047C,electric_bike,2026-08-04 17:48:13.328,2026-08-04 17:53:42.203,Bergen Ave & Sip Ave,JC109,Lincoln Park,JC053,40.73100888698729,-74.06443700194359,40.7246050998869,-74.07840594649315,member
F7709EA71CDFF71C,classic_bike,2026-08-04 17:48:23.039,2026-08-04 18:24:42.074,River St & 1 St,HB609,Southwest Park - Jackson St & Observer Hwy,HB401,40.73721535335381,-74.02886540972803,40.73755127245804,-74.04166370630264,member
DFEFA6FC1FC2F55B,electric_bike,2026-08-04 17:48:51.432,2026-08-04 17:57:03.234,River St & 1 St,HB609,Mama Johnson Field - 4 St & Jackson St,HB404,40.73721535335381,-74.02886540972803,40.74313993965626,-74.04004096984863,member
7D99548FAF4AA6FE,electric_bike,2026-08-04 17:48:52.867,2026-08-04 17:53:52.143,River St & 1 St,HB609,Columbus Park - Clinton St & 9 St,HB501,40.73721535335381,-74.02886540972803,40.74816121065146,-74.0324530005455,member
CA63B64AB7AED2B9,classic_bike,2026-08-04 17:49:15.083,2026-08-04 17:58:04.259,South Waterfront Walkway - Sinatra Dr & 1 St,HB103,Bloomfield St & 15 St,HB203,40.73698221818716,-74.02778059244156,40.75453,-74.02658,member
5DE90979C54F360F,electric_bike,2026-08-04 17:49:18.232,2026-08-04 17:56:24.626,River St & 1 St,HB609,14 St Ferry - 14 St & Shipyard Ln,HB202,40.73721535335381,-74.02886540972803,40.752960630464955,-74.02435272932053,casual
4C1A2E6DE8C0EDFB,electric_bike,2026-08-04 17:50:12.505,2026-08-04 17:55:28.141,River St & 1 St,HB609,Madison St & 1 St,HB402,40.73721535335381,-74.02886540972803,40.73879,-74.0393,member
C8B20A585DF6BBD8,classic_bike,2026-08-04 17:51:06.583,2026-08-04 18:00:35.522,Hudson Pl & Hoboken Terminal,HB107,12 St & Sinatra Dr N,HB201,40.73579286776364,-74.02837457573912,40.750604142368964,-74.02402013540268,member
00676C85EBBCCFD6,electric_bike,2026-08-04 17:51:30.945,2026-08-04 17:56:50.422,Bergen Ave & Sip Ave,JC109,Fairmount Ave,JC093,40.73100888698729,-74.06443700194359,40.72572613742557,-74.07195925712585,casual
6D3CC89AFBCA7AF4,electric_bike,2026-08-04 17:51:46.934,2026-08-04 17:55:34.547,Bergen Ave & Sip Ave,JC109,McGinley Square,JC055,40.73100888698729,-74.06443700194359,40.7253399253558,-74.06762212514877,member
0A6BBA07DC43B266,electric_bike,2026-08-04 17:52:08.472,2026-08-04 17:56:03.020,Bergen Ave & Sip Ave,JC109,Fairmount Ave,JC093,40.73100888698729,-74.06443700194359,40.72572613742557,-74.07195925712585,member
6708AA12E2450C9C,electric_bike,2026-08-04 17:53:00.282,2026-08-04 17:56:22.436,Grove St PATH,JC115,Warren St,JC006,40.71941,-74.04309,40.7211236,-74.03805095,member
E907B449E9528C36,classic_bike,2026-08-04 17:53:46.152,2026-08-04 18:00:19.081,Grove St PATH,JC115,JC Medical Center,JC110,40.71941,-74.04309,40.71539114317,-74.04969155788422,member
6F71E9D648389D3B,classic_bike,2026-08-04 17:54:09.088,2026-08-04 17:59:41.462,Grove St PATH,JC115,Monmouth & 6th,JC075,40.71941,-74.04309,40.72568548362901,-74.04879033565521,member
A28DCF9B976BF69A,classic_bike,2026-08-04 17:54:10.261,2026-08-04 18:05:56.237,Grove St PATH,JC115,Dr. Lena Edwards Park,JC117,40.71941,-74.04309,40.713203,-74.058261,member
AF06B582E885EC09,classic_bike,2026-08-04 17:54:30.115,2026-08-04 17:58:30.871,Grove St PATH,JC115,Marin Light Rail,JC013,40.71941,-74.04309,40.71458403535893,-74.04281705617905,member
1871943D06A26900,classic_bike,2026-08-04 17:54:41.775,2026-08-04 17:57:14.707,Grove St PATH,JC115,Columbus Drive,JC014,40.71941,-74.04309,40.71835519823214,-74.03891444206238,member
8E1C0B3E66EE6C79,electric_bike,2026-08-04 17:55:16.857,2026-08-04 18:01:01.045,River St & 1 St,HB609,Church Sq Park - 5 St & Park Ave,HB601,40.73721535335381,-74.02886540972803,40.74265933273143,-74.03223305940628,member
B981A6728410E49E,classic_bike,2026-08-04 17:55:21.989,2026-08-04 18:05:34.562,Bergen Ave & Sip Ave,JC109,Pacific Ave & Communipaw Ave,JC118,40.73100888698729,-74.06443700194359,40.711354,-74.062446,member
169B3D58DD838302,classic_bike,2026-08-04 17:56:21.608,2026-08-04 18:01:02.704,Hudson Pl & Hoboken Terminal,HB107,4 St & River St,HB611,40.73579286776364,-74.02837457573912,40.7408139,-74.0274062,member
F30E957D951141F6,electric_bike,2026-08-04 17:57:31.016,2026-08-04 18:01:21.529,Grove St PATH,JC115,Hamilton Park,JC009,40.71941,-74.04309,40.727595966,-74.044247311,member
65CFDA945B3C5290,electric_bike,2026-08-04 17:57:42.807,2026-08-04 18:01:11.637,Grove St PATH,JC115,Monmouth & 6th,JC075,40.71941,-74.04309,40.72568548362901,-74.04879033565521,member
52B2316F639BED34,electric_bike,2026-08-04 17:58:07.370,2026-08-04 18:04:37.776,Grove St PATH,JC115,Baldwin at Montgomery,JC020,40.71941,-74.04309,40.7236589,-74.0641943,member
FC7BA4BD9B241C34,electric_bike,2026-08-04 17:59:51.812,2026-08-04 18:10:54.009,Grove St PATH,JC115,Astor Place,JC077,40.71941,-74.04309,40.71928220070702,-74.07126188278198,member
B7D41BDBA395B32D,electric_bike,2026-08-04 18:00:02.685,2026-08-04 18:03:02.056,Grove St PATH,JC115,Marin Light Rail,JC013,40.71941,-74.04309,40.71458403535893,-74.04281705617905,member
C562003C0D685CE6,classic_bike,2026-08-04 18:00:26.322,2026-08-04 18:09:45.137,Hudson Pl & Hoboken Terminal,HB107,7 St & Monroe St,HB304,40.73579286776364,-74.02837457573912,40.74641264837719,-74.03797701001167,member
00E909DDD0D30D8F,electric_bike,2026-08-04 18:00:49.977,2026-08-04 18:11:16.387,Grove St PATH,JC115,Hamilton Park,JC009,40.71941,-74.04309,40.727595966,-74.044247311,casual
AA11E985F7E53CB7,classic_bike,2026-08-04 18:01:24.366,2026-08-04 18:08:38.260,Hudson Pl & Hoboken Terminal,HB107,Clinton St & 7 St,HB303,40.73579286776364,-74.02837457573912,40.74542,-74.03332,member
6C4DEF489E33261E,classic_bike,2026-08-04 18:02:01.171,2026-08-04 18:12:17.862,Hudson Pl & Hoboken Terminal,HB107,11 St & Washington St,HB502,40.73579286776364,-74.02837457573912,40.74998490907138,-74.02715027332306,member
07ABA8130C9FF75C,classic_bike,2026-08-04 18:02:34.486,2026-08-04 18:06:34.524,Grove St PATH,JC115,Marin Light Rail,JC013,40.71941,-74.04309,40.71458403535893,-74.04281705617905,member
974CC68E0E78305D,classic_bike,2026-08-04 18:02:34.719,2026-08-04 18:12:53.092,River St & 1 St,HB609,12 St & Sinatra Dr N,HB201,40.73721535335381,-74.02886540972803,40.750604142368964,-74.02402013540268,casual
5F37979C7FE834A9,classic_bike,2026-08-04 18:02:34.939,2026-08-04 18:11:55.068,Hudson Pl & Hoboken Terminal,HB107,14 St Ferry - 14 St & Shipyard Ln,HB202,40.73579286776364,-74.02837457573912,40.752960630464955,-74.02435272932053,casual
A8D1809036C28C2A,electric_bike,2026-08-04 18:02:41.468,2026-08-04 18:08:36.120,River St & 1 St,HB609,14 St Ferry - 14 St & Shipyard Ln,HB202,40.73721535335381,-74.02886540972803,40.752960630464955,-74.02435272932053,casual
FE6DDEA0614651F5,classic_bike,2026-08-04 18:02:49.699,2026-08-04 18:12:21.245,Hudson Pl & Hoboken Terminal,HB107,11 St & Washington St,HB502,40.73579286776364,-74.02837457573912,40.74998490907138,-74.02715027332306,casual
E0F77CDE32A33A59,classic_bike,2026-08-04 18:02:57.214,2026-08-04 18:10:20.350,Grove St PATH,JC115,Morris Canal,JC072,40.71941,-74.04309,40.7124188237569,-74.03852552175522,member
851CCFE7EDC0BEDD,classic_bike,2026-08-04 18:03:06.956,2026-08-04 18:19:09.701,Grove St PATH,JC115,Grove St PATH,JC115,40.71941,-74.04309,40.71941,-74.04309,member
D89D0C83098C9F19,classic_bike,2026-08-04 18:03:16.740,2026-08-04 18:10:01.008,River St & 1 St,HB609,Marshall St & 2 St,HB408,40.73721535335381,-74.02886540972803,40.740802,-74.042521,member
5A35354A5ED1B068,classic_bike,2026-08-04 18:03:50.154,2026-08-04 18:10:32.338,River St & 1 St,HB609,Columbus Park - Clinton St & 9 St,HB501,40.73721535335381,-74.02886540972803,40.74816121065146,-74.0324530005455,member
8D0A882844038CB7,electric_bike,2026-08-04 18:03:50.155,2026-08-04 18:08:59.650,Bergen Ave & Sip Ave,JC109,Lincoln Park,JC053,40.73100888698729,-74.06443700194359,40.7246050998869,-74.07840594649315,member
6A349DEB64021740,classic_bike,2026-08-04 18:03:56.359,2026-08-04 18:12:58.561,River St & 1 St,HB609,12 St & Sinatra Dr N,HB201,40.73721535335381,-74.02886540972803,40.750604142368964,-74.02402013540268,casual
56EAC40B031F536F,classic_bike,2026-08-04 18:05:02.327,2026-08-04 18:10:41.313,River St & 1 St,HB609,12 St & Sinatra Dr N,HB201,40.73721535335381,-74.02886540972803,40.750604142368964,-74.02402013540268,member
4AB3BA7160613143,classic_bike,2026-08-04 18:05:25.225,2026-08-04 18:17:17.056,Grove St PATH,JC115,Southwest Park - Jackson St & Observer Hwy,HB401,40.71941,-74.04309,40.73755127245804,-74.04166370630264,member
47977D5EE5C5C344,classic_bike,2026-08-04 18:05:54.693,2026-08-04 18:13:17.830,South Waterfront Walkway - Sinatra Dr & 1 St,HB103,Southwest Park - Jackson St & Observer Hwy,HB401,40.73698221818716,-74.02778059244156,40.73755127245804,-74.04166370630264,member
03D3CC0B17202B9E,electric_bike,2026-08-04 18:05:56.526,2026-08-04 18:24:44.825,Hamilton Park,JC009,Liberty Light Rail,JC052,40.727595966,-74.044247311,40.7112423,-74.0557013,casual
08036AA18DA3AD7F,electric_bike,2026-08-04 18:06:21.928,2026-08-04 18:09:01.915,Bergen Ave & Sip Ave,JC109,McGinley Square,JC055,40.73100888698729,-74.06443700194359,40.7253399253558,-74.06762212514877,member
90B97B3CE70773E7,electric_bike,2026-08-04 18:07:09.574,2026-08-04 18:24:56.072,Hamilton Park,JC009,Liberty Light Rail,JC052,40.727595966,-74.044247311,40.7112423,-74.0557013,casual
FE2352A91141E8FF,classic_bike,2026-08-04 18:07:15.249,2026-08-04 18:17:16.626,Grove St PATH,JC115,Morris Canal,JC072,40.71941,-74.04309,40.7124188237569,-74.03852552175522,member
8DF661C0D3773EAD,classic_bike,2026-08-04 18:07:58.194,2026-08-04 18:11:23.212,Hudson Pl & Hoboken Terminal,HB107,4 St & River St,HB611,40.73579286776364,-74.02837457573912,40.7408139,-74.0274062,member
970225534EA78FD1,electric_bike,2026-08-04 18:08:14.313,2026-08-04 18:14:26.096,Grove St PATH,JC115,Dr. Lena Edwards Park,JC117,40.71941,-74.04309,40.713203,-74.058261,member
5D70CDB43A7E573A,electric_bike,2026-08-04 18:08:31.443,2026-08-04 18:11:54.446,Grove St PATH,JC115,Monmouth & 6th,JC075,40.71941,-74.04309,40.72568548362901,-74.04879033565521,member
5849DED1E3005E2B,electric_bike,2026-08-04 18:08:46.879,2026-08-04 18:11:27.784,Grove St PATH,JC115,Jersey & 6th St,JC027,40.71941,-74.04309,40.72528910781132,-74.04557168483734,member
D4BB336557014958,electric_bike,2026-08-04 18:08:50.784,2026-08-04 18:11:36.118,Grove St PATH,JC115,Marin Light Rail,JC013,40.71941,-74.04309,40.71458403535893,-74.04281705617905,casual
F6C99F3F4F864DA0,electric_bike,2026-08-04 18:09:51.935,2026-08-04 18:12:11.604,Bergen Ave & Sip Ave,JC109,McGinley Square,JC055,40.73100888698729,-74.06443700194359,40.7253399253558,-74.06762212514877,member
DAD8DE27CFF1567F,electric_bike,2026-08-04 18:09:58.354,2026-08-04 18:13:58.253,River St & 1 St,HB609,6 St & Grand St,HB302,40.73721535335381,-74.02886540972803,40.744397833095604,-74.03450086712837,member
2AF1A7D9D3BCD1CF,classic_bike,2026-08-04 18:11:02.795,2026-08-04 18:19:34.640,Grove St PATH,JC115,Essex Light Rail,JC038,40.71941,-74.04309,40.7127742,-74.0364857,member
BCF395866C0B187E,classic_bike,2026-08-04 18:11:20.732,2026-08-04 18:18:47.169,River St & 1 St,HB609,Clinton St & 7 St,HB303,40.73721535335381,-74.02886540972803,40.74542,-74.03332,member
B954B8C9553070DF,electric_bike,2026-08-04 18:11:35.736,2026-08-04 18:24:37.819,Grove St PATH,JC115,Baldwin at Montgomery,JC020,40.71941,-74.04309,40.7236589,-74.0641943,casual
7BBCA6DC1C294F92,electric_bike,2026-08-04 18:12:13.765,2026-08-04 18:22:37.506,Hamilton Park,JC009,11 St & Washington St,HB502,40.727595966,-74.044247311,40.74998490907138,-74.02715027332306,member
E56C7FCA5BF6D711,electric_bike,2026-08-04 18:12:21.274,2026-08-04 18:23:22.530,Grove St PATH,JC115,Oakland Ave,JC022,40.71941,-74.04309,40.7376037,-74.0524783,member
66090FBF044D85EC,classic_bike,2026-08-04 18:12:23.446,2026-08-04 18:20:09.213,South Waterfront Walkway - Sinatra Dr & 1 St,HB103,12 St & Sinatra Dr N,HB201,40.73698221818716,-74.02778059244156,40.750604142368964,-74.02402013540268,casual
C4146F9FA5688BA3,electric_bike,2026-08-04 18:13:04.049,2026-08-04 18:21:11.845,Grove St PATH,JC115,Communipaw & Berry Lane,JC084,40.71941,-74.04309,40.71435836870427,-74.06661093235016,member
912FD5E6C180852C,classic_bike,2026-08-04 18:13:09.010,2026-08-04 18:18:36.229,River St & 1 St,HB609,12 St & Sinatra Dr N,HB201,40.73721535335381,-74.02886540972803,40.750604142368964,-74.02402013540268,casual
7D8C8FE8FDDA38B4,classic_bike,2026-08-04 18:13:12.326,2026-08-04 18:24:28.614,South Waterfront Walkway - Sinatra Dr & 1 St,HB103,Columbus Park - Clinton St & 9 St,HB501,40.73698221818716,-74.02778059244156,40.74816121065146,-74.0324530005455,member
6436A85F962217F5,electric_bike,2026-08-04 18:13:19.868,2026-08-04 18:18:00.051,Grove St PATH,JC115,Grand St,JC102,40.71941,-74.04309,40.71517767732029,-74.03768330812454,member
3F2A2E408F1CB605,electric_bike,2026-08-04 18:13:22.179,2026-08-04 18:22:34.228,Hamilton Park,JC009,Pershing Field,JC024,40.727595966,-74.044247311,40.742677141,-74.051788633,member
D26D731C878D29BC,classic_bike,2026-08-04 18:13:25.908,2026-08-04 18:19:18.855,South Waterfront Walkway - Sinatra Dr & 1 St,HB103,14 St Ferry - 14 St & Shipyard Ln,HB202,40.73698221818716,-74.02778059244156,40.752960630464955,-74.02435272932053,member
2B706E9E67EBB7EB,classic_bike,2026-08-04 18:13:28.248,2026-08-04 18:21:30.622,River St & 1 St,HB609,14 St Ferry - 14 St & Shipyard Ln,HB202,40.73721535335381,-74.02886540972803,40.752960630464955,-74.02435272932053,casual
6893299776DF0BB8,electric_bike,2026-08-04 18:14:31.671,2026-08-04 18:20:36.448,Bergen Ave & Sip Ave,JC109,Lincoln Park,JC053,40.73100888698729,-74.06443700194359,40.7246050998869,-74.07840594649315,member
DBBBDF1413FB8CE7,electric_bike,2026-08-04 18:14:58.102,2026-08-04 18:19:10.105,Grove St PATH,JC115,Dr. Lena Edwards Park,JC117,40.71941,-74.04309,40.713203,-74.058261,member
F78121A825EA795E,electric_bike,2026-08-04 18:15:28.995,2026-08-04 18:18:33.518,Grove St PATH,JC115,JC Medical Center,JC110,40.71941,-74.04309,40.71539114317,-74.04969155788422,member
083DF938D9A829A9,electric_bike,2026-08-04 18:15:30.270,2026-08-04 18:20:03.033,Grove St PATH,JC115,Brunswick St,JC023,40.71941,-74.04309,40.7241765,-74.0506564,member
477227ADE0AB9B6B,electric_bike,2026-08-04 18:16:09.706,2026-08-04 18:21:51.840,Grove St PATH,JC115,Monmouth & 6th,JC075,40.71941,-74.04309,40.72568548362901,-74.04879033565521,member
3F8518E9BD68AAFF,electric_bike,2026-08-04 18:16:11.837,2026-08-04 18:23:04.452,Hamilton Park,JC009,City Hall,JC003,40.727595966,-74.044247311,40.7177325,-74.043845,member
C5595EEE255EBD65,classic_bike,2026-08-04 18:17:39.216,2026-08-04 18:21:57.886,Grove St PATH,JC115,Montgomery St,JC099,40.71941,-74.04309,40.71942,-74.05099,member
6DDC18C4B75C7CF9,classic_bike,2026-08-04 18:17:53.716,2026-08-04 18:23:39.200,South Waterfront Walkway - Sinatra Dr & 1 St,HB103,14 St Ferry - 14 St & Shipyard Ln,HB202,40.73698221818716,-74.02778059244156,40.752960630464955,-74.02435272932053,member
BE89E9911B2CEFC1,electric_bike,2026-08-04 18:18:04.340,2026-08-04 18:26:47.712,Grove St PATH,JC115,Liberty Light Rail,JC052,40.71941,-74.04309,40.7112423,-74.0557013,casual
944B5AD727249817,electric_bike,2026-08-04 18:18:15.750,2026-08-04 18:25:12.574,River St & 1 St,HB609,4 St & Grand St,HB301,40.73721535335381,-74.02886540972803,40.7422579775645,-74.03511106967926,member
6EC72C6716ADA6E1,electric_bike,2026-08-04 18:18:23.287,2026-08-04 18:40:31.621,Grove St PATH,JC115,Lafayette Park,JC078,40.71941,-74.04309,40.71346382669195,-74.06285852193832,member
8F3D139827CA39A9,electric_bike,2026-08-04 18:18:35.866,2026-08-04 18:23:57.961,River St & 1 St,HB609,8 St & Washington St,HB603,40.73721535335381,-74.02886540972803,40.745983882915624,-74.02819901704788,member
E992CED0571A938A,classic_bike,2026-08-04 18:19:07.898,2026-08-04 18:22:27.445,River St & 1 St,HB609,Stevens - River Ter & 6 St,HB602,40.73721535335381,-74.02886540972803,40.74313282710551,-74.02698867022991,member
780E7B4B76969ED1,classic_bike,2026-08-04 18:19:22.181,2026-08-04 18:30:17.838,Grove St PATH,JC115,Dr. Lena Edwards Park,JC117,40.71941,-74.04309,40.713203,-74.058261,member
AE4808342F4411F7,classic_bike,2026-08-04 18:19:36.752,2026-08-04 18:27:16.134,River St & 1 St,HB609,4 St & Grand St,HB301,40.73721535335381,-74.02886540972803,40.7422579775645,-74.03511106967926,casual
5A11BE11B052DD62,classic_bike,2026-08-04 18:21:02.042,2026-08-04 18:33:36.123,River St & 1 St,HB609,Grand St & 14 St,HB506,40.73721535335381,-74.02886540972803,40.75409,-74.0316,member
C5577DFB3529FE25,electric_bike,2026-08-04 18:21:20.605,2026-08-04 18:27:45.723,Bergen Ave & Sip Ave,JC109,Astor Place,JC077,40.73100888698729,-74.06443700194359,40.71928220070702,-74.07126188278198,member
DAB8A6D7FCC68F97,electric_bike,2026-08-04 18:23:09.143,2026-08-04 18:29:05.338,Grove St PATH,JC115,Baldwin at Montgomery,JC020,40.71941,-74.04309,40.7236589,-74.0641943,member
346EF8F6A60A51EC,electric_bike,2026-08-04 18:23:22.382,2026-08-04 18:33:11.348,Hamilton Park,JC009,Pacific Ave & Communipaw Ave,JC118,40.727595966,-74.044247311,40.711354,-74.062446,member
DB313452D348FA7A,electric_bike,2026-08-04 18:23:22.801,2026-08-04 18:27:59.629,Grove St PATH,JC115,Brunswick & 6th,JC081,40.71941,-74.04309,40.72601172964625,-74.05038893222809,member
5465FDA41FB06187,electric_bike,2026-08-04 18:23:27.985,2026-08-04 18:28:34.318,Grove St PATH,JC115,Montgomery St,JC099,40.71941,-74.04309,40.71942,-74.05099,member
A8F5123FCFF82FB3,electric_bike,2026-08-04 18:23:38.487,2026-08-04 18:28:15.182,Grove St PATH,JC115,Montgomery St,JC099,40.71941,-74.04309,40.71942,-74.05099,member
1876B21C3A832252,classic_bike,2026-08-04 18:23:41.920,2026-08-04 18:34:11.465,Grove St PATH,JC115,Dr. Lena Edwards Park,JC117,40.71941,-74.04309,40.713203,-74.058261,member
6D5F91B1036FA992,classic_bike,2026-08-04 18:23:43.898,2026-08-04 18:30:23.372,Grove St PATH,JC115,Monmouth & 6th,JC075,40.71941,-74.04309,40.72568548362901,-74.04879033565521,member
7405B1FB5B014F59,electric_bike,2026-08-04 18:24:22.048,2026-08-04 18:30:53.294,Grove St PATH,JC115,Brunswick St,JC023,40.71941,-74.04309,40.7241765,-74.0506564,member
904FFAC2ADCF75A3,electric_bike,2026-08-04 18:24:26.666,2026-08-04 18:34:10.890,Hamilton Park,JC009,McGinley Square,JC055,40.727595966,-74.044247311,40.7253399253558,-74.06762212514877,member
099C460C0EB235A9,classic_bike,2026-08-04 18:25:18.860,2026-08-04 18:29:10.281,Hamilton Park,JC009,Manila & 1st,JC082,40.727595966,-74.044247311,40.721650724879986,-74.04288411140442,member
8DD948D20CFCF1CD,classic_bike,2026-08-04 18:25:47.202,2026-08-04 18:42:05.996,South Waterfront Walkway - Sinatra Dr & 1 St,HB103,14 St Ferry - 14 St & Shipyard Ln,HB202,40.73698221818716,-74.02778059244156,40.752960630464955,-74.02435272932053,casual
F53E0B9498F79D63,classic_bike,2026-08-04 18:26:05.607,2026-08-04 18:43:16.960,South Waterfront Walkway - Sinatra Dr & 1 St,HB103,14 St Ferry - 14 St & Shipyard Ln,HB202,40.73698221818716,-74.02778059244156,40.752960630464955,-74.02435272932053,casual
8CE5860BB53DC468,electric_bike,2026-08-04 18:26:11.830,2026-08-04 18:32:16.899,Grove St PATH,JC115,Pacific Ave & Communipaw Ave,JC118,40.71941,-74.04309,40.711354,-74.062446,member
28B7697373E22060,electric_bike,2026-08-04 18:26:35.757,2026-08-04 18:35:21.907,Grove St PATH,JC115,Baldwin at Montgomery,JC020,40.71941,-74.04309,40.7236589,-74.0641943,casual
84476E3ABDE6FA3F,classic_bike,2026-08-04 18:26:47.855,2026-08-04 18:35:43.588,River St & 1 St,HB609,Madison St & 10 St,HB503,40.73721535335381,-74.02886540972803,40.74994325412246,-74.03586477041245,member
A68212DE248FE557,electric_bike,2026-08-04 18:27:29.603,2026-08-04 18:30:53.202,Bergen Ave & Sip Ave,JC109,McGinley Square,JC055,40.73100888698729,-74.06443700194359,40.7253399253558,-74.06762212514877,casual
66E10723D68ED01E,electric_bike,2026-08-04 18:27:47.234,2026-08-04 18:30:08.241,Grove St PATH,JC115,Montgomery St,JC099,40.71941,-74.04309,40.71942,-74.05099,member
09D39ECFFF6D57D6,classic_bike,2026-08-04 18:27:49.237,2026-08-04 18:41:19.062,Grove St PATH,JC115,Communipaw & Berry Lane,JC084,40.71941,-74.04309,40.71435836870427,-74.06661093235016,member
575BAF627E82A163,classic_bike,2026-08-04 18:28:32.999,2026-08-04 18:33:01.328,Grove St PATH,JC115,Jersey & 6th St,JC027,40.71941,-74.04309,40.72528910781132,-74.04557168483734,member
406356C334053354,electric_bike,2026-08-04 18:28:54.824,2026-08-04 18:42:38.207,Grove St PATH,JC115,Arlington Ave & Bramhall Ave,JC120,40.71941,-74.04309,40.713225,-74.070645,casual
05EBF8D7020FD7CA,classic_bike,2026-08-04 18:29:01.432,2026-08-04 18:36:07.187,River St & 1 St,HB609,12 St & Sinatra Dr N,HB201,40.73721535335381,-74.02886540972803,40.750604142368964,-74.02402013540268,member
7D3986ED41972DA0,classic_bike,2026-08-04 18:32:00.237,2026-08-04 18:34:19.647,Grove St PATH,JC115,Van Vorst Park,JC035,40.71941,-74.04309,40.71848892,-74.047726625,member
627AB05FDC3CCE3A,classic_bike,2026-08-04 18:32:07.696,2026-08-04 18:41:56.113,Grove St PATH,JC115,Liberty Light Rail,JC052,40.71941,-74.04309,40.7112423,-74.0557013,member
2B706EBFE3796B72,electric_bike,2026-08-04 18:32:22.147,2026-08-04 18:37:39.302,Grove St PATH,JC115,Liberty Light Rail,JC052,40.71941,-74.04309,40.7112423,-74.0557013,member
7A5FDFAEEC7B49F0,classic_bike,2026-08-04 18:32:34.497,2026-08-04 18:40:27.252,Grove St PATH,JC115,Morris Canal,JC072,40.71941,-74.04309,40.7124188237569,-74.03852552175522,member
93DA9481C818A01E,electric_bike,2026-08-04 18:33:07.449,2026-08-04 18:37:12.173,South Waterfront Walkway - Sinatra Dr & 1 St,HB103,4 St & River St,HB611,40.73698221818716,-74.02778059244156,40.7408139,-74.0274062,casual
CFE38F0717FA4DCB,classic_bike,2026-08-04 18:33:13.416,2026-08-04 18:37:33.712,Bergen Ave & Sip Ave,JC109,McGinley Square,JC055,40.73100888698729,-74.06443700194359,40.7253399253558,-74.06762212514877,member
7499072D0529C97F,classic_bike,2026-08-04 18:33:35.677,2026-08-04 18:37:27.103,Grove St PATH,JC115,Brunswick St,JC023,40.71941,-74.04309,40.7241765,-74.0506564,member
8934983258AB39DD,electric_bike,2026-08-04 18:33:45.736,2026-08-04 18:45:47.175,Grove St PATH,JC115,Baldwin at Montgomery,JC020,40.71941,-74.04309,40.7236589,-74.0641943,member
5C9C246CA28BA0AC,electric_bike,2026-08-04 18:33:59.496,2026-08-04 18:47:16.843,Grove St PATH,JC115,Montgomery St,JC099,40.71941,-74.04309,40.71942,-74.05099,member
76B5504FA647DDA8,electric_bike,2026-08-04 18:34:05.208,2026-08-04 18:41:19.143,River St & 1 St,HB609,Willow Ave & 12 St,HB505,40.73721535335381,-74.02886540972803,40.7518674823282,-74.03037697076797,member
966427977E363046,classic_bike,2026-08-04 18:34:53.922,2026-08-04 18:45:32.094,South Waterfront Walkway - Sinatra Dr & 1 St,HB103,Columbus Park - Clinton St & 9 St,HB501,40.73698221818716,-74.02778059244156,40.74816121065146,-74.0324530005455,member
539A0E150FB48F03,classic_bike,2026-08-04 18:35:46.354,2026-08-04 18:42:04.995,River St & 1 St,HB609,4 St & Grand St,HB301,40.73721535335381,-74.02886540972803,40.7422579775645,-74.03511106967926,member
137EE7EE81CEF476,electric_bike,2026-08-04 18:36:27.650,2026-08-04 18:45:03.659,Grove St PATH,JC115,Hamilton Park,JC009,40.71941,-74.04309,40.727595966,-74.044247311,member
44941F87DC5BDA1B,classic_bike,2026-08-04 18:36:36.367,2026-08-04 18:55:11.711,South Waterfront Walkway - Sinatra Dr & 1 St,HB103,9 St HBLR - Jackson St & 8 St,HB305,40.73698221818716,-74.02778059244156,40.74790720968899,-74.03841152787209,member
B2CC408CD13C8035,electric_bike,2026-08-04 18:37:53.584,2026-08-04 18:44:47.164,River St & 1 St,HB609,11 St & Washington St,HB502,40.73721535335381,-74.02886540972803,40.74998490907138,-74.02715027332306,member
2BA964FE55BA2BDB,electric_bike,2026-08-04 18:38:20.295,2026-08-04 18:42:14.381,Grove St PATH,JC115,Marin Light Rail,JC013,40.71941,-74.04309,40.71458403535893,-74.04281705617905,casual
C390CD40583205EF,electric_bike,2026-08-04 18:39:05.550,2026-08-04 18:44:28.801,Grove St PATH,JC115,Pacific Ave & Communipaw Ave,JC118,40.71941,-74.04309,40.711354,-74.062446,member
97DEA5C753572AF5,classic_bike,2026-08-04 18:39:11.387,2026-08-04 18:41:28.124,Grove St PATH,JC115,Van Vorst Park,JC035,40.71941,-74.04309,40.71848892,-74.047726625,member
69FE56EE5FC6B54A,classic_bike,2026-08-04 18:39:35.903,2026-08-04 18:43:01.527,Grove St PATH,JC115,Jersey & 3rd,JC074,40.71941,-74.04309,40.72333158646436,-74.04595255851744,member
44FCDBC6A85BBD61,electric_bike,2026-08-04 18:40:46.380,2026-08-04 18:44:57.966,Hamilton Park,JC009,Manila & 1st,JC082,40.727595966,-74.044247311,40.721650724879986,-74.04288411140442,member
2D103BB900AE5177,classic_bike,2026-08-04 18:40:50.859,2026-08-04 18:46:16.228,Grove St PATH,JC115,Grand St,JC102,40.71941,-74.04309,40.71517767732029,-74.03768330812454,member
AA13EFC5B007E473,electric_bike,2026-08-04 18:42:19.998,2026-08-04 18:48:21.316,Grove St PATH,JC115,Liberty Light Rail,JC052,40.71941,-74.04309,40.7112423,-74.0557013,member
48EE4D84F294C533,classic_bike,2026-08-04 18:44:25.528,2026-08-04 18:58:23.833,Hamilton Park,JC009,11 St & Washington St,HB502,40.727595966,-74.044247311,40.74998490907138,-74.02715027332306,member
F0F0FF32CCED568B,classic_bike,2026-08-04 18:46:56.351,2026-08-04 18:50:08.163,Grove St PATH,JC115,Marin Light Rail,JC013,40.71941,-74.04309,40.71458403535893,-74.04281705617905,member
86A74F881BFDFB5F,electric_bike,2026-08-04 18:47:03.097,2026-08-04 18:58:34.021,Grove St PATH,JC115,Pacific Ave & Communipaw Ave,JC118,40.71941,-74.04309,40.711354,-74.062446,member
828F5418CCC74E16,classic_bike,2026-08-04 18:47:18.336,2026-08-04 18:59:28.341,Hamilton Park,JC009,River St & 1 St,HB609,40.727595966,-74.044247311,40.73721535335381,-74.02886540972803,member
5BEE4CC5CDBD88FD,electric_bike,2026-08-04 18:50:20.930,2026-08-04 18:56:40.658,Hudson Pl & Hoboken Terminal,HB107,11 St & Washington St,HB502,40.73579286776364,-74.02837457573912,40.74998490907138,-74.02715027332306,member
EA85F9539AFCDDDB,classic_bike,2026-08-04 18:51:01.615,2026-08-04 18:57:24.442,River St & 1 St,HB609,12 St & Sinatra Dr N,HB201,40.73721535335381,-74.02886540972803,40.750604142368964,-74.02402013540268,member
D637DFAEE968A32A,classic_bike,2026-08-04 18:51:10.931,2026-08-04 18:59:00.025,South Waterfront Walkway - Sinatra Dr & 1 St,HB103,Clinton St & 7 St,HB303,40.73698221818716,-74.02778059244156,40.74542,-74.03332,member
13472188FD96D030,classic_bike,2026-08-04 18:51:25.332,2026-08-04 18:59:36.745,South Waterfront Walkway - Sinatra Dr & 1 St,HB103,11 St & Washington St,HB502,40.73698221818716,-74.02778059244156,40.74998490907138,-74.02715027332306,casual
A24FC66EFB2CB840,classic_bike,2026-08-04 18:53:26.759,2026-08-04 19:03:16.765,River St & 1 St,HB609,7 St & Monroe St,HB304,40.73721535335381,-74.02886540972803,40.74641264837719,-74.03797701001167,member
4057B0CEAF472F7E,classic_bike,2026-08-04 18:53:54.195,2026-08-04 19:01:15.253,Grove St PATH,JC115,Hamilton Park,JC009,40.71941,-74.04309,40.727595966,-74.044247311,member
4A5E14F152EDB750,classic_bike,2026-08-04 18:54:57.677,2026-08-04 18:57:11.299,South Waterfront Walkway - Sinatra Dr & 1 St,HB103,4 St & River St,HB611,40.73698221818716,-74.02778059244156,40.7408139,-74.0274062,member
9E6B7E45FEACF30D,classic_bike,2026-08-04 18:56:39.549,2026-08-04 18:59:52.217,Grove St PATH,JC115,Warren St,JC006,40.71941,-74.04309,40.7211236,-74.03805095,member
C1D240E152928239,classic_bike,2026-08-04 18:56:57.431,2026-08-04 19:01:49.235,Grove St PATH,JC115,JC Medical Center,JC110,40.71941,-74.04309,40.71539114317,-74.04969155788422,member
7FA98A50B7F81E6B,electric_bike,2026-08-04 18:57:06.064,2026-08-04 19:01:12.476,Grove St PATH,JC115,York St & Marin Blvd,JC097,40.71941,-74.04309,40.716615000830494,-74.0424120426178,member
8583817E246E0948,electric_bike,2026-08-04 18:58:19.100,2026-08-04 19:05:23.379,River St & 1 St,HB609,Grand St & 14 St,HB506,40.73721535335381,-74.02886540972803,40.75409,-74.0316,casual
FC9B80B06A58508C,electric_bike,2026-08-04 18:58:28.069,2026-08-04 19:03:00.586,River St & 1 St,HB609,11 St & Washington St,HB502,40.73721535335381,-74.02886540972803,40.74998490907138,-74.02715027332306,casual
B72EC0C1ACECC6E8,classic_bike,2026-08-04 18:58:54.537,2026-08-04 19:14:22.670,Grove St PATH,JC115,Stevens - River Ter & 6 St,HB602,40.71941,-74.04309,40.74313282710551,-74.02698867022991,member
E094EEF9E8B093A5,classic_bike,2026-08-04 18:58:56.065,2026-08-04 19:11:40.421,River St & 1 St,HB609,11 St & Washington St,HB502,40.73721535335381,-74.02886540972803,40.74998490907138,-74.02715027332306,member
2194E7323B0A28D9,classic_bike,2026-08-04 18:59:45.689,2026-08-04 19:04:05.420,Grove St PATH,JC115,JC Medical Center,JC110,40.71941,-74.04309,40.71539114317,-74.04969155788422,member
3A0761E021A80533,classic_bike,2026-08-04 18:59:46.960,2026-08-04 19:02:06.075,South Waterfront Walkway - Sinatra Dr & 1 St,HB103,4 St & River St,HB611,40.73698221818716,-74.02778059244156,40.7408139,-74.0274062,member
2CB2A20D291982ED,classic_bike,2026-08-04 19:00:26.678,2026-08-04 19:10:58.345,South Waterfront Walkway - Sinatra Dr & 1 St,HB103,Bloomfield St & 15 St,HB203,40.73698221818716,-74.02778059244156,40.75453,-74.02658,member
2D7ABF4EAFD35538,classic_bike,2026-08-04 19:01:46.840,2026-08-04 19:07:43.477,South Waterfront Walkway - Sinatra Dr & 1 St,HB103,Clinton St & 7 St,HB303,40.73698221818716,-74.02778059244156,40.74542,-74.03332,member
54DA3E202CE3C7B5,classic_bike,2026-08-04 19:01:49.106,2026-08-04 19:10:49.117,Grove St PATH,JC115,Brunswick & 6th,JC081,40.71941,-74.04309,40.72601172964625,-74.05038893222809,casual
C07183EEFE2601D9,classic_bike,2026-08-04 19:01:56.313,2026-08-04 19:10:38.843,Grove St PATH,JC115,Essex Light Rail,JC038,40.71941,-74.04309,40.7127742,-74.0364857,member
8BA2F065CDB9062F,classic_bike,2026-08-04 19:02:20.752,2026-08-04 19:11:16.724,River St & 1 St,HB609,12 St & Sinatra Dr N,HB201,40.73721535335381,-74.02886540972803,40.750604142368964,-74.02402013540268,member
226E5357A9567212,electric_bike,2026-08-04 19:03:53.196,2026-08-04 19:08:43.016,Bergen Ave & Sip Ave,JC109,Glenwood Ave,JC094,40.73100888698729,-74.06443700194359,40.72755146730012,-74.07106071710587,member
508A8B1C0416ABBE,electric_bike,2026-08-04 19:04:43.123,2026-08-04 19:07:48.734,Bergen Ave & Sip Ave,JC109,McGinley Square,JC055,40.73100888698729,-74.06443700194359,40.7253399253558,-74.06762212514877,member
AF74770E8A707424,classic_bike,2026-08-04 19:05:28.171,2026-08-04 19:10:55.609,River St & 1 St,HB609,Marshall St & 2 St,HB408,40.73721535335381,-74.02886540972803,40.740802,-74.042521,member
111FD2CD611B0BF8,classic_bike,2026-08-04 19:06:34.949,2026-08-04 19:13:41.662,South Waterfront Walkway - Sinatra Dr & 1 St,HB103,Columbus Park - Clinton St & 9 St,HB501,40.73698221818716,-74.02778059244156,40.74816121065146,-74.0324530005455,member
ACED94DA057D6D00,classic_bike,2026-08-04 19:11:53.101,2026-08-04 19:20:34.712,South Waterfront Walkway - Sinatra Dr & 1 St,HB103,7 St & Monroe St,HB304,40.73698221818716,-74.02778059244156,40.74641264837719,-74.03797701001167,member
6C9E9E2DF9D17567,classic_bike,2026-08-04 19:13:36.689,2026-08-04 19:19:57.755,River St & 1 St,HB609,9 St HBLR - Jackson St & 8 St,HB305,40.73721535335381,-74.02886540972803,40.74790720968899,-74.03841152787209,member
083AEF1843D0E54C,electric_bike,2026-08-04 19:18:00.181,2026-08-04 19:28:59.219,Grove St PATH,JC115,Arlington Ave & Wilkinson Ave,JC127,40.71941,-74.04309,40.704503,-74.07721,member
5874F11790728114,electric_bike,2026-08-04 19:18:46.366,2026-08-04 19:22:03.629,Grove St PATH,JC115,Brunswick St,JC023,40.71941,-74.04309,40.7241765,-74.0506564,casual
F5EA03F85D2AD059,electric_bike,2026-08-04 19:19:40.780,2026-08-04 19:26:04.750,Bergen Ave & Sip Ave,JC109,Lincoln Park,JC053,40.73100888698729,-74.06443700194359,40.7246050998869,-74.07840594649315,member
DD42EE80D72B3B95,classic_bike,2026-08-04 19:21:54.015,2026-08-04 19:24:48.785,Grove St PATH,JC115,York St & Marin Blvd,JC097,40.71941,-74.04309,40.716615000830494,-74.0424120426178,member
E3F30710A05F6654,electric_bike,2026-08-04 19:25:32.054,2026-08-04 19:47:34.489,Hamilton Park,JC009,Lafayette Park,JC078,40.727595966,-74.044247311,40.71346382669195,-74.06285852193832,casual
FD496C5539CEFEBD,electric_bike,2026-08-04 19:25:44.904,2026-08-04 19:47:31.639,Hamilton Park,JC009,Lafayette Park,JC078,40.727595966,-74.044247311,40.71346382669195,-74.06285852193832,casual
450DE31D56E706E0,electric_bike,2026-08-04 19:25:51.273,2026-08-04 19:36:16.828,South Waterfront Walkway - Sinatra Dr & 1 St,HB103,Hilltop,JC019,40.73698221818716,-74.02778059244156,40.7311689,-74.0575736,member
38902800181E81C7,classic_bike,2026-08-04 19:27:38.828,2026-08-04 19:41:38.541,Grove St PATH,JC115,Pacific Ave & Communipaw Ave,JC118,40.71941,-74.04309,40.711354,-74.062446,member
449C7C973DB74B53,electric_bike,2026-08-04 19:27:59.533,2026-08-04 19:34:40.296,Hamilton Park,JC009,Hilltop,JC019,40.727595966,-74.044247311,40.7311689,-74.0575736,member
E2194EFB62DC59D4,classic_bike,2026-08-04 19:28:47.337,2026-08-04 19:32:36.937,Grove St PATH,JC115,Hamilton Park,JC009,40.71941,-74.04309,40.727595966,-74.044247311,member
7B0C034A7A7DB217,classic_bike,2026-08-04 19:31:59.223,2026-08-04 19:39:22.748,Bergen Ave & Sip Ave,JC109,Bergen Ave,JC095,40.73100888698729,-74.06443700194359,40.722103786686034,-74.07145500183105,member
A60109390B23D38B,electric_bike,2026-08-04 19:33:06.319,2026-08-04 19:38:56.474,Hamilton Park,JC009,Southwest Park - Jackson St & Observer Hwy,HB401,40.727595966,-74.044247311,40.73755127245804,-74.04166370630264,member
B4464071C5F04644,classic_bike,2026-08-04 19:33:24.367,2026-08-04 20:01:15.374,Grove St PATH,JC115,Dixon Mills,JC076,40.71941,-74.04309,40.721630142638354,-74.04996782541275,member
9C4F53378BC7795B,electric_bike,2026-08-04 19:35:00.243,2026-08-04 19:37:44.010,Bergen Ave & Sip Ave,JC109,McGinley Square,JC055,40.73100888698729,-74.06443700194359,40.7253399253558,-74.06762212514877,member
3D78028F977DEE66,classic_bike,2026-08-04 19:36:00.877,2026-08-04 19:38:35.338,Grove St PATH,JC115,Marin Light Rail,JC013,40.71941,-74.04309,40.71458403535893,-74.04281705617905,member
AAE5616277700CE3,classic_bike,2026-08-04 19:37:49.645,2026-08-04 19:41:47.059,Grove St PATH,JC115,Jersey & 6th St,JC027,40.71941,-74.04309,40.72528910781132,-74.04557168483734,member
9BAEE4325BA06DC9,electric_bike,2026-08-04 19:40:52.794,2026-08-04 19:42:43.830,Hamilton Park,JC009,Jersey & 3rd,JC074,40.727595966,-74.044247311,40.72333158646436,-74.04595255851744,member
766E9EC7748EDFB4,electric_bike,2026-08-04 19:41:40.288,2026-08-04 19:47:14.351,Hudson Pl & Hoboken Terminal,HB107,Columbus Park - Clinton St & 9 St,HB501,40.73579286776364,-74.02837457573912,40.74816121065146,-74.0324530005455,member
BA795F5D9CAC7A2C,electric_bike,2026-08-04 19:47:10.536,2026-08-04 19:53:37.547,Hudson Pl & Hoboken Terminal,HB107,Madison St & 10 St,HB503,40.73579286776364,-74.02837457573912,40.74994325412246,-74.03586477041245,member
C38349217357AC9B,electric_bike,2026-08-04 19:47:41.760,2026-08-04 20:01:32.594,Hudson Pl & Hoboken Terminal,HB107,Grand St & 14 St,HB506,40.73579286776364,-74.02837457573912,40.75409,-74.0316,casual
9AA18A5E6EE97560,classic_bike,2026-08-04 19:48:31.711,2026-08-04 19:54:27.465,Grove St PATH,JC115,Washington St,JC098,40.71941,-74.04309,40.7242941,-74.0354826,member
07AC795621132914,electric_bike,2026-08-04 19:48:43.575,2026-08-04 19:54:18.945,River St & 1 St,HB609,4 St & Grand St,HB301,40.73721535335381,-74.02886540972803,40.7422579775645,-74.03511106967926,member
B8868FFC2D69D8BD,classic_bike,2026-08-04 19:49:01.947,2026-08-04 19:57:33.510,Grove St PATH,JC115,Brunswick & 6th,JC081,40.71941,-74.04309,40.72601172964625,-74.05038893222809,casual
BC6EA8CFB3EBC0A4,classic_bike,2026-08-04 19:49:48.133,2026-08-04 19:55:01.202,Grove St PATH,JC115,JC Medical Center,JC110,40.71941,-74.04309,40.71539114317,-74.04969155788422,casual
D0C7FC1ACCD61C42,classic_bike,2026-08-04 19:54:00.562,2026-08-04 20:03:59.418,South Waterfront Walkway - Sinatra Dr & 1 St,HB103,11 St & Washington St,HB502,40.73698221818716,-74.02778059244156,40.74998490907138,-74.02715027332306,casual
1FC64C2166032644,classic_bike,2026-08-04 19:55:40.727,2026-08-04 20:07:05.495,Grove St PATH,JC115,Communipaw & Berry Lane,JC084,40.71941,-74.04309,40.71435836870427,-74.06661093235016,member
C48182861EFF846C,classic_bike,2026-08-04 19:57:03.234,2026-08-04 20:03:20.812,Grove St PATH,JC115,Dixon Mills,JC076,40.71941,-74.04309,40.721630142638354,-74.04996782541275,member
3B2D0A2296655C97,classic_bike,2026-08-04 19:57:53.918,2026-08-04 20:04:25.781,Grove St PATH,JC115,Exchange Pl,JC116,40.71941,-74.04309,40.71636596185077,-74.034343957901,member
967C36434095AEED,electric_bike,2026-08-04 20:00:12.300,2026-08-04 20:03:29.687,River St & 1 St,HB609,8 St & Washington St,HB603,40.73721535335381,-74.02886540972803,40.745983882915624,-74.02819901704788,member
50DA406A5FFF3474,electric_bike,2026-08-04 20:01:21.974,2026-08-04 20:12:06.195,Grove St PATH,JC115,Union St & Bergen Ave,JC122,40.71941,-74.04309,40.71575,-74.07887,member
0B8B7B00E0558590,electric_bike,2026-08-04 20:05:00.424,2026-08-04 20:10:15.618,Grove St PATH,JC115,Baldwin at Montgomery,JC020,40.71941,-74.04309,40.7236589,-74.0641943,member
E7D211398F9F78B3,classic_bike,2026-08-04 20:07:31.623,2026-08-04 20:12:45.369,Grove St PATH,JC115,JC Medical Center,JC110,40.71941,-74.04309,40.71539114317,-74.04969155788422,member
556F8D4EA7E31335,classic_bike,2026-08-04 20:08:36.694,2026-08-04 20:18:19.442,Grove St PATH,JC115,Communipaw & Berry Lane,JC084,40.71941,-74.04309,40.71435836870427,-74.06661093235016,member
E7CE9F0F5F43691A,classic_bike,2026-08-04 20:11:23.750,2026-08-04 20:17:50.480,River St & 1 St,HB609,7 St & Monroe St,HB304,40.73721535335381,-74.02886540972803,40.74641264837719,-74.03797701001167,member
41D4D7BD1CA3B100,classic_bike,2026-08-04 20:12:07.996,2026-08-04 20:16:01.845,Hamilton Park,JC009,Brunswick & 6th,JC081,40.727595966,-74.044247311,40.72601172964625,-74.05038893222809,member
28BA24534D33C993,classic_bike,2026-08-04 20:12:17.792,2026-08-04 20:21:36.583,River St & 1 St,HB609,Adams St & 12 St,HB610,40.73721535335381,-74.02886540972803,40.751889392240685,-74.03329162748534,casual
506D461E097B8D3E,classic_bike,2026-08-04 20:18:59.998,2026-08-04 20:21:10.720,Grove St PATH,JC115,York St & Marin Blvd,JC097,40.71941,-74.04309,40.716615000830494,-74.0424120426178,member
6577B2CDE5644558,classic_bike,2026-08-04 20:23:44.315,2026-08-04 20:40:23.720,Grove St PATH,JC115,City Hall,JC003,40.71941,-74.04309,40.7177325,-74.043845,member
233B3033DD706C70,electric_bike,2026-08-04 20:24:02.689,2026-08-04 20:28:21.929,Grove St PATH,JC115,Brunswick & 6th,JC081,40.71941,-74.04309,40.72601172964625,-74.05038893222809,member
CCABE2BED51206C7,classic_bike,2026-08-04 20:27:10.521,2026-08-04 20:31:41.464,Grove St PATH,JC115,Hamilton Park,JC009,40.71941,-74.04309,40.727595966,-74.044247311,member
9781FC023EB43B1F,classic_bike,2026-08-04 20:27:27.792,2026-08-04 20:36:41.747,River St & 1 St,HB609,Hoboken Ave at Monmouth St,JC105,40.73721535335381,-74.02886540972803,40.73520838045357,-74.04696375131607,member
9981A959EBB785B4,electric_bike,2026-08-04 20:29:21.607,2026-08-04 20:43:30.459,Hamilton Park,JC009,Brunswick & 6th,JC081,40.727595966,-74.044247311,40.72601172964625,-74.05038893222809,casual
CF167DB085C3C9BF,electric_bike,2026-08-04 20:29:44.332,2026-08-04 20:43:28.495,Hamilton Park,JC009,Brunswick & 6th,JC081,40.727595966,-74.044247311,40.72601172964625,-74.05038893222809,casual
3814B4BD87439A89,electric_bike,2026-08-04 20:33:06.212,2026-08-04 20:51:35.958,Hudson Pl & Hoboken Terminal,HB107,McGinley Square,JC055,40.73579286776364,-74.02837457573912,40.7253399253558,-74.06762212514877,member
C7AAE9648EACEA67,classic_bike,2026-08-04 20:35:48.764,2026-08-04 20:42:38.411,Hamilton Park,JC009,Montgomery St,JC099,40.727595966,-74.044247311,40.71942,-74.05099,casual
1DCDC229E874682E,classic_bike,2026-08-04 20:41:04.478,2026-08-04 20:50:29.747,South Waterfront Walkway - Sinatra Dr & 1 St,HB103,14 St Ferry - 14 St & Shipyard Ln,HB202,40.73698221818716,-74.02778059244156,40.752960630464955,-74.02435272932053,member
E5E5B560E68A857B,electric_bike,2026-08-04 20:41:38.011,2026-08-04 20:46:57.655,River St & 1 St,HB609,11 St & Washington St,HB502,40.73721535335381,-74.02886540972803,40.74998490907138,-74.02715027332306,member
7BA80B16CB3F2178,classic_bike,2026-08-04 20:41:44.184,2026-08-04 20:51:03.458,South Waterfront Walkway - Sinatra Dr & 1 St,HB103,Bloomfield St & 15 St,HB203,40.73698221818716,-74.02778059244156,40.75453,-74.02658,member
94984AF48D12C1F6,electric_bike,2026-08-04 20:42:31.832,2026-08-04 20:50:13.849,River St & 1 St,HB609,6 St & Grand St,HB302,40.73721535335381,-74.02886540972803,40.744397833095604,-74.03450086712837,member
CFCA02BF58AC25E4,electric_bike,2026-08-04 20:42:38.176,2026-08-04 20:49:41.295,Grove St PATH,JC115,Communipaw & Berry Lane,JC084,40.71941,-74.04309,40.71435836870427,-74.06661093235016,member
2CE737C2DAB5DD25,electric_bike,2026-08-04 20:44:10.624,2026-08-04 20:48:52.257,Hamilton Park,JC009,Hilltop,JC019,40.727595966,-74.044247311,40.7311689,-74.0575736,member
C0EB07E52F85000F,classic_bike,2026-08-04 20:45:26.099,2026-08-04 20:55:13.202,South Waterfront Walkway - Sinatra Dr & 1 St,HB103,11 St & Washington St,HB502,40.73698221818716,-74.02778059244156,40.74998490907138,-74.02715027332306,casual
563906CAD97C9DB9,classic_bike,2026-08-04 20:45:49.068,2026-08-04 20:53:39.671,Bergen Ave & Sip Ave,JC109,Baldwin at Montgomery,JC020,40.73100888698729,-74.06443700194359,40.7236589,-74.0641943,member
03F65C66938D350C,classic_bike,2026-08-04 20:45:52.125,2026-08-04 20:50:39.541,Grove St PATH,JC115,Warren St,JC006,40.71941,-74.04309,40.7211236,-74.03805095,member
C4D0BBD48F09E5BE,classic_bike,2026-08-04 20:46:26.494,2026-08-04 20:50:36.401,Grove St PATH,JC115,Warren St,JC006,40.71941,-74.04309,40.7211236,-74.03805095,member
720A0A41F6CACBC5,classic_bike,2026-08-04 20:48:50.015,2026-08-04 20:50:28.882,Grove St PATH,JC115,City Hall,JC003,40.71941,-74.04309,40.7177325,-74.043845,member
F1531BE1F7D3894C,electric_bike,2026-08-04 20:49:08.592,2026-08-04 20:53:12.672,Grove St PATH,JC115,Marin Light Rail,JC013,40.71941,-74.04309,40.71458403535893,-74.04281705617905,member
D04C29C139BDD0B9,classic_bike,2026-08-04 20:50:46.273,2026-08-04 20:54:59.224,Grove St PATH,JC115,Newark Ave,JC032,40.71941,-74.04309,40.72152515,-74.046304543,member
8FE8B8CD38595553,classic_bike,2026-08-04 20:51:19.456,2026-08-04 20:55:00.687,Hamilton Park,JC009,Washington St,JC098,40.727595966,-74.044247311,40.7242941,-74.0354826,member
3D09A47364B5AFA4,classic_bike,2026-08-04 20:51:29.473,2026-08-04 21:02:12.248,Grove St PATH,JC115,Hoboken Terminal - Hudson St & Hudson Pl,HB101,40.71941,-74.04309,40.73593758446329,-74.03030455112457,member
3F200337F118888C,classic_bike,2026-08-04 20:55:23.937,2026-08-04 21:05:56.066,Hudson Pl & Hoboken Terminal,HB107,Newport Pkwy,JC008,40.73579286776364,-74.02837457573912,40.7287448,-74.0321082,member
EC8C3FDED3477315,electric_bike,2026-08-04 20:55:52.413,2026-08-04 21:00:27.979,Hamilton Park,JC009,Brunswick St,JC023,40.727595966,-74.044247311,40.7241765,-74.0506564,member
81B7C09ED912E673,electric_bike,2026-08-04 20:58:13.449,2026-08-04 21:09:06.924,Grove St PATH,JC115,Heights Elevator,JC059,40.71941,-74.04309,40.748715945380226,-74.04044330120087,member
C6BE791556F8135B,classic_bike,2026-08-04 21:01:18.112,2026-08-04 21:04:28.451,Grove St PATH,JC115,Marin Light Rail,JC013,40.71941,-74.04309,40.71458403535893,-74.04281705617905,member
47AC4604EDD803F2,electric_bike,2026-08-04 21:03:38.046,2026-08-04 21:13:00.491,River St & 1 St,HB609,Adams St & 12 St,HB610,40.73721535335381,-74.02886540972803,40.751889392240685,-74.03329162748534,member
BC5451B964F68531,electric_bike,2026-08-04 21:03:51.286,2026-08-04 21:13:52.606,Grove St PATH,JC115,Newport Pkwy,JC008,40.71941,-74.04309,40.7287448,-74.0321082,member
AC5EDF2B573EC79B,classic_bike,2026-08-04 21:03:59.064,2026-08-04 21:13:37.189,South Waterfront Walkway - Sinatra Dr & 1 St,HB103,14 St Ferry - 14 St & Shipyard Ln,HB202,40.73698221818716,-74.02778059244156,40.752960630464955,-74.02435272932053,casual
6AE6A095CDD96EDF,classic_bike,2026-08-04 21:04:49.284,2026-08-04 21:08:42.851,Grove St PATH,JC115,Marin Light Rail,JC013,40.71941,-74.04309,40.71458403535893,-74.04281705617905,member
CC4EF7A8BBA9DA1C,classic_bike,2026-08-04 21:14:28.238,2026-08-04 21:17:55.907,Grove St PATH,JC115,Dixon Mills,JC076,40.71941,-74.04309,40.721630142638354,-74.04996782541275,member
F4D1EF795ADA31D8,classic_bike,2026-08-04 21:14:48.625,2026-08-04 21:17:45.889,Grove St PATH,JC115,Marin Light Rail,JC013,40.71941,-74.04309,40.71458403535893,-74.04281705617905,member
B08199ADA3548488,classic_bike,2026-08-04 21:23:09.268,2026-08-04 21:28:02.227,Hamilton Park,JC009,Brunswick St,JC023,40.727595966,-74.044247311,40.7241765,-74.0506564,member
924E4074E656805A,classic_bike,2026-08-04 21:26:44.529,2026-08-04 21:30:35.980,Grove St PATH,JC115,Marin Light Rail,JC013,40.71941,-74.04309,40.71458403535893,-74.04281705617905,member
A7C8DA180E7135EF,classic_bike,2026-08-04 21:37:43.200,2026-08-04 21:41:37.115,Grove St PATH,JC115,Marin Light Rail,JC013,40.71941,-74.04309,40.71458403535893,-74.04281705617905,member
772383A578E358B5,electric_bike,2026-08-04 21:37:48.573,2026-08-04 21:43:01.358,River St & 1 St,HB609,12 St & Sinatra Dr N,HB201,40.73721535335381,-74.02886540972803,40.750604142368964,-74.02402013540268,member
DF59F850035DCA8E,classic_bike,2026-08-04 21:37:58.617,2026-08-04 21:41:53.653,Grove St PATH,JC115,Jersey & 6th St,JC027,40.71941,-74.04309,40.72528910781132,-74.04557168483734,member
5F3ED00FB7EE9758,classic_bike,2026-08-04 21:38:12.297,2026-08-04 21:42:06.796,Grove St PATH,JC115,Brunswick St,JC023,40.71941,-74.04309,40.7241765,-74.0506564,member
9B97F6E7D991DD72,classic_bike,2026-08-04 21:39:38.470,2026-08-04 21:42:54.244,Grove St PATH,JC115,Van Vorst Park,JC035,40.71941,-74.04309,40.71848892,-74.047726625,member
85B0342DE6A7CE20,classic_bike,2026-08-04 21:40:59.818,2026-08-04 21:52:01.049,Hamilton Park,JC009,4 St & River St,HB611,40.727595966,-74.044247311,40.7408139,-74.0274062,member
2E5FC7B8194AB9CB,electric_bike,2026-08-04 21:44:49.886,2026-08-04 21:50:48.978,Bergen Ave & Sip Ave,JC109,Bergen Ave,JC095,40.73100888698729,-74.06443700194359,40.722103786686034,-74.07145500183105,member
0050FBC616FA8125,classic_bike,2026-08-04 21:51:47.784,2026-08-04 22:03:06.902,Grove St PATH,JC115,Baldwin at Montgomery,JC020,40.71941,-74.04309,40.7236589,-74.0641943,member
DD43EDCC3CB0A5F5,electric_bike,2026-08-04 21:56:19.247,2026-08-04 22:06:35.335,Hamilton Park,JC009,Marin Light Rail,JC013,40.727595966,-74.044247311,40.71458403535893,-74.04281705617905,casual
D24816BC687639FD,electric_bike,2026-08-04 21:58:59.427,2026-08-04 22:06:40.077,Hamilton Park,JC009,Marin Light Rail,JC013,40.727595966,-74.044247311,40.71458403535893,-74.04281705617905,member
23C61156388E76BD,classic_bike,2026-08-04 22:00:45.300,2026-08-04 22:13:07.965,Grove St PATH,JC115,Garfield Light Rail,JC119,40.71941,-74.04309,40.710526,-74.070112,member
EA08EF0824F63D2C,electric_bike,2026-08-04 22:01:00.233,2026-08-04 22:08:27.051,River St & 1 St,HB609,Riverview Park,JC057,40.73721535335381,-74.02886540972803,40.7443187,-74.0439909,member
C6D3E75587A2BCFD,classic_bike,2026-08-04 22:22:49.296,2026-08-04 22:26:18.790,River St & 1 St,HB609,Church Sq Park - 5 St & Park Ave,HB601,40.73721535335381,-74.02886540972803,40.74265933273143,-74.03223305940628,member
D5B7C0F8165B5894,electric_bike,2026-08-04 22:23:19.424,2026-08-04 22:28:09.631,River St & 1 St,HB609,Madison St & 10 St,HB503,40.73721535335381,-74.02886540972803,40.74994325412246,-74.03586477041245,member
13DE877E2C25A7C5,electric_bike,2026-08-04 22:24:15.121,2026-08-04 22:27:28.105,River St & 1 St,HB609,8 St & Washington St,HB603,40.73721535335381,-74.02886540972803,40.745983882915624,-74.02819901704788,member
30A890C4B603EBCD,electric_bike,2026-08-04 22:24:53.828,2026-08-04 22:30:47.322,River St & 1 St,HB609,11 St & Washington St,HB502,40.73721535335381,-74.02886540972803,40.74998490907138,-74.02715027332306,casual
76296CA653C8BA16,classic_bike,2026-08-04 22:24:55.496,2026-08-04 22:28:20.367,Grove St PATH,JC115,Montgomery St,JC099,40.71941,-74.04309,40.71942,-74.05099,member
CDAA189CF7E74196,electric_bike,2026-08-04 22:25:07.206,2026-08-04 22:30:55.533,River St & 1 St,HB609,11 St & Washington St,HB502,40.73721535335381,-74.02886540972803,40.74998490907138,-74.02715027332306,member
F15579EF7ED7CDEE,electric_bike,2026-08-04 22:26:32.574,2026-08-04 22:30:49.820,River St & 1 St,HB609,Marshall St & 2 St,HB408,40.73721535335381,-74.02886540972803,40.740802,-74.042521,member
E0680255EDDFDCF3,electric_bike,2026-08-04 22:34:00.931,2026-08-04 22:40:16.759,River St & 1 St,HB609,Clinton St & 7 St,HB303,40.73721535335381,-74.02886540972803,40.74542,-74.03332,casual
103A641B7CA18DAE,electric_bike,2026-08-04 22:34:20.612,2026-08-04 22:40:31.724,River St & 1 St,HB609,Clinton St & 7 St,HB303,40.73721535335381,-74.02886540972803,40.74542,-74.03332,casual
DC65BACE82E1D453,electric_bike,2026-08-04 22:35:11.035,2026-08-04 23:00:06.758,River St & 1 St,HB609,9 St HBLR - Jackson St & 8 St,HB305,40.73721535335381,-74.02886540972803,40.74790720968899,-74.03841152787209,casual
7C0EE621078EA5BA,electric_bike,2026-08-04 22:35:47.492,2026-08-04 22:59:35.489,River St & 1 St,HB609,9 St HBLR - Jackson St & 8 St,HB305,40.73721535335381,-74.02886540972803,40.74790720968899,-74.03841152787209,casual
AD0FA966B0643634,electric_bike,2026-08-04 22:36:23.591,2026-08-04 22:41:49.459,River St & 1 St,HB609,14 St Ferry - 14 St & Shipyard Ln,HB202,40.73721535335381,-74.02886540972803,40.752960630464955,-74.02435272932053,member
7AAD8742FFDBC24A,classic_bike,2026-08-04 22:37:08.256,2026-08-04 22:46:23.648,River St & 1 St,HB609,Hoboken Ave at Monmouth St,JC105,40.73721535335381,-74.02886540972803,40.73520838045357,-74.04696375131607,member
D2BFB9E2D6FB1BC5,classic_bike,2026-08-04 22:38:14.205,2026-08-04 22:42:08.247,Grove St PATH,JC115,JC Medical Center,JC110,40.71941,-74.04309,40.71539114317,-74.04969155788422,member
D9A7095220AFC92E,electric_bike,2026-08-04 22:40:32.491,2026-08-04 22:51:11.143,River St & 1 St,HB609,South Waterfront Walkway - Sinatra Dr & 1 St,HB103,40.73721535335381,-74.02886540972803,40.73698221818716,-74.02778059244156,casual
0363C84E113C1F3D,electric_bike,2026-08-04 22:41:04.820,2026-08-04 22:42:51.423,River St & 1 St,HB609,River St & 1 St,HB609,40.73721535335381,-74.02886540972803,40.73721535335381,-74.02886540972803,casual
654DC6021DA957DD,electric_bike,2026-08-04 22:42:59.300,2026-08-04 22:51:13.735,River St & 1 St,HB609,South Waterfront Walkway - Sinatra Dr & 1 St,HB103,40.73721535335381,-74.02886540972803,40.73698221818716,-74.02778059244156,casual
9F45D7A092DE842F,electric_bike,2026-08-04 22:43:14.933,2026-08-04 22:59:30.893,Hudson Pl & Hoboken Terminal,HB107,9 St HBLR - Jackson St & 8 St,HB305,40.73579286776364,-74.02837457573912,40.74790720968899,-74.03841152787209,casual
05C544FD12A9858F,classic_bike,2026-08-04 22:49:07.996,2026-08-04 22:59:40.655,Grove St PATH,JC115,Jersey & 6th St,JC027,40.71941,-74.04309,40.72528910781132,-74.04557168483734,member
43D0F75A48C26AFD,classic_bike,2026-08-04 22:49:24.679,2026-08-04 23:00:51.778,Grove St PATH,JC115,Jersey & 6th St,JC027,40.71941,-74.04309,40.72528910781132,-74.04557168483734,casual
D8510873C759A829,classic_bike,2026-08-04 22:49:56.172,2026-08-04 22:57:23.486,Grove St PATH,JC115,Brunswick St,JC023,40.71941,-74.04309,40.7241765,-74.0506564,member
32828691CED2AC8C,classic_bike,2026-08-04 22:51:33.355,2026-08-04 22:55:24.426,River St & 1 St,HB609,4 St & River St,HB611,40.73721535335381,-74.02886540972803,40.7408139,-74.0274062,member
91370A8F39750CFE,classic_bike,2026-08-04 22:51:52.693,2026-08-04 23:12:03.591,Grove St PATH,JC115,Pacific Ave & Communipaw Ave,JC118,40.71941,-74.04309,40.711354,-74.062446,casual
3851327C06C3C03D,electric_bike,2026-08-04 22:52:12.149,2026-08-04 22:59:19.315,Grove St PATH,JC115,Baldwin at Montgomery,JC020,40.71941,-74.04309,40.7236589,-74.0641943,casual
A4280E5B36B32083,classic_bike,2026-08-04 22:53:44.675,2026-08-04 23:11:47.902,Grove St PATH,JC115,Pacific Ave & Communipaw Ave,JC118,40.71941,-74.04309,40.711354,-74.062446,casual
D0A2290A72385AE9,classic_bike,2026-08-04 22:54:20.639,2026-08-04 22:57:33.258,River St & 1 St,HB609,Adams St & 2 St,HB407,40.73721535335381,-74.02886540972803,40.73981372311843,-74.03690412640572,casual
127853C9AC6E8AA7,classic_bike,2026-08-04 22:54:57.079,2026-08-04 23:00:49.481,Grove St PATH,JC115,Newport PATH,JC066,40.71941,-74.04309,40.7272235,-74.0337589,casual
4D2BCFDD70D55700,classic_bike,2026-08-04 22:55:04.865,2026-08-04 23:00:46.619,River St & 1 St,HB609,Southwest Park - Jackson St & Observer Hwy,HB401,40.73721535335381,-74.02886540972803,40.73755127245804,-74.04166370630264,member
6734F4E5ED77561F,electric_bike,2026-08-04 22:57:05.375,2026-08-04 23:01:31.919,South Waterfront Walkway - Sinatra Dr & 1 St,HB103,Marshall St & 2 St,HB408,40.73698221818716,-74.02778059244156,40.740802,-74.042521,member
113F690CEBE20D39,classic_bike,2026-08-04 23:05:08.006,2026-08-04 23:09:18.596,Hamilton Park,JC009,Jersey & 3rd,JC074,40.727595966,-74.044247311,40.72333158646436,-74.04595255851744,casual
F95A03DC9DDC9CFE,classic_bike,2026-08-04 23:05:54.416,2026-08-04 23:09:12.231,Hamilton Park,JC009,Jersey & 3rd,JC074,40.727595966,-74.044247311,40.72333158646436,-74.04595255851744,member
4738D3EF5628A563,electric_bike,2026-08-04 23:09:50.177,2026-08-04 23:26:08.208,Grove St PATH,JC115,Garfield Light Rail,JC119,40.71941,-74.04309,40.710526,-74.070112,member
B81EDD2411637787,electric_bike,2026-08-04 23:11:53.783,2026-08-04 23:17:13.346,South Waterfront Walkway - Sinatra Dr & 1 St,HB103,Marshall St & 2 St,HB408,40.73698221818716,-74.02778059244156,40.740802,-74.042521,casual
6E1805618C82D02B,electric_bike,2026-08-04 23:20:39.553,2026-08-04 23:21:41.853,River St & 1 St,HB609,River St & 1 St,HB609,40.73721535335381,-74.02886540972803,40.73721535335381,-74.02886540972803,member
FB58A6AE1B0D913B,electric_bike,2026-08-04 23:22:02.225,2026-08-04 23:25:59.228,South Waterfront Walkway - Sinatra Dr & 1 St,HB103,Adams St & 2 St,HB407,40.73698221818716,-74.02778059244156,40.73981372311843,-74.03690412640572,member
CCE2722B5F76F2D7,electric_bike,2026-08-04 23:27:23.062,2026-08-04 23:45:39.060,Grove St PATH,JC115,Grant Ave & MLK Dr,JC107,40.71941,-74.04309,40.70919832245443,-74.08084273338318,casual
D84AE5AC6CD74435,electric_bike,2026-08-04 23:33:03.453,2026-08-04 23:34:28.729,River St & 1 St,HB609,River St & 1 St,HB609,40.73721535335381,-74.02886540972803,40.73721535335381,-74.02886540972803,member
43BBA437E6DE2DE9,classic_bike,2026-08-04 23:33:35.417,2026-08-04 23:40:13.960,Grove St PATH,JC115,Hamilton Park,JC009,40.71941,-74.04309,40.727595966,-74.044247311,casual
E2241750186E5CA2,classic_bike,2026-08-04 23:33:50.226,2026-08-04 23:40:09.520,Grove St PATH,JC115,Hamilton Park,JC009,40.71941,-74.04309,40.727595966,-74.044247311,member
221F05B20357A5C2,electric_bike,2026-08-05 00:00:59.776,2026-08-05 00:16:12.848,Grove St PATH,JC115,,,40.71941,-74.04309,,,casual
9EF6A52D8FA471A1,classic_bike,2026-08-05 00:01:42.857,2026-08-05 00:05:12.407,Grove St PATH,JC115,JC Medical Center,JC110,40.71941,-74.04309,40.71539114317,-74.04969155788422,member
650D2E75FDA0E492,classic_bike,2026-08-05 00:16:14.867,2026-08-05 00:27:40.113,Grove St PATH,JC115,Brunswick & 6th,JC081,40.71941,-74.04309,40.72601172964625,-74.05038893222809,member
5494102E1A3FBE93,classic_bike,2026-08-05 00:16:24.486,2026-08-05 00:22:35.729,Grove St PATH,JC115,Morris Canal,JC072,40.71941,-74.04309,40.7124188237569,-74.03852552175522,member
4580A32D0FD300D4,electric_bike,2026-08-05 01:32:52.710,2026-08-05 01:39:54.295,Bergen Ave & Sip Ave,JC109,Lincoln Park,JC053,40.73100888698729,-74.06443700194359,40.7246050998869,-74.07840594649315,casual
171F7A13710565CD,electric_bike,2026-08-05 02:08:33.055,2026-08-05 02:16:04.424,Grove St PATH,JC115,Newport Pkwy,JC008,40.71941,-74.04309,40.7287448,-74.0321082,member
78231BE27EC75092,classic_bike,2026-08-05 02:18:08.344,2026-08-05 02:23:39.769,Hamilton Park,JC009,City Hall,JC003,40.727595966,-74.044247311,40.7177325,-74.043845,member
CCFAE582D220C6CD,electric_bike,2026-08-05 04:11:36.151,2026-08-05 04:16:59.282,Bergen Ave & Sip Ave,JC109,Lincoln Park,JC053,40.73100888698729,-74.06443700194359,40.7246050998869,-74.07840594649315,member
EE310AE0CF72211E,classic_bike,2026-08-05 05:02:46.990,2026-08-05 05:24:43.052,Hamilton Park,JC009,Arlington Ave & Bramhall Ave,JC120,40.727595966,-74.044247311,40.713225,-74.070645,casual
0A11A92A41C8153D,electric_bike,2026-08-05 05:52:22.952,2026-08-05 05:58:51.447,River St & 1 St,HB609,6 St & Grand St,HB302,40.73721535335381,-74.02886540972803,40.744397833095604,-74.03450086712837,casual
A596C3D683A642B1,electric_bike,2026-08-05 06:05:24.868,2026-08-05 06:07:47.793,Bergen Ave & Sip Ave,JC109,McGinley Square,JC055,40.73100888698729,-74.06443700194359,40.7253399253558,-74.06762212514877,casual
97017716F93989FD,electric_bike,2026-08-05 06:10:15.710,2026-08-05 06:25:25.501,Grove St PATH,JC115,Ocean Ave & New St,JC138,40.71941,-74.04309,40.6968,-74.08862,member
A975B5878178A66F,electric_bike,2026-08-05 06:15:40.170,2026-08-05 06:19:20.898,Hamilton Park,JC009,Grove St PATH,JC115,40.727595966,-74.044247311,40.71941,-74.04309,casual
E4FA7927DA446721,electric_bike,2026-08-05 06:21:41.909,2026-08-05 06:31:35.667,Hamilton Park,JC009,6 St & Grand St,HB302,40.727595966,-74.044247311,40.744397833095604,-74.03450086712837,casual
9A300E80FFBEADB6,electric_bike,2026-08-05 06:31:07.021,2026-08-05 06:35:17.443,River St & 1 St,HB609,Columbus Park - Clinton St & 9 St,HB501,40.73721535335381,-74.02886540972803,40.74816121065146,-74.0324530005455,casual
60E90B16D7D8AB83,classic_bike,2026-08-05 06:35:20.831,2026-08-05 06:54:24.157,South Waterfront Walkway - Sinatra Dr & 1 St,HB103,Church Sq Park - 5 St & Park Ave,HB601,40.73698221818716,-74.02778059244156,40.74265933273143,-74.03223305940628,member
13E07E3E71B8F461,electric_bike,2026-08-05 06:37:12.959,2026-08-05 06:42:04.032,Hamilton Park,JC009,Grove St PATH,JC115,40.727595966,-74.044247311,40.71941,-74.04309,member
1000314D6D8CEBDD,electric_bike,2026-08-05 06:39:55.228,2026-08-05 06:49:57.273,Grove St PATH,JC115,JC Medical Center,JC110,40.71941,-74.04309,40.71539114317,-74.04969155788422,member
0417EAFB530EF312,electric_bike,2026-08-05 06:41:49.721,2026-08-05 06:45:23.864,Hamilton Park,JC009,Grove St PATH,JC115,40.727595966,-74.044247311,40.71941,-74.04309,member
3B216994FC823DBE,electric_bike,2026-08-05 06:42:34.219,2026-08-05 06:45:05.667,Grove St PATH,JC115,Dixon Mills,JC076,40.71941,-74.04309,40.721630142638354,-74.04996782541275,member
17E35E5FF308BBF2,electric_bike,2026-08-05 06:44:06.251,2026-08-05 06:51:13.040,Grove St PATH,JC115,Hoboken Ave at Monmouth St,JC105,40.71941,-74.04309,40.73520838045357,-74.04696375131607,member
93D26AFD406BFFD9,classic_bike,2026-08-05 06:49:55.748,2026-08-05 06:56:19.312,Hudson Pl & Hoboken Terminal,HB107,Newport Pkwy,JC008,40.73579286776364,-74.02837457573912,40.7287448,-74.0321082,member
80395D0615C52463,electric_bike,2026-08-05 06:50:09.650,2026-08-05 06:54:38.052,River St & 1 St,HB609,4 St & Grand St,HB301,40.73721535335381,-74.02886540972803,40.7422579775645,-74.03511106967926,casual
A9DEEBEA117A6437,electric_bike,2026-08-05 06:50:22.787,2026-08-05 06:53:56.827,River St & 1 St,HB609,4 St & Grand St,HB301,40.73721535335381,-74.02886540972803,40.7422579775645,-74.03511106967926,casual
6A347E31D24181EF,electric_bike,2026-08-05 06:51:25.914,2026-08-05 07:05:28.603,River St & 1 St,HB609,Washington St & Morgan St,JC149,40.73721535335381,-74.02886540972803,40.719445793042716,-74.03689158686865,member
B5E75268B287242C,classic_bike,2026-08-05 06:52:04.074,2026-08-05 06:56:11.447,Grove St PATH,JC115,JC Medical Center,JC110,40.71941,-74.04309,40.71539114317,-74.04969155788422,member
69B4BF3033967B07,electric_bike,2026-08-05 07:05:10.634,2026-08-05 07:11:29.435,South Waterfront Walkway - Sinatra Dr & 1 St,HB103,14 St Ferry - 14 St & Shipyard Ln,HB202,40.73698221818716,-74.02778059244156,40.752960630464955,-74.02435272932053,member
388C3B7544BF0AE7,electric_bike,2026-08-05 07:07:50.047,2026-08-05 07:15:08.384,Hamilton Park,JC009,Oakland Ave,JC022,40.727595966,-74.044247311,40.7376037,-74.0524783,member
902350B33051227F,classic_bike,2026-08-05 07:15:51.797,2026-08-05 07:18:31.134,River St & 1 St,HB609,Clinton St & Newark St,HB409,40.73721535335381,-74.02886540972803,40.73743,-74.03571,member
C747158BE0951419,classic_bike,2026-08-05 07:19:50.731,2026-08-05 07:28:12.008,South Waterfront Walkway - Sinatra Dr & 1 St,HB103,Clinton St & 7 St,HB303,40.73698221818716,-74.02778059244156,40.74542,-74.03332,member
7D69F4F8B45CD702,electric_bike,2026-08-05 07:21:42.637,2026-08-05 07:28:29.481,River St & 1 St,HB609,Grand St & 14 St,HB506,40.73721535335381,-74.02886540972803,40.75409,-74.0316,casual
E63D5B220688BB1F,electric_bike,2026-08-05 07:28:05.866,2026-08-05 07:32:33.623,South Waterfront Walkway - Sinatra Dr & 1 St,HB103,12 St & Sinatra Dr N,HB201,40.73698221818716,-74.02778059244156,40.750604142368964,-74.02402013540268,member
C50D9F696B82A2BC,electric_bike,2026-08-05 07:28:07.355,2026-08-05 07:33:14.611,Hamilton Park,JC009,Newport PATH,JC066,40.727595966,-74.044247311,40.7272235,-74.0337589,member
334F4AD1DB013972,electric_bike,2026-08-05 07:34:02.342,2026-08-05 07:38:48.062,Hamilton Park,JC009,Grove St PATH,JC115,40.727595966,-74.044247311,40.71941,-74.04309,casual
C378FCEC61FD3509,classic_bike,2026-08-05 07:36:11.123,2026-08-05 07:43:54.271,Hamilton Park,JC009,Newport PATH,JC066,40.727595966,-74.044247311,40.7272235,-74.0337589,member
D1CACADE1ED20158,electric_bike,2026-08-05 07:36:59.147,2026-08-05 07:43:07.525,Grove St PATH,JC115,Liberty Light Rail,JC052,40.71941,-74.04309,40.7112423,-74.0557013,member
331E29F5B4BF12D5,electric_bike,2026-08-05 07:38:07.766,2026-08-05 07:40:29.470,Hamilton Park,JC009,Manila & 1st,JC082,40.727595966,-74.044247311,40.721650724879986,-74.04288411140442,member
1C9DB1D1F48F5E36,classic_bike,2026-08-05 07:38:23.501,2026-08-05 07:45:43.531,Hamilton Park,JC009,Washington St & Morgan St,JC149,40.727595966,-74.044247311,40.719445793042716,-74.03689158686865,member
D7172353B60A8081,electric_bike,2026-08-05 07:40:28.640,2026-08-05 07:44:50.342,River St & 1 St,HB609,4 St & Grand St,HB301,40.73721535335381,-74.02886540972803,40.7422579775645,-74.03511106967926,member
B307E471D4F8FC8F,classic_bike,2026-08-05 07:42:45.758,2026-08-05 07:48:21.756,Hamilton Park,JC009,Newport PATH,JC066,40.727595966,-74.044247311,40.7272235,-74.0337589,member
ABDF132881034950,electric_bike,2026-08-05 07:47:15.215,2026-08-05 07:52:35.108,Hudson Pl & Hoboken Terminal,HB107,6 St & Grand St,HB302,40.73579286776364,-74.02837457573912,40.744397833095604,-74.03450086712837,member
2F43004477903317,electric_bike,2026-08-05 07:47:25.039,2026-08-05 07:51:06.869,Hudson Pl & Hoboken Terminal,HB107,2 St & Park Ave,HB608,40.73579286776364,-74.02837457573912,40.73915272763701,-74.0330819785595,member
F7AC1748D4EF21F3,electric_bike,2026-08-05 07:47:58.821,2026-08-05 07:54:34.263,Grove St PATH,JC115,JC Medical Center,JC110,40.71941,-74.04309,40.71539114317,-74.04969155788422,member
F6DE1F76C034479F,classic_bike,2026-08-05 07:48:28.706,2026-08-05 07:55:19.511,River St & 1 St,HB609,11 St & Washington St,HB502,40.73721535335381,-74.02886540972803,40.74998490907138,-74.02715027332306,member
98C5F410801BF4DE,electric_bike,2026-08-05 07:51:31.874,2026-08-05 07:55:30.154,Hamilton Park,JC009,Grove St PATH,JC115,40.727595966,-74.044247311,40.71941,-74.04309,member
5992130E51B84BAA,electric_bike,2026-08-05 07:55:23.152,2026-08-05 08:05:38.434,River St & 1 St,HB609,9 St HBLR - Jackson St & 8 St,HB305,40.73721535335381,-74.02886540972803,40.74790720968899,-74.03841152787209,member
D3315D3138964F0C,classic_bike,2026-08-05 07:55:55.766,2026-08-05 08:03:44.467,Hamilton Park,JC009,Newport Pkwy,JC008,40.727595966,-74.044247311,40.7287448,-74.0321082,member
C16C173DED55F687,classic_bike,2026-08-05 07:59:47.696,2026-08-05 08:09:54.950,Hamilton Park,JC009,Newport Pkwy,JC008,40.727595966,-74.044247311,40.7287448,-74.0321082,member
402E7471BC63FB4E,classic_bike,2026-08-05 08:00:17.481,2026-08-05 08:05:34.505,Grove St PATH,JC115,Morris Canal,JC072,40.71941,-74.04309,40.7124188237569,-74.03852552175522,member
48CFDC57A255115D,classic_bike,2026-08-05 08:02:17.000,2026-08-05 08:03:59.073,South Waterfront Walkway - Sinatra Dr & 1 St,HB103,Newark St & Washington St,HB612,40.73698221818716,-74.02778059244156,40.73681,-74.0309,member
40E066B3A66CEAE7,classic_bike,2026-08-05 08:05:16.995,2026-08-05 08:10:29.254,Hamilton Park,JC009,Grove St PATH,JC115,40.727595966,-74.044247311,40.71941,-74.04309,member
27C159B29E317293,classic_bike,2026-08-05 08:08:34.428,2026-08-05 08:27:33.154,Bergen Ave & Sip Ave,JC109,River St & 1 St,HB609,40.73100888698729,-74.06443700194359,40.73721535335381,-74.02886540972803,member
BED1C8D9C22E64A8,classic_bike,2026-08-05 08:12:57.789,2026-08-05 08:17:34.261,Hamilton Park,JC009,Washington St,JC098,40.727595966,-74.044247311,40.7242941,-74.0354826,casual
D56630E265CE7150,classic_bike,2026-08-05 08:14:38.039,2026-08-05 08:29:19.626,South Waterfront Walkway - Sinatra Dr & 1 St,HB103,Washington St & Morgan St,JC149,40.73698221818716,-74.02778059244156,40.719445793042716,-74.03689158686865,member
2D8496564F245E20,electric_bike,2026-08-05 08:14:58.144,2026-08-05 08:22:12.187,South Waterfront Walkway - Sinatra Dr & 1 St,HB103,12 St & Sinatra Dr N,HB201,40.73698221818716,-74.02778059244156,40.750604142368964,-74.02402013540268,member
ABDB1236CB8C6F64,electric_bike,2026-08-05 08:18:35.421,2026-08-05 08:51:53.543,River St & 1 St,HB609,N 12 St & Bedford Ave,5450.04,40.73721535335381,-74.02886540972803,40.72079821,-73.95484712,member
61F966FF22470193,electric_bike,2026-08-05 08:19:44.190,2026-08-05 08:22:51.663,Grove St PATH,JC115,Montgomery St,JC099,40.71941,-74.04309,40.71942,-74.05099,member
A5382350FCDD6E8C,classic_bike,2026-08-05 08:25:03.106,2026-08-05 08:58:02.127,River St & 1 St,HB609,Warren St,JC006,40.73721535335381,-74.02886540972803,40.7211236,-74.03805095,casual
879100A188C21005,classic_bike,2026-08-05 08:26:08.641,2026-08-05 08:30:28.685,Hamilton Park,JC009,Newark Ave,JC032,40.727595966,-74.044247311,40.72152515,-74.046304543,member
BC08E9F4F02E929D,electric_bike,2026-08-05 08:27:21.885,2026-08-05 08:33:59.322,South Waterfront Walkway - Sinatra Dr & 1 St,HB103,Adams St & 12 St,HB610,40.73698221818716,-74.02778059244156,40.751889392240685,-74.03329162748534,member
EDAA9E8EC28B24DB,classic_bike,2026-08-05 08:29:17.708,2026-08-05 08:33:51.743,Hamilton Park,JC009,Washington St,JC098,40.727595966,-74.044247311,40.7242941,-74.0354826,member
B5F04C5E418C4AD0,classic_bike,2026-08-05 08:29:33.057,2026-08-05 08:44:28.266,Hamilton Park,JC009,4 St & River St,HB611,40.727595966,-74.044247311,40.7408139,-74.0274062,member
D608CFD76E69199F,classic_bike,2026-08-05 08:30:32.440,2026-08-05 08:38:49.596,Hamilton Park,JC009,Exchange Pl,JC116,40.727595966,-74.044247311,40.71636596185077,-74.034343957901,member
7EB75CA7C4970081,classic_bike,2026-08-05 08:33:28.398,2026-08-05 08:47:29.268,Hamilton Park,JC009,Hudson Pl & Hoboken Terminal,HB107,40.727595966,-74.044247311,40.73579286776364,-74.02837457573912,member
3E47318755F46D8B,electric_bike,2026-08-05 08:40:52.534,2026-08-05 08:44:59.899,Hamilton Park,JC009,Grove St PATH,JC115,40.727595966,-74.044247311,40.71941,-74.04309,member
AC06EC029B95FD6E,electric_bike,2026-08-05 08:46:51.839,2026-08-05 08:52:03.184,Hudson Pl & Hoboken Terminal,HB107,11 St & Washington St,HB502,40.73579286776364,-74.02837457573912,40.74998490907138,-74.02715027332306,member
35D3FDFE230D42E8,electric_bike,2026-08-05 08:46:57.848,2026-08-05 08:51:10.835,South Waterfront Walkway - Sinatra Dr & 1 St,HB103,4 St & Grand St,HB301,40.73698221818716,-74.02778059244156,40.7422579775645,-74.03511106967926,casual
67762A881978B450,electric_bike,2026-08-05 08:46:59.120,2026-08-05 08:52:37.365,South Waterfront Walkway - Sinatra Dr & 1 St,HB103,6 St & Grand St,HB302,40.73698221818716,-74.02778059244156,40.744397833095604,-74.03450086712837,member
0C54A93A9D278CCB,classic_bike,2026-08-05 08:47:33.229,2026-08-05 08:55:14.148,Hudson Pl & Hoboken Terminal,HB107,4 St & Grand St,HB301,40.73579286776364,-74.02837457573912,40.7422579775645,-74.03511106967926,member
07945690B69F3632,electric_bike,2026-08-05 08:49:33.624,2026-08-05 08:56:06.622,Hudson Pl & Hoboken Terminal,HB107,Bloomfield St & 15 St,HB203,40.73579286776364,-74.02837457573912,40.75453,-74.02658,casual
D7ACF52846B5FF22,electric_bike,2026-08-05 08:55:34.840,2026-08-05 09:04:02.282,South Waterfront Walkway - Sinatra Dr & 1 St,HB103,Oakland Ave,JC022,40.73698221818716,-74.02778059244156,40.7376037,-74.0524783,member
AC051D43FEF976DE,electric_bike,2026-08-05 08:56:27.237,2026-08-05 09:00:03.649,River St & 1 St,HB609,8 St & Washington St,HB603,40.73721535335381,-74.02886540972803,40.745983882915624,-74.02819901704788,member
F9C2B7D26CA563B6,classic_bike,2026-08-05 08:56:48.804,2026-08-05 08:58:18.969,Grove St PATH,JC115,Manila & 1st,JC082,40.71941,-74.04309,40.721650724879986,-74.04288411140442,member
945529065FCE4448,classic_bike,2026-08-05 08:58:49.251,2026-08-05 09:04:19.194,Hamilton Park,JC009,Grove St PATH,JC115,40.727595966,-74.044247311,40.71941,-74.04309,member
9C1DD8E03677481E,electric_bike,2026-08-05 08:59:24.418,2026-08-05 09:19:08.920,Hudson Pl & Hoboken Terminal,HB107,Dey St,JC065,40.73579286776364,-74.02837457573912,40.737711,-74.066921,member
EE791813E7516119,classic_bike,2026-08-05 09:00:40.324,2026-08-05 09:05:24.749,Bergen Ave & Sip Ave,JC109,Dey St,JC065,40.73100888698729,-74.06443700194359,40.737711,-74.066921,member
25E0976C31F0D6BD,electric_bike,2026-08-05 09:01:56.348,2026-08-05 09:08:11.696,River St & 1 St,HB609,Newport PATH,JC066,40.73721535335381,-74.02886540972803,40.7272235,-74.0337589,member
59212E498954A1A1,classic_bike,2026-08-05 09:05:28.377,2026-08-05 09:10:46.803,Hamilton Park,JC009,Newark Ave,JC032,40.727595966,-74.044247311,40.72152515,-74.046304543,member
679734EDE7281141,electric_bike,2026-08-05 09:07:55.774,2026-08-05 09:11:58.127,Hudson Pl & Hoboken Terminal,HB107,Stevens - River Ter & 6 St,HB602,40.73579286776364,-74.02837457573912,40.74313282710551,-74.02698867022991,member
66516926C568871F,electric_bike,2026-08-05 09:10:57.306,2026-08-05 09:25:26.681,Hamilton Park,JC009,Heights Elevator,JC059,40.727595966,-74.044247311,40.748715945380226,-74.04044330120087,member
7110A2D3087809F2,classic_bike,2026-08-05 09:14:10.317,2026-08-05 09:17:59.795,Hudson Pl & Hoboken Terminal,HB107,2 St & Park Ave,HB608,40.73579286776364,-74.02837457573912,40.73915272763701,-74.0330819785595,member
C1BEEC16F02417A6,electric_bike,2026-08-05 09:15:15.310,2026-08-05 09:18:48.322,River St & 1 St,HB609,4 St & Grand St,HB301,40.73721535335381,-74.02886540972803,40.7422579775645,-74.03511106967926,casual
D382C9E6BBFA3CC4,electric_bike,2026-08-05 09:18:36.713,2026-08-05 09:26:31.950,Bergen Ave & Sip Ave,JC109,Union St & Bergen Ave,JC122,40.73100888698729,-74.06443700194359,40.71575,-74.07887,member
FD94EF2ACE56B879,classic_bike,2026-08-05 09:28:31.858,2026-08-05 09:54:38.932,Hudson Pl & Hoboken Terminal,HB107,4 St & River St,HB611,40.73579286776364,-74.02837457573912,40.7408139,-74.0274062,casual
67F4591AF8EED3E9,electric_bike,2026-08-05 09:29:42.341,2026-08-05 09:36:32.096,River St & 1 St,HB609,Madison St & 10 St,HB503,40.73721535335381,-74.02886540972803,40.74994325412246,-74.03586477041245,member
079561670C1C07D2,electric_bike,2026-08-05 09:34:40.768,2026-08-05 09:44:45.164,South Waterfront Walkway - Sinatra Dr & 1 St,HB103,Columbus Drive,JC014,40.73698221818716,-74.02778059244156,40.71835519823214,-74.03891444206238,casual
8D4727BC09280676,electric_bike,2026-08-05 09:36:32.458,2026-08-05 09:42:47.630,South Waterfront Walkway - Sinatra Dr & 1 St,HB103,14 St Ferry - 14 St & Shipyard Ln,HB202,40.73698221818716,-74.02778059244156,40.752960630464955,-74.02435272932053,member
D6D10475326DF2C6,electric_bike,2026-08-05 09:55:27.546,2026-08-05 09:59:32.171,River St & 1 St,HB609,4 St & Grand St,HB301,40.73721535335381,-74.02886540972803,40.7422579775645,-74.03511106967926,member
4B96BEB883A04617,classic_bike,2026-08-05 10:03:42.503,2026-08-05 10:07:20.548,Grove St PATH,JC115,Van Vorst Park,JC035,40.71941,-74.04309,40.71848892,-74.047726625,member
A622EC61C4078BBE,electric_bike,2026-08-05 10:08:29.573,2026-08-05 10:20:27.345,Hamilton Park,JC009,Hamilton Park,JC009,40.727595966,-74.044247311,40.727595966,-74.044247311,member
58F0C030182D5F02,electric_bike,2026-08-05 10:12:18.996,2026-08-05 10:21:32.810,Bergen Ave & Sip Ave,JC109,Newark Ave,JC032,40.73100888698729,-74.06443700194359,40.72152515,-74.046304543,member
AC6A44E2E1F32A49,electric_bike,2026-08-05 10:28:20.910,2026-08-05 10:32:42.518,South Waterfront Walkway - Sinatra Dr & 1 St,HB103,12 St & Sinatra Dr N,HB201,40.73698221818716,-74.02778059244156,40.750604142368964,-74.02402013540268,member
D58E776DC4097741,electric_bike,2026-08-05 10:31:51.019,2026-08-05 10:44:50.812,Hamilton Park,JC009,9 St HBLR - Jackson St & 8 St,HB305,40.727595966,-74.044247311,40.74790720968899,-74.03841152787209,member
86DC873AA944FCD9,classic_bike,2026-08-05 10:33:55.123,2026-08-05 10:51:37.091,Hudson Pl & Hoboken Terminal,HB107,Newport Pkwy,JC008,40.73579286776364,-74.02837457573912,40.7287448,-74.0321082,member
1B63E31DDE08098A,classic_bike,2026-08-05 10:36:39.924,2026-08-05 10:39:13.732,River St & 1 St,HB609,2 St & Park Ave,HB608,40.73721535335381,-74.02886540972803,40.73915272763701,-74.0330819785595,member
D004713C5A452913,electric_bike,2026-08-05 10:36:47.551,2026-08-05 10:40:25.612,Hamilton Park,JC009,City Hall,JC003,40.727595966,-74.044247311,40.7177325,-74.043845,casual
6FB42C2ADC0CC5DF,electric_bike,2026-08-05 10:42:59.593,2026-08-05 10:51:49.147,Hudson Pl & Hoboken Terminal,HB107,7 St & Monroe St,HB304,40.73579286776364,-74.02837457573912,40.74641264837719,-74.03797701001167,member
6A30BF28B5F64DE6,electric_bike,2026-08-05 10:46:00.628,2026-08-05 10:59:57.134,River St & 1 St,HB609,Jersey & 3rd,JC074,40.73721535335381,-74.02886540972803,40.72333158646436,-74.04595255851744,member
EB90E5B04036A6D0,electric_bike,2026-08-05 10:46:01.843,2026-08-05 10:48:25.526,River St & 1 St,HB609,Stevens - River Ter & 6 St,HB602,40.73721535335381,-74.02886540972803,40.74313282710551,-74.02698867022991,casual
DFAD2580286B168E,electric_bike,2026-08-05 10:46:27.212,2026-08-05 10:51:14.011,Grove St PATH,JC115,Warren St,JC006,40.71941,-74.04309,40.7211236,-74.03805095,member
083E3B1F6E859DFD,classic_bike,2026-08-05 10:55:52.818,2026-08-05 10:59:55.925,Grove St PATH,JC115,JC Medical Center,JC110,40.71941,-74.04309,40.71539114317,-74.04969155788422,member
8D85F284F3A19247,electric_bike,2026-08-05 10:58:27.607,2026-08-05 11:02:19.071,River St & 1 St,HB609,8 St & Washington St,HB603,40.73721535335381,-74.02886540972803,40.745983882915624,-74.02819901704788,member
29D692D067CC53B1,electric_bike,2026-08-05 10:59:18.861,2026-08-05 11:03:21.456,South Waterfront Walkway - Sinatra Dr & 1 St,HB103,4 St & Grand St,HB301,40.73698221818716,-74.02778059244156,40.7422579775645,-74.03511106967926,member
5BAAAD9CA79B254F,classic_bike,2026-08-05 11:02:33.702,2026-08-05 11:12:01.764,Grove St PATH,JC115,Pacific Ave & Communipaw Ave,JC118,40.71941,-74.04309,40.711354,-74.062446,member
83C8202EDF1F45BF,electric_bike,2026-08-05 11:04:06.321,2026-08-05 11:12:26.695,River St & 1 St,HB609,Willow Ave & 12 St,HB505,40.73721535335381,-74.02886540972803,40.7518674823282,-74.03037697076797,member
8B85C0327F30F472,classic_bike,2026-08-05 11:14:22.253,2026-08-05 11:18:31.709,Grove St PATH,JC115,Hamilton Park,JC009,40.71941,-74.04309,40.727595966,-74.044247311,member
83190AB336801A52,classic_bike,2026-08-05 11:27:25.447,2026-08-05 11:32:22.863,Hamilton Park,JC009,Grove St PATH,JC115,40.727595966,-74.044247311,40.71941,-74.04309,member
B0030DD7505ADD4B,electric_bike,2026-08-05 11:27:25.654,2026-08-05 11:39:21.002,Grove St PATH,JC115,Carteret Ave & Arlington Ave,JC123,40.71941,-74.04309,40.709142,-74.074553,member
EC5B87E513727805,electric_bike,2026-08-05 11:28:47.845,2026-08-05 12:02:28.769,Bergen Ave & Sip Ave,JC109,Bergen Ave & Sip Ave,JC109,40.73100888698729,-74.06443700194359,40.73100888698729,-74.06443700194359,member
F39FFD86E7E761BE,electric_bike,2026-08-05 11:34:47.680,2026-08-05 11:44:05.964,Hudson Pl & Hoboken Terminal,HB107,Bloomfield St & 15 St,HB203,40.73579286776364,-74.02837457573912,40.75453,-74.02658,casual
7DF3545826533745,electric_bike,2026-08-05 11:37:35.755,2026-08-05 11:45:12.690,Hudson Pl & Hoboken Terminal,HB107,Bloomfield St & 15 St,HB203,40.73579286776364,-74.02837457573912,40.75453,-74.02658,casual
D1E81B5BCBEE33CB,electric_bike,2026-08-05 11:38:06.455,2026-08-05 11:41:47.118,Hamilton Park,JC009,City Hall,JC003,40.727595966,-74.044247311,40.7177325,-74.043845,member
517E385561E04C16,classic_bike,2026-08-05 11:40:57.053,2026-08-05 11:50:07.888,Hamilton Park,JC009,Clinton St & Newark St,HB409,40.727595966,-74.044247311,40.73743,-74.03571,member
20B98C4E369602D6,classic_bike,2026-08-05 11:42:51.325,2026-08-05 12:03:31.786,Hamilton Park,JC009,Bergen Ave,JC095,40.727595966,-74.044247311,40.722103786686034,-74.07145500183105,member
312F9995A44A513C,electric_bike,2026-08-05 11:43:21.566,2026-08-05 11:51:05.132,River St & 1 St,HB609,Adams St & 12 St,HB610,40.73721535335381,-74.02886540972803,40.751889392240685,-74.03329162748534,casual
01F7A313EDB24E1E,classic_bike,2026-08-05 11:46:51.945,2026-08-05 12:06:54.643,South Waterfront Walkway - Sinatra Dr & 1 St,HB103,Hudson Pl & Hoboken Terminal,HB107,40.73698221818716,-74.02778059244156,40.73579286776364,-74.02837457573912,casual
C4F6BDB0A92D879B,classic_bike,2026-08-05 11:50:10.330,2026-08-05 11:55:17.429,Hamilton Park,JC009,Warren St,JC006,40.727595966,-74.044247311,40.7211236,-74.03805095,member
44F8901DDF574710,classic_bike,2026-08-05 11:51:58.045,2026-08-05 11:53:38.805,Hamilton Park,JC009,Jersey & 6th St,JC027,40.727595966,-74.044247311,40.72528910781132,-74.04557168483734,member
A3224DF06580C508,electric_bike,2026-08-05 11:54:05.492,2026-08-05 12:01:35.490,Grove St PATH,JC115,Communipaw & Berry Lane,JC084,40.71941,-74.04309,40.71435836870427,-74.06661093235016,member
B00E197E543CCEDD,electric_bike,2026-08-05 11:57:37.777,2026-08-05 12:05:28.488,Hudson Pl & Hoboken Terminal,HB107,Bloomfield St & 15 St,HB203,40.73579286776364,-74.02837457573912,40.75453,-74.02658,member
10A237F1A10660A8,electric_bike,2026-08-05 12:01:17.680,2026-08-05 12:04:59.734,Hudson Pl & Hoboken Terminal,HB107,Madison St & 1 St,HB402,40.73579286776364,-74.02837457573912,40.73879,-74.0393,member
7F0ACB719A9FBDF3,classic_bike,2026-08-05 12:02:41.679,2026-08-05 12:06:37.182,Hamilton Park,JC009,Jersey & 3rd,JC074,40.727595966,-74.044247311,40.72333158646436,-74.04595255851744,member
312ED18963C0569D,electric_bike,2026-08-05 12:06:12.054,2026-08-05 12:16:58.196,Bergen Ave & Sip Ave,JC109,Newark Ave,JC032,40.73100888698729,-74.06443700194359,40.72152515,-74.046304543,member
08F39313241BDEA4,classic_bike,2026-08-05 12:06:17.054,2026-08-05 12:11:20.393,Hudson Pl & Hoboken Terminal,HB107,2 St & Park Ave,HB608,40.73579286776364,-74.02837457573912,40.73915272763701,-74.0330819785595,casual
FFB14D9A54D202CA,classic_bike,2026-08-05 12:11:59.004,2026-08-05 12:17:30.821,Hudson Pl & Hoboken Terminal,HB107,Stevens - River Ter & 6 St,HB602,40.73579286776364,-74.02837457573912,40.74313282710551,-74.02698867022991,member
A65E18B4FE64E00A,electric_bike,2026-08-05 12:14:15.509,2026-08-05 12:18:28.521,Hamilton Park,JC009,Hoboken Ave at Monmouth St,JC105,40.727595966,-74.044247311,40.73520838045357,-74.04696375131607,casual
EBFB0DFF8DF5CD84,electric_bike,2026-08-05 12:19:43.147,2026-08-05 12:25:17.190,River St & 1 St,HB609,Church Sq Park - 5 St & Park Ave,HB601,40.73721535335381,-74.02886540972803,40.74265933273143,-74.03223305940628,member
2A710826FF9CEA5F,electric_bike,2026-08-05 12:23:46.034,2026-08-05 12:28:46.845,River St & 1 St,HB609,11 St & Washington St,HB502,40.73721535335381,-74.02886540972803,40.74998490907138,-74.02715027332306,casual
CC6F9DE759E23855,electric_bike,2026-08-05 12:23:49.410,2026-08-05 12:29:46.478,Hudson Pl & Hoboken Terminal,HB107,Columbus Park - Clinton St & 9 St,HB501,40.73579286776364,-74.02837457573912,40.74816121065146,-74.0324530005455,casual
2276DB6078FA4B8D,electric_bike,2026-08-05 12:27:43.708,2026-08-05 12:47:04.184,Bergen Ave & Sip Ave,JC109,McGinley Square,JC055,40.73100888698729,-74.06443700194359,40.7253399253558,-74.06762212514877,member
0E0F027EFC5B08E5,classic_bike,2026-08-05 12:36:05.601,2026-08-05 12:41:14.513,Hudson Pl & Hoboken Terminal,HB107,Stevens - River Ter & 6 St,HB602,40.73579286776364,-74.02837457573912,40.74313282710551,-74.02698867022991,member
69BA0D8462F2ED49,electric_bike,2026-08-05 12:38:19.036,2026-08-05 12:47:07.083,Grove St PATH,JC115,McGinley Square,JC055,40.71941,-74.04309,40.7253399253558,-74.06762212514877,member
9BC32B5C4D93F7E3,electric_bike,2026-08-05 12:39:11.801,2026-08-05 12:47:20.516,South Waterfront Walkway - Sinatra Dr & 1 St,HB103,12 St & Sinatra Dr N,HB201,40.73698221818716,-74.02778059244156,40.750604142368964,-74.02402013540268,casual
87C9CFE316DDB336,electric_bike,2026-08-05 12:39:21.680,2026-08-05 12:49:41.103,Grove St PATH,JC115,7 St & Monroe St,HB304,40.71941,-74.04309,40.74641264837719,-74.03797701001167,casual
CD00507697E9D114,electric_bike,2026-08-05 12:40:15.316,2026-08-05 12:48:53.105,Hamilton Park,JC009,Stevens - River Ter & 6 St,HB602,40.727595966,-74.044247311,40.74313282710551,-74.02698867022991,member
9AD8E2095521EFAC,electric_bike,2026-08-05 12:50:58.797,2026-08-05 12:55:42.451,Hudson Pl & Hoboken Terminal,HB107,12 St & Sinatra Dr N,HB201,40.73579286776364,-74.02837457573912,40.750604142368964,-74.02402013540268,member
8880516644F61F09,classic_bike,2026-08-05 12:55:29.532,2026-08-05 13:11:21.143,South Waterfront Walkway - Sinatra Dr & 1 St,HB103,Hamilton Park,JC009,40.73698221818716,-74.02778059244156,40.727595966,-74.044247311,member
D3A276F21DB9C80D,classic_bike,2026-08-05 13:02:23.380,2026-08-05 13:05:53.207,Grove St PATH,JC115,Grand St,JC102,40.71941,-74.04309,40.71517767732029,-74.03768330812454,member
43AA10E94EFA5618,classic_bike,2026-08-05 13:02:38.975,2026-08-05 13:18:09.739,Hamilton Park,JC009,4 St & River St,HB611,40.727595966,-74.044247311,40.7408139,-74.0274062,member
6E76A2039CB58F52,classic_bike,2026-08-05 13:03:43.483,2026-08-05 13:09:30.890,Hamilton Park,JC009,Manila & 1st,JC082,40.727595966,-74.044247311,40.721650724879986,-74.04288411140442,member
1EFB5C8223CD3477,electric_bike,2026-08-05 13:08:45.724,2026-08-05 13:10:39.258,River St & 1 St,HB609,2 St & Park Ave,HB608,40.73721535335381,-74.02886540972803,40.73915272763701,-74.0330819785595,member
2DECD7A45F5F8113,classic_bike,2026-08-05 13:17:23.617,2026-08-05 13:20:08.852,Hamilton Park,JC009,Monmouth & 6th,JC075,40.727595966,-74.044247311,40.72568548362901,-74.04879033565521,casual
1580351CFECB9F01,classic_bike,2026-08-05 13:18:26.329,2026-08-05 13:21:58.932,Hamilton Park,JC009,Monmouth & 6th,JC075,40.727595966,-74.044247311,40.72568548362901,-74.04879033565521,member
4FCFA177216D4243,classic_bike,2026-08-05 13:26:00.474,2026-08-05 13:28:47.980,Grove St PATH,JC115,Van Vorst Park,JC035,40.71941,-74.04309,40.71848892,-74.047726625,member
2D7A94525BA0C19E,electric_bike,2026-08-05 13:26:35.790,2026-08-05 13:47:03.721,Bergen Ave & Sip Ave,JC109,Baldwin at Montgomery,JC020,40.73100888698729,-74.06443700194359,40.7236589,-74.0641943,member
0329CDC7C4A0B07E,electric_bike,2026-08-05 13:37:44.351,2026-08-05 13:41:24.415,Grove St PATH,JC115,JC Medical Center,JC110,40.71941,-74.04309,40.71539114317,-74.04969155788422,casual
56AAAE639F88165B,electric_bike,2026-08-05 13:38:39.459,2026-08-05 13:44:30.079,Hudson Pl & Hoboken Terminal,HB107,11 St & Washington St,HB502,40.73579286776364,-74.02837457573912,40.74998490907138,-74.02715027332306,casual
9E6F9722748B81AF,classic_bike,2026-08-05 13:40:07.763,2026-08-05 13:44:38.075,Hamilton Park,JC009,Hoboken Ave at Monmouth St,JC105,40.727595966,-74.044247311,40.73520838045357,-74.04696375131607,member
F81A45251E7739AC,classic_bike,2026-08-05 13:41:30.420,2026-08-05 13:44:59.235,Grove St PATH,JC115,Marin Light Rail,JC013,40.71941,-74.04309,40.71458403535893,-74.04281705617905,member
3538C3818601EB05,electric_bike,2026-08-05 13:43:42.403,2026-08-05 13:46:20.052,Bergen Ave & Sip Ave,JC109,Baldwin at Montgomery,JC020,40.73100888698729,-74.06443700194359,40.7236589,-74.0641943,member
64B01E9A078BC307,classic_bike,2026-08-05 13:44:38.789,2026-08-05 13:48:30.339,Grove St PATH,JC115,Grand St,JC102,40.71941,-74.04309,40.71517767732029,-74.03768330812454,member
813550101440C561,electric_bike,2026-08-05 13:44:52.724,2026-08-05 13:52:29.834,Grove St PATH,JC115,Brunswick & 6th,JC081,40.71941,-74.04309,40.72601172964625,-74.05038893222809,member
D4D69BD3A5AB6A9A,electric_bike,2026-08-05 13:48:10.290,2026-08-05 13:52:19.506,South Waterfront Walkway - Sinatra Dr & 1 St,HB103,12 St & Sinatra Dr N,HB201,40.73698221818716,-74.02778059244156,40.750604142368964,-74.02402013540268,member
81434D835D6CD857,classic_bike,2026-08-05 13:50:14.417,2026-08-05 13:54:41.645,Bergen Ave & Sip Ave,JC109,5 Corners Library,JC018,40.73100888698729,-74.06443700194359,40.734961020009514,-74.0595030784607,member
3AA2FA743C688A62,electric_bike,2026-08-05 13:54:40.146,2026-08-05 14:07:14.132,Grove St PATH,JC115,Caven Point Recreation Fields,JC140,40.71941,-74.04309,40.69222,-74.08025,casual
90D92DCCC3768D26,electric_bike,2026-08-05 13:59:25.419,2026-08-05 14:01:31.019,Hamilton Park,JC009,Jersey & 3rd,JC074,40.727595966,-74.044247311,40.72333158646436,-74.04595255851744,member
0F366C74DB424D3D,classic_bike,2026-08-05 14:01:40.193,2026-08-05 14:06:42.239,Grove St PATH,JC115,Exchange Pl,JC116,40.71941,-74.04309,40.71636596185077,-74.034343957901,member
03363CDBC77A253F,classic_bike,2026-08-05 14:01:42.242,2026-08-05 14:07:48.392,River St & 1 St,HB609,11 St & Washington St,HB502,40.73721535335381,-74.02886540972803,40.74998490907138,-74.02715027332306,casual
979B9A24983030DE,classic_bike,2026-08-05 14:09:28.291,2026-08-05 14:17:50.463,Hudson Pl & Hoboken Terminal,HB107,11 St & Washington St,HB502,40.73579286776364,-74.02837457573912,40.74998490907138,-74.02715027332306,member
E58A964E8976574F,electric_bike,2026-08-05 14:14:30.174,2026-08-05 14:21:21.876,Grove St PATH,JC115,Garfield Light Rail,JC119,40.71941,-74.04309,40.710526,-74.070112,casual
ED6604A633511819,electric_bike,2026-08-05 14:15:03.505,2026-08-05 14:19:21.947,Grove St PATH,JC115,York St & Marin Blvd,JC097,40.71941,-74.04309,40.716615000830494,-74.0424120426178,member
848D7FB130BD2FE8,electric_bike,2026-08-05 14:16:26.410,2026-08-05 14:20:58.483,Grove St PATH,JC115,Liberty Light Rail,JC052,40.71941,-74.04309,40.7112423,-74.0557013,casual
4BECEF35C34C0349,classic_bike,2026-08-05 14:18:44.028,2026-08-05 14:19:55.045,South Waterfront Walkway - Sinatra Dr & 1 St,HB103,South Waterfront Walkway - Sinatra Dr & 1 St,HB103,40.73698221818716,-74.02778059244156,40.73698221818716,-74.02778059244156,member
4881D43C805277FB,electric_bike,2026-08-05 14:23:00.920,2026-08-05 14:32:14.629,Bergen Ave & Sip Ave,JC109,West Side Ave & Stegman Pkwy,JC131,40.73100888698729,-74.06443700194359,40.71087,-74.09368,member
6C679E1911BF9EEE,classic_bike,2026-08-05 14:23:23.978,2026-08-05 14:44:12.831,Hudson Pl & Hoboken Terminal,HB107,9 St HBLR - Jackson St & 8 St,HB305,40.73579286776364,-74.02837457573912,40.74790720968899,-74.03841152787209,member
D59357CCCEF427BD,electric_bike,2026-08-05 14:24:20.028,2026-08-05 14:33:11.313,Hudson Pl & Hoboken Terminal,HB107,11 St & Washington St,HB502,40.73579286776364,-74.02837457573912,40.74998490907138,-74.02715027332306,casual
60098E8FD63EB216,electric_bike,2026-08-05 14:25:54.501,2026-08-05 14:30:10.948,South Waterfront Walkway - Sinatra Dr & 1 St,HB103,4 St & Grand St,HB301,40.73698221818716,-74.02778059244156,40.7422579775645,-74.03511106967926,member
84CC1FBF925D43A6,electric_bike,2026-08-05 14:34:37.489,2026-08-05 14:38:47.654,Bergen Ave & Sip Ave,JC109,Glenwood Ave,JC094,40.73100888698729,-74.06443700194359,40.72755146730012,-74.07106071710587,member
F37BBB5FA9B2F1AD,electric_bike,2026-08-05 14:34:49.880,2026-08-05 14:40:59.899,South Waterfront Walkway - Sinatra Dr & 1 St,HB103,14 St Ferry - 14 St & Shipyard Ln,HB202,40.73698221818716,-74.02778059244156,40.752960630464955,-74.02435272932053,member
E9855F34D6812D83,classic_bike,2026-08-05 14:37:16.395,2026-08-05 14:48:31.546,River St & 1 St,HB609,Bloomfield St & 15 St,HB203,40.73721535335381,-74.02886540972803,40.75453,-74.02658,member
9FD79AC5387ACCC7,electric_bike,2026-08-05 14:39:19.984,2026-08-05 14:43:53.751,Hudson Pl & Hoboken Terminal,HB107,12 St & Sinatra Dr N,HB201,40.73579286776364,-74.02837457573912,40.750604142368964,-74.02402013540268,member
2F2EB005F9713C55,electric_bike,2026-08-05 14:41:18.281,2026-08-05 14:47:31.339,Hudson Pl & Hoboken Terminal,HB107,12 St & Sinatra Dr N,HB201,40.73579286776364,-74.02837457573912,40.750604142368964,-74.02402013540268,member
323EA2A03E74AE8A,classic_bike,2026-08-05 14:41:23.935,2026-08-05 15:20:49.362,South Waterfront Walkway - Sinatra Dr & 1 St,HB103,Pershing Field,JC024,40.73698221818716,-74.02778059244156,40.742677141,-74.051788633,member
81B42BC60FC1DC18,classic_bike,2026-08-05 14:46:06.308,2026-08-05 15:15:48.596,Bergen Ave & Sip Ave,JC109,West Side Ave & Stegman Pkwy,JC131,40.73100888698729,-74.06443700194359,40.71087,-74.09368,member
E9AE229E6FCCADF3,classic_bike,2026-08-05 14:48:49.362,2026-08-05 14:56:13.712,South Waterfront Walkway - Sinatra Dr & 1 St,HB103,14 St Ferry - 14 St & Shipyard Ln,HB202,40.73698221818716,-74.02778059244156,40.752960630464955,-74.02435272932053,member
FF28A86AEDA42A07,electric_bike,2026-08-05 14:53:23.948,2026-08-05 15:03:09.264,Bergen Ave & Sip Ave,JC109,Jackson Square,JC063,40.73100888698729,-74.06443700194359,40.71113,-74.0789,casual
A8841F857CB4F4CD,electric_bike,2026-08-05 14:56:40.896,2026-08-05 15:02:44.483,Hudson Pl & Hoboken Terminal,HB107,11 St & Washington St,HB502,40.73579286776364,-74.02837457573912,40.74998490907138,-74.02715027332306,casual
28E172683446D9EF,electric_bike,2026-08-05 15:00:26.473,2026-08-05 15:07:16.054,South Waterfront Walkway - Sinatra Dr & 1 St,HB103,14 St Ferry - 14 St & Shipyard Ln,HB202,40.73698221818716,-74.02778059244156,40.752960630464955,-74.02435272932053,member
9A15EC45BAC63CC1,classic_bike,2026-08-05 15:06:52.677,2026-08-05 15:16:12.151,Hamilton Park,JC009,Southwest Park - Jackson St & Observer Hwy,HB401,40.727595966,-74.044247311,40.73755127245804,-74.04166370630264,member
B41277FCF8AB242E,electric_bike,2026-08-05 15:07:31.541,2026-08-05 15:13:59.203,Hudson Pl & Hoboken Terminal,HB107,11 St & Washington St,HB502,40.73579286776364,-74.02837457573912,40.74998490907138,-74.02715027332306,member
D55067EA8EF515AC,electric_bike,2026-08-05 15:07:38.945,2026-08-05 15:13:32.111,Hudson Pl & Hoboken Terminal,HB107,12 St & Sinatra Dr N,HB201,40.73579286776364,-74.02837457573912,40.750604142368964,-74.02402013540268,member
0F876D07A6D54C3F,electric_bike,2026-08-05 15:07:45.900,2026-08-05 15:16:39.216,Hamilton Park,JC009,Grand St,JC102,40.727595966,-74.044247311,40.71517767732029,-74.03768330812454,casual
EDB364FAAB34E598,electric_bike,2026-08-05 15:07:51.486,2026-08-05 15:16:29.649,Hamilton Park,JC009,Grand St,JC102,40.727595966,-74.044247311,40.71517767732029,-74.03768330812454,casual
83D23A238EA3D694,classic_bike,2026-08-05 15:09:14.858,2026-08-05 15:15:41.701,Grove St PATH,JC115,Brunswick St,JC023,40.71941,-74.04309,40.7241765,-74.0506564,member
1E14F6C06A700010,classic_bike,2026-08-05 15:09:40.408,2026-08-05 15:16:54.885,River St & 1 St,HB609,12 St & Sinatra Dr N,HB201,40.73721535335381,-74.02886540972803,40.750604142368964,-74.02402013540268,member
13E9EB36DDFE4F0D,classic_bike,2026-08-05 15:10:46.401,2026-08-05 15:20:27.234,South Waterfront Walkway - Sinatra Dr & 1 St,HB103,2 St & Park Ave,HB608,40.73698221818716,-74.02778059244156,40.73915272763701,-74.0330819785595,member
46814F0770EB23E2,electric_bike,2026-08-05 15:16:52.427,2026-08-05 15:19:58.022,Hamilton Park,JC009,Newark Ave,JC032,40.727595966,-74.044247311,40.72152515,-74.046304543,casual
34DF240BA7A92AE5,classic_bike,2026-08-05 15:17:59.373,2026-08-05 15:24:01.608,South Waterfront Walkway - Sinatra Dr & 1 St,HB103,12 St & Sinatra Dr N,HB201,40.73698221818716,-74.02778059244156,40.750604142368964,-74.02402013540268,member
742CEFAB4CF4D8A6,electric_bike,2026-08-05 15:18:18.830,2026-08-05 15:22:45.332,Hudson Pl & Hoboken Terminal,HB107,4 St & Grand St,HB301,40.73579286776364,-74.02837457573912,40.7422579775645,-74.03511106967926,member
BDDF0B594DF3F801,electric_bike,2026-08-05 15:18:59.838,2026-08-05 15:24:01.271,South Waterfront Walkway - Sinatra Dr & 1 St,HB103,11 St & Washington St,HB502,40.73698221818716,-74.02778059244156,40.74998490907138,-74.02715027332306,casual
3B50DF526AAB7E03,classic_bike,2026-08-05 15:19:10.320,2026-08-05 15:21:27.247,River St & 1 St,HB609,4 St & River St,HB611,40.73721535335381,-74.02886540972803,40.7408139,-74.0274062,member
02A73E9B0A90456D,electric_bike,2026-08-05 15:20:04.341,2026-08-05 15:26:52.541,Hudson Pl & Hoboken Terminal,HB107,Columbus Park - Clinton St & 9 St,HB501,40.73579286776364,-74.02837457573912,40.74816121065146,-74.0324530005455,member
9BEA19692E54632A,classic_bike,2026-08-05 15:22:31.498,2026-08-05 15:38:31.598,Bergen Ave & Sip Ave,JC109,City Hall,JC003,40.73100888698729,-74.06443700194359,40.7177325,-74.043845,member
4B5138D98F6C7388,classic_bike,2026-08-05 15:24:24.411,2026-08-05 15:31:34.228,Hudson Pl & Hoboken Terminal,HB107,Stevens - River Ter & 6 St,HB602,40.73579286776364,-74.02837457573912,40.74313282710551,-74.02698867022991,member
07AB2F9154FE8108,electric_bike,2026-08-05 15:27:58.449,2026-08-05 15:36:17.297,Grove St PATH,JC115,Christ Hospital,JC034,40.71941,-74.04309,40.734785818,-74.050443636,member
226E8A0DC3B4E7D6,electric_bike,2026-08-05 15:29:10.006,2026-08-05 15:31:43.702,Hudson Pl & Hoboken Terminal,HB107,Clinton St & Newark St,HB409,40.73579286776364,-74.02837457573912,40.73743,-74.03571,member
4E4C211BE00E5887,electric_bike,2026-08-05 15:30:05.721,2026-08-05 15:35:19.998,Hudson Pl & Hoboken Terminal,HB107,14 St Ferry - 14 St & Shipyard Ln,HB202,40.73579286776364,-74.02837457573912,40.752960630464955,-74.02435272932053,member
42448120BB335FAD,electric_bike,2026-08-05 15:30:57.380,2026-08-05 15:35:04.007,River St & 1 St,HB609,8 St & Washington St,HB603,40.73721535335381,-74.02886540972803,40.745983882915624,-74.02819901704788,member
ECBBA97EAF39062C,classic_bike,2026-08-05 15:31:13.115,2026-08-05 15:36:07.064,River St & 1 St,HB609,Clinton St & 7 St,HB303,40.73721535335381,-74.02886540972803,40.74542,-74.03332,member
78F146C5C6FFF96D,classic_bike,2026-08-05 15:31:31.631,2026-08-05 15:48:44.146,Bergen Ave & Sip Ave,JC109,Heights Elevator,JC059,40.73100888698729,-74.06443700194359,40.748715945380226,-74.04044330120087,member
ED19CAD42828DE89,classic_bike,2026-08-05 15:31:34.281,2026-08-05 15:38:06.884,Bergen Ave & Sip Ave,JC109,Glenwood Ave,JC094,40.73100888698729,-74.06443700194359,40.72755146730012,-74.07106071710587,casual
350192A1FD0F7C46,classic_bike,2026-08-05 15:32:43.493,2026-08-05 15:43:16.086,River St & 1 St,HB609,7 St & Monroe St,HB304,40.73721535335381,-74.02886540972803,40.74641264837719,-74.03797701001167,member
4F1B95B131F6B788,electric_bike,2026-08-05 15:33:14.435,2026-08-05 15:39:47.755,South Waterfront Walkway - Sinatra Dr & 1 St,HB103,Bloomfield St & 15 St,HB203,40.73698221818716,-74.02778059244156,40.75453,-74.02658,casual
85A04BAD8EDA0EF9,electric_bike,2026-08-05 15:33:42.679,2026-08-05 15:43:17.492,Bergen Ave & Sip Ave,JC109,Union St,JC051,40.73100888698729,-74.06443700194359,40.7182113,-74.0836394,member
78C066089B0BEC87,electric_bike,2026-08-05 15:33:46.400,2026-08-05 15:38:23.118,Hudson Pl & Hoboken Terminal,HB107,Southwest Park - Jackson St & Observer Hwy,HB401,40.73579286776364,-74.02837457573912,40.73755127245804,-74.04166370630264,member
5DCCB115F7179DD0,classic_bike,2026-08-05 15:34:05.684,2026-08-05 15:43:13.907,Bergen Ave & Sip Ave,JC109,Bergen Ave,JC095,40.73100888698729,-74.06443700194359,40.722103786686034,-74.07145500183105,member
968CFD2A2F98015A,electric_bike,2026-08-05 15:37:40.761,2026-08-05 15:53:25.615,Bergen Ave & Sip Ave,JC109,Clinton St & Newark St,HB409,40.73100888698729,-74.06443700194359,40.73743,-74.03571,member
FF313465BD089429,classic_bike,2026-08-05 15:38:03.292,2026-08-05 15:48:06.095,Hamilton Park,JC009,Newark Ave,JC032,40.727595966,-74.044247311,40.72152515,-74.046304543,casual
FC6B5A07DF06782E,classic_bike,2026-08-05 15:39:18.768,2026-08-05 15:43:37.296,Grove St PATH,JC115,Marin Light Rail,JC013,40.71941,-74.04309,40.71458403535893,-74.04281705617905,member
E0304FBFCF11CB90,electric_bike,2026-08-05 15:39:35.147,2026-08-05 15:50:31.127,River St & 1 St,HB609,Bloomfield St & 15 St,HB203,40.73721535335381,-74.02886540972803,40.75453,-74.02658,member
9B2ADFA49EA71228,classic_bike,2026-08-05 15:41:25.951,2026-08-05 15:57:23.799,South Waterfront Walkway - Sinatra Dr & 1 St,HB103,Bloomfield St & 15 St,HB203,40.73698221818716,-74.02778059244156,40.75453,-74.02658,member
A55402067C396543,classic_bike,2026-08-05 15:43:48.942,2026-08-05 15:47:01.111,Hudson Pl & Hoboken Terminal,HB107,4 St & River St,HB611,40.73579286776364,-74.02837457573912,40.7408139,-74.0274062,member
BFF0A5A0D314BDC3,electric_bike,2026-08-05 15:45:37.961,2026-08-05 15:50:39.835,South Waterfront Walkway - Sinatra Dr & 1 St,HB103,12 St & Sinatra Dr N,HB201,40.73698221818716,-74.02778059244156,40.750604142368964,-74.02402013540268,casual
1A840EA6BD383CAD,electric_bike,2026-08-05 15:46:30.944,2026-08-05 15:52:34.271,Hudson Pl & Hoboken Terminal,HB107,9 St HBLR - Jackson St & 8 St,HB305,40.73579286776364,-74.02837457573912,40.74790720968899,-74.03841152787209,member
62A6206520D17233,electric_bike,2026-08-05 15:47:20.072,2026-08-05 15:58:50.000,River St & 1 St,HB609,Madison St & 10 St,HB503,40.73721535335381,-74.02886540972803,40.74994325412246,-74.03586477041245,casual
5939DEEE030DFB61,classic_bike,2026-08-05 15:47:32.254,2026-08-05 15:50:35.761,Grove St PATH,JC115,JC Medical Center,JC110,40.71941,-74.04309,40.71539114317,-74.04969155788422,member
50590AEB33D263BF,electric_bike,2026-08-05 15:47:42.952,2026-08-05 15:50:39.894,Grove St PATH,JC115,JC Medical Center,JC110,40.71941,-74.04309,40.71539114317,-74.04969155788422,member
C931092834D26E6B,classic_bike,2026-08-05 15:49:32.433,2026-08-05 16:06:41.023,Grove St PATH,JC115,Dr. Lena Edwards Park,JC117,40.71941,-74.04309,40.713203,-74.058261,member
20A76B14CCA2CC08,electric_bike,2026-08-05 15:51:10.200,2026-08-05 15:57:20.975,Grove St PATH,JC115,Hamilton Park,JC009,40.71941,-74.04309,40.727595966,-74.044247311,member
E3FDEA512994F3E7,electric_bike,2026-08-05 15:51:18.244,2026-08-05 15:54:34.542,Grove St PATH,JC115,Marin Light Rail,JC013,40.71941,-74.04309,40.71458403535893,-74.04281705617905,member
680FFE2D686E5FCF,electric_bike,2026-08-05 15:51:26.076,2026-08-05 15:53:38.815,Hamilton Park,JC009,Jersey & 3rd,JC074,40.727595966,-74.044247311,40.72333158646436,-74.04595255851744,member
E1A2BF845139FAEB,electric_bike,2026-08-05 15:53:55.738,2026-08-05 16:00:55.287,River St & 1 St,HB609,Clinton St & 7 St,HB303,40.73721535335381,-74.02886540972803,40.74542,-74.03332,casual
A47C5161D85A6DEC,electric_bike,2026-08-05 15:57:37.003,2026-08-05 16:05:29.581,Bergen Ave & Sip Ave,JC109,Jersey & 6th St,JC027,40.73100888698729,-74.06443700194359,40.72528910781132,-74.04557168483734,member
1C3D0112F4538395,classic_bike,2026-08-05 15:58:41.845,2026-08-05 16:04:53.701,Grove St PATH,JC115,Monmouth & 6th,JC075,40.71941,-74.04309,40.72568548362901,-74.04879033565521,member
2F3507699153D195,electric_bike,2026-08-05 15:58:56.124,2026-08-05 16:08:21.001,Hudson Pl & Hoboken Terminal,HB107,9 St HBLR - Jackson St & 8 St,HB305,40.73579286776364,-74.02837457573912,40.74790720968899,-74.03841152787209,member
4AF9634490DC581C,electric_bike,2026-08-05 15:59:30.739,2026-08-05 16:02:53.316,River St & 1 St,HB609,Southwest Park - Jackson St & Observer Hwy,HB401,40.73721535335381,-74.02886540972803,40.73755127245804,-74.04166370630264,member
179C9B48799F3ED5,electric_bike,2026-08-05 15:59:31.796,2026-08-05 16:03:23.592,Hudson Pl & Hoboken Terminal,HB107,Madison St & 1 St,HB402,40.73579286776364,-74.02837457573912,40.73879,-74.0393,casual
1C797AEC33289F0D,classic_bike,2026-08-05 16:03:33.269,2026-08-05 16:07:53.196,Grove St PATH,JC115,Dixon Mills,JC076,40.71941,-74.04309,40.721630142638354,-74.04996782541275,casual
9301B7D35941295E,classic_bike,2026-08-05 16:04:08.371,2026-08-05 16:12:56.849,Grove St PATH,JC115,Liberty Light Rail,JC052,40.71941,-74.04309,40.7112423,-74.0557013,member
45E6E99D42A5C4E1,electric_bike,2026-08-05 16:05:36.535,2026-08-05 16:10:25.338,River St & 1 St,HB609,14 St Ferry - 14 St & Shipyard Ln,HB202,40.73721535335381,-74.02886540972803,40.752960630464955,-74.02435272932053,member
A788A4A3E66D4CA2,electric_bike,2026-08-05 16:09:40.832,2026-08-05 16:15:23.180,Hudson Pl & Hoboken Terminal,HB107,12 St & Sinatra Dr N,HB201,40.73579286776364,-74.02837457573912,40.750604142368964,-74.02402013540268,casual
8643673A2AD54037,electric_bike,2026-08-05 16:10:21.774,2026-08-05 16:21:09.328,Bergen Ave & Sip Ave,JC109,Hoboken Terminal - Hudson St & Hudson Pl,HB101,40.73100888698729,-74.06443700194359,40.73593758446329,-74.03030455112457,member
D79946523CFCE1FA,electric_bike,2026-08-05 16:16:06.741,2026-08-05 16:24:02.790,River St & 1 St,HB609,Mama Johnson Field - 4 St & Jackson St,HB404,40.73721535335381,-74.02886540972803,40.74313993965626,-74.04004096984863,member
3D9D6B49CE1C5979,electric_bike,2026-08-05 16:16:13.953,2026-08-05 16:23:10.605,Grove St PATH,JC115,Lafayette Park,JC078,40.71941,-74.04309,40.71346382669195,-74.06285852193832,member
E0A92AAEA64AC3EB,electric_bike,2026-08-05 16:16:25.862,2026-08-05 16:19:56.593,Grove St PATH,JC115,Monmouth & 6th,JC075,40.71941,-74.04309,40.72568548362901,-74.04879033565521,member
F004F0A787AE7F51,electric_bike,2026-08-05 16:16:49.716,2026-08-05 16:25:39.761,Grove St PATH,JC115,Baldwin at Montgomery,JC020,40.71941,-74.04309,40.7236589,-74.0641943,member
F2C773E002007E79,electric_bike,2026-08-05 16:17:00.850,2026-08-05 16:21:56.050,South Waterfront Walkway - Sinatra Dr & 1 St,HB103,12 St & Sinatra Dr N,HB201,40.73698221818716,-74.02778059244156,40.750604142368964,-74.02402013540268,member
0D9759F43BAF4C01,classic_bike,2026-08-05 16:17:39.614,2026-08-05 17:00:48.036,River St & 1 St,HB609,River St & 1 St,HB609,40.73721535335381,-74.02886540972803,40.73721535335381,-74.02886540972803,casual
D4D854BEC62364F0,electric_bike,2026-08-05 16:18:00.520,2026-08-05 16:25:59.402,Grove St PATH,JC115,Dr. Lena Edwards Park,JC117,40.71941,-74.04309,40.713203,-74.058261,member
81B049276F4AF665,electric_bike,2026-08-05 16:18:08.816,2026-08-05 16:23:12.697,Grove St PATH,JC115,Brunswick & 6th,JC081,40.71941,-74.04309,40.72601172964625,-74.05038893222809,casual
13BAB37D2629D382,electric_bike,2026-08-05 16:18:53.683,2026-08-05 17:00:53.894,River St & 1 St,HB609,River St & 1 St,HB609,40.73721535335381,-74.02886540972803,40.73721535335381,-74.02886540972803,casual
293B7122642EC76A,electric_bike,2026-08-05 16:19:52.845,2026-08-05 16:22:08.032,Hamilton Park,JC009,Newark Ave,JC032,40.727595966,-74.044247311,40.72152515,-74.046304543,member
A956B0060A5FEB9C,electric_bike,2026-08-05 16:20:44.292,2026-08-05 16:30:38.393,Hudson Pl & Hoboken Terminal,HB107,Heights Elevator,JC059,40.73579286776364,-74.02837457573912,40.748715945380226,-74.04044330120087,member
806494DD38E2A6E4,classic_bike,2026-08-05 16:23:26.011,2026-08-05 16:38:32.448,River St & 1 St,HB609,Willow Ave & 12 St,HB505,40.73721535335381,-74.02886540972803,40.7518674823282,-74.03037697076797,member
DD301F92BC701C5A,electric_bike,2026-08-05 16:24:05.373,2026-08-05 16:29:00.781,Hudson Pl & Hoboken Terminal,HB107,Mama Johnson Field - 4 St & Jackson St,HB404,40.73579286776364,-74.02837457573912,40.74313993965626,-74.04004096984863,member
528F423D76DED554,classic_bike,2026-08-05 16:25:15.032,2026-08-05 16:33:28.494,Hudson Pl & Hoboken Terminal,HB107,12 St & Sinatra Dr N,HB201,40.73579286776364,-74.02837457573912,40.750604142368964,-74.02402013540268,member
CB8A6BDB40B59B17,electric_bike,2026-08-05 16:25:40.428,2026-08-05 16:29:15.930,River St & 1 St,HB609,Church Sq Park - 5 St & Park Ave,HB601,40.73721535335381,-74.02886540972803,40.74265933273143,-74.03223305940628,casual
756F3033B247F312,electric_bike,2026-08-05 16:26:00.961,2026-08-05 16:32:59.106,Grove St PATH,JC115,Lafayette Park,JC078,40.71941,-74.04309,40.71346382669195,-74.06285852193832,member
6949213588FA56CD,electric_bike,2026-08-05 16:27:30.652,2026-08-05 16:31:50.986,Grove St PATH,JC115,Marin Light Rail,JC013,40.71941,-74.04309,40.71458403535893,-74.04281705617905,member
2F80E508ED9DC008,electric_bike,2026-08-05 16:27:34.023,2026-08-05 16:32:49.032,South Waterfront Walkway - Sinatra Dr & 1 St,HB103,14 St Ferry - 14 St & Shipyard Ln,HB202,40.73698221818716,-74.02778059244156,40.752960630464955,-74.02435272932053,member
22CA42CD1734D3D0,electric_bike,2026-08-05 16:28:12.422,2026-08-05 16:30:54.807,Grove St PATH,JC115,Jersey & 6th St,JC027,40.71941,-74.04309,40.72528910781132,-74.04557168483734,member
ABF559535EA92AFC,electric_bike,2026-08-05 16:28:17.219,2026-08-05 16:29:41.339,Grove St PATH,JC115,Grove St PATH,JC115,40.71941,-74.04309,40.71941,-74.04309,member
9E1D201297458465,electric_bike,2026-08-05 16:28:41.645,2026-08-05 16:32:01.637,Grove St PATH,JC115,Jersey & 6th St,JC027,40.71941,-74.04309,40.72528910781132,-74.04557168483734,member
8C6D06284070460C,electric_bike,2026-08-05 16:30:30.687,2026-08-05 16:35:19.350,River St & 1 St,HB609,Madison St & 1 St,HB402,40.73721535335381,-74.02886540972803,40.73879,-74.0393,member
71B9F1BF650C65FD,classic_bike,2026-08-05 16:31:14.864,2026-08-05 16:39:19.659,Hudson Pl & Hoboken Terminal,HB107,7 St & Monroe St,HB304,40.73579286776364,-74.02837457573912,40.74641264837719,-74.03797701001167,member
9114E2B4DE7A3C86,electric_bike,2026-08-05 16:32:03.745,2026-08-05 16:35:38.144,South Waterfront Walkway - Sinatra Dr & 1 St,HB103,Madison St & 1 St,HB402,40.73698221818716,-74.02778059244156,40.73879,-74.0393,member
D770238C675C2FB6,classic_bike,2026-08-05 16:32:55.633,2026-08-05 16:42:58.444,River St & 1 St,HB609,11 St & Washington St,HB502,40.73721535335381,-74.02886540972803,40.74998490907138,-74.02715027332306,casual
6C971DAE2FF68203,classic_bike,2026-08-05 16:34:00.572,2026-08-05 16:39:28.374,Bergen Ave & Sip Ave,JC109,Lincoln Park,JC053,40.73100888698729,-74.06443700194359,40.7246050998869,-74.07840594649315,member
097F842D66D7ECB3,classic_bike,2026-08-05 16:36:01.522,2026-08-05 16:41:56.792,Grove St PATH,JC115,Liberty Light Rail,JC052,40.71941,-74.04309,40.7112423,-74.0557013,member
96A9AD5D7CEA2278,classic_bike,2026-08-05 16:36:18.849,2026-08-05 16:46:07.607,Grove St PATH,JC115,Lafayette Park,JC078,40.71941,-74.04309,40.71346382669195,-74.06285852193832,member
688D2BD24EA1064A,electric_bike,2026-08-05 16:37:03.272,2026-08-05 16:42:24.584,South Waterfront Walkway - Sinatra Dr & 1 St,HB103,Grand St & 14 St,HB506,40.73698221818716,-74.02778059244156,40.75409,-74.0316,member
D0CA65BCC895514C,electric_bike,2026-08-05 16:38:08.552,2026-08-05 16:47:02.901,Grove St PATH,JC115,Southwest Park - Jackson St & Observer Hwy,HB401,40.71941,-74.04309,40.73755127245804,-74.04166370630264,member
BF24E8C25CEEBAD3,electric_bike,2026-08-05 16:38:59.788,2026-08-05 16:44:35.982,River St & 1 St,HB609,12 St & Sinatra Dr N,HB201,40.73721535335381,-74.02886540972803,40.750604142368964,-74.02402013540268,member
B09D7966985B4D00,electric_bike,2026-08-05 16:39:46.967,2026-08-05 16:46:37.424,Bergen Ave & Sip Ave,JC109,Leonard Gordon Park,JC080,40.73100888698729,-74.06443700194359,40.74590996631558,-74.0572714805603,member
ED0AC4A0A42BF513,classic_bike,2026-08-05 16:42:10.991,2026-08-05 16:56:03.095,Grove St PATH,JC115,Pacific Ave & Communipaw Ave,JC118,40.71941,-74.04309,40.711354,-74.062446,member
B4B9A0FE20DEF219,electric_bike,2026-08-05 16:43:06.930,2026-08-05 16:47:51.253,River St & 1 St,HB609,Mama Johnson Field - 4 St & Jackson St,HB404,40.73721535335381,-74.02886540972803,40.74313993965626,-74.04004096984863,member
2656F005CD8E12F5,electric_bike,2026-08-05 16:43:23.628,2026-08-05 16:50:39.434,River St & 1 St,HB609,7 St & Monroe St,HB304,40.73721535335381,-74.02886540972803,40.74641264837719,-74.03797701001167,member
A2A8ADD704D02DFA,classic_bike,2026-08-05 16:45:56.672,2026-08-05 16:52:48.959,Grove St PATH,JC115,Montgomery St,JC099,40.71941,-74.04309,40.71942,-74.05099,member
A816F0B8CF71AF2D,electric_bike,2026-08-05 16:46:08.574,2026-08-05 16:50:30.518,Bergen Ave & Sip Ave,JC109,Glenwood Ave,JC094,40.73100888698729,-74.06443700194359,40.72755146730012,-74.07106071710587,member
490080E655CF2F37,classic_bike,2026-08-05 16:46:17.359,2026-08-05 16:53:35.323,Grove St PATH,JC115,Jersey & 6th St,JC027,40.71941,-74.04309,40.72528910781132,-74.04557168483734,member
2911E583F1EBE37C,classic_bike,2026-08-05 16:48:43.736,2026-08-05 16:59:40.366,Grove St PATH,JC115,Madison St & 1 St,HB402,40.71941,-74.04309,40.73879,-74.0393,member
63A4A36C6FC57601,electric_bike,2026-08-05 16:49:30.394,2026-08-05 16:54:02.679,River St & 1 St,HB609,14 St Ferry - 14 St & Shipyard Ln,HB202,40.73721535335381,-74.02886540972803,40.752960630464955,-74.02435272932053,member
5A0717D0CF87775D,electric_bike,2026-08-05 16:49:43.517,2026-08-05 16:55:17.595,River St & 1 St,HB609,11 St & Washington St,HB502,40.73721535335381,-74.02886540972803,40.74998490907138,-74.02715027332306,member
FB09180288765DD4,electric_bike,2026-08-05 16:50:04.952,2026-08-05 16:54:42.462,River St & 1 St,HB609,11 St & Washington St,HB502,40.73721535335381,-74.02886540972803,40.74998490907138,-74.02715027332306,member
67FC1B9ED91349C4,classic_bike,2026-08-05 16:50:06.959,2026-08-05 16:53:31.420,Bergen Ave & Sip Ave,JC109,McGinley Square,JC055,40.73100888698729,-74.06443700194359,40.7253399253558,-74.06762212514877,member
86A924E2F02E3258,electric_bike,2026-08-05 16:50:12.166,2026-08-05 16:59:20.352,South Waterfront Walkway - Sinatra Dr & 1 St,HB103,14 St Ferry - 14 St & Shipyard Ln,HB202,40.73698221818716,-74.02778059244156,40.752960630464955,-74.02435272932053,casual
214137E02CAF8612,classic_bike,2026-08-05 16:51:31.955,2026-08-05 17:02:23.676,Hudson Pl & Hoboken Terminal,HB107,14 St Ferry - 14 St & Shipyard Ln,HB202,40.73579286776364,-74.02837457573912,40.752960630464955,-74.02435272932053,casual
D692D07808A8C214,classic_bike,2026-08-05 16:51:37.558,2026-08-05 17:02:42.322,Hudson Pl & Hoboken Terminal,HB107,11 St & Washington St,HB502,40.73579286776364,-74.02837457573912,40.74998490907138,-74.02715027332306,casual
BE9F4B0539B76C16,classic_bike,2026-08-05 16:52:40.222,2026-08-05 16:57:29.187,Grove St PATH,JC115,JC Medical Center,JC110,40.71941,-74.04309,40.71539114317,-74.04969155788422,member
611856E28E2883A3,electric_bike,2026-08-05 16:52:57.324,2026-08-05 17:00:25.280,Grove St PATH,JC115,Communipaw & Berry Lane,JC084,40.71941,-74.04309,40.71435836870427,-74.06661093235016,member
4117257A1D1602B1,electric_bike,2026-08-05 16:58:01.594,2026-08-05 17:12:38.410,Grove St PATH,JC115,Hamilton Park,JC009,40.71941,-74.04309,40.727595966,-74.044247311,member
2FB26D2E97306C65,electric_bike,2026-08-05 16:59:25.643,2026-08-05 17:03:04.001,River St & 1 St,HB609,Clinton St & 7 St,HB303,40.73721535335381,-74.02886540972803,40.74542,-74.03332,member
784DAF8545258EBB,electric_bike,2026-08-05 16:59:27.870,2026-08-05 17:04:34.356,River St & 1 St,HB609,Southwest Park - Jackson St & Observer Hwy,HB401,40.73721535335381,-74.02886540972803,40.73755127245804,-74.04166370630264,member
313DE30DFCDC97ED,electric_bike,2026-08-05 16:59:37.151,2026-08-05 17:06:12.172,River St & 1 St,HB609,7 St & Monroe St,HB304,40.73721535335381,-74.02886540972803,40.74641264837719,-74.03797701001167,member
5DC6ED39C4726DE4,electric_bike,2026-08-05 17:00:11.367,2026-08-05 17:03:42.515,River St & 1 St,HB609,Church Sq Park - 5 St & Park Ave,HB601,40.73721535335381,-74.02886540972803,40.74265933273143,-74.03223305940628,member
2C0D4F192EF5521B,electric_bike,2026-08-05 17:00:26.951,2026-08-05 17:07:16.335,River St & 1 St,HB609,Bloomfield St & 15 St,HB203,40.73721535335381,-74.02886540972803,40.75453,-74.02658,member
39F86E37CF6DBB67,classic_bike,2026-08-05 17:01:53.912,2026-08-05 17:13:59.338,South Waterfront Walkway - Sinatra Dr & 1 St,HB103,Washington St,JC098,40.73698221818716,-74.02778059244156,40.7242941,-74.0354826,member
B286C3D614F70A45,electric_bike,2026-08-05 17:02:00.302,2026-08-05 17:05:53.876,Grove St PATH,JC115,Jersey & 6th St,JC027,40.71941,-74.04309,40.72528910781132,-74.04557168483734,member
A928C181C6F82E48,electric_bike,2026-08-05 17:04:52.965,2026-08-05 17:11:32.307,Hudson Pl & Hoboken Terminal,HB107,Madison St & 1 St,HB402,40.73579286776364,-74.02837457573912,40.73879,-74.0393,member
4CB6B1198C11569F,classic_bike,2026-08-05 17:05:05.015,2026-08-05 17:10:33.429,River St & 1 St,HB609,Mama Johnson Field - 4 St & Jackson St,HB404,40.73721535335381,-74.02886540972803,40.74313993965626,-74.04004096984863,member
E46F3A46408A08F1,classic_bike,2026-08-05 17:06:41.390,2026-08-05 17:12:18.057,River St & 1 St,HB609,Marshall St & 2 St,HB408,40.73721535335381,-74.02886540972803,40.740802,-74.042521,casual
A5CE201ED494E3FA,classic_bike,2026-08-05 17:06:46.093,2026-08-05 17:09:07.798,Hudson Pl & Hoboken Terminal,HB107,4 St & River St,HB611,40.73579286776364,-74.02837457573912,40.7408139,-74.0274062,member
D729AEC9CFFBF468,electric_bike,2026-08-05 17:07:27.780,2026-08-05 17:12:14.635,South Waterfront Walkway - Sinatra Dr & 1 St,HB103,11 St & Washington St,HB502,40.73698221818716,-74.02778059244156,40.74998490907138,-74.02715027332306,member
985864163C788395,electric_bike,2026-08-05 17:07:34.518,2026-08-05 17:11:25.457,Grove St PATH,JC115,Marin Light Rail,JC013,40.71941,-74.04309,40.71458403535893,-74.04281705617905,member
0175167D93D586B3,electric_bike,2026-08-05 17:07:35.356,2026-08-05 17:10:18.214,Hamilton Park,JC009,Manila & 1st,JC082,40.727595966,-74.044247311,40.721650724879986,-74.04288411140442,member
B9C9770C5DAD02C8,electric_bike,2026-08-05 17:07:50.250,2026-08-05 17:13:41.960,River St & 1 St,HB609,Marshall St & 2 St,HB408,40.73721535335381,-74.02886540972803,40.740802,-74.042521,member
81334283311CC574,electric_bike,2026-08-05 17:07:53.157,2026-08-05 17:10:49.340,Bergen Ave & Sip Ave,JC109,McGinley Square,JC055,40.73100888698729,-74.06443700194359,40.7253399253558,-74.06762212514877,member
AAEAB3A9243580E5,classic_bike,2026-08-05 17:09:17.936,2026-08-05 17:20:03.489,Grove St PATH,JC115,Lafayette Park,JC078,40.71941,-74.04309,40.71346382669195,-74.06285852193832,member
74AC5DE60E71E5AA,electric_bike,2026-08-05 17:10:08.362,2026-08-05 17:15:21.126,River St & 1 St,HB609,4 St & Grand St,HB301,40.73721535335381,-74.02886540972803,40.7422579775645,-74.03511106967926,casual
39B5F5ECC7DB89A9,classic_bike,2026-08-05 17:11:24.219,2026-08-05 17:17:57.435,Grove St PATH,JC115,Liberty Light Rail,JC052,40.71941,-74.04309,40.7112423,-74.0557013,member
5BEFA48DCAC75523,electric_bike,2026-08-05 17:12:31.417,2026-08-05 17:17:17.620,Grove St PATH,JC115,Monmouth & 6th,JC075,40.71941,-74.04309,40.72568548362901,-74.04879033565521,member
88371AD93E9159C0,electric_bike,2026-08-05 17:13:07.574,2026-08-05 17:18:37.295,Hudson Pl & Hoboken Terminal,HB107,12 St & Sinatra Dr N,HB201,40.73579286776364,-74.02837457573912,40.750604142368964,-74.02402013540268,member
45D6E4398A3E995B,electric_bike,2026-08-05 17:13:14.949,2026-08-05 17:14:41.357,Grove St PATH,JC115,Van Vorst Park,JC035,40.71941,-74.04309,40.71848892,-74.047726625,member
F7FB057C4F5761CE,classic_bike,2026-08-05 17:13:27.341,2026-08-05 17:21:41.272,Hudson Pl & Hoboken Terminal,HB107,14 St Ferry - 14 St & Shipyard Ln,HB202,40.73579286776364,-74.02837457573912,40.752960630464955,-74.02435272932053,member
AEFD7DF19B75C780,electric_bike,2026-08-05 17:13:49.067,2026-08-05 17:20:14.136,Grove St PATH,JC115,Dr. Lena Edwards Park,JC117,40.71941,-74.04309,40.713203,-74.058261,casual
8907235492E21343,electric_bike,2026-08-05 17:13:49.546,2026-08-05 17:16:00.202,River St & 1 St,HB609,Stevens - River Ter & 6 St,HB602,40.73721535335381,-74.02886540972803,40.74313282710551,-74.02698867022991,member
2F6888A677D0339F,electric_bike,2026-08-05 17:15:51.428,2026-08-05 17:21:52.064,South Waterfront Walkway - Sinatra Dr & 1 St,HB103,Columbus Park - Clinton St & 9 St,HB501,40.73698221818716,-74.02778059244156,40.74816121065146,-74.0324530005455,member
3AA85E58566F6991,classic_bike,2026-08-05 17:16:14.720,2026-08-05 17:21:23.022,Hudson Pl & Hoboken Terminal,HB107,Church Sq Park - 5 St & Park Ave,HB601,40.73579286776364,-74.02837457573912,40.74265933273143,-74.03223305940628,member
845E2354318C8D2C,classic_bike,2026-08-05 17:16:47.057,2026-08-05 17:22:06.672,Grove St PATH,JC115,Marin Light Rail,JC013,40.71941,-74.04309,40.71458403535893,-74.04281705617905,member
216FA45A668A68D6,electric_bike,2026-08-05 17:17:16.595,2026-08-05 17:22:58.639,Grove St PATH,JC115,Lafayette Park,JC078,40.71941,-74.04309,40.71346382669195,-74.06285852193832,member
73BEF601666BA5D6,electric_bike,2026-08-05 17:17:18.821,2026-08-05 17:21:48.529,Bergen Ave & Sip Ave,JC109,Fairmount Ave,JC093,40.73100888698729,-74.06443700194359,40.72572613742557,-74.07195925712585,member
34FE029457BC8F1E,electric_bike,2026-08-05 17:17:29.010,2026-08-05 17:21:42.168,River St & 1 St,HB609,Church Sq Park - 5 St & Park Ave,HB601,40.73721535335381,-74.02886540972803,40.74265933273143,-74.03223305940628,member
D979A23B10766DA5,electric_bike,2026-08-05 17:18:12.131,2026-08-05 17:24:12.741,River St & 1 St,HB609,Bloomfield St & 15 St,HB203,40.73721535335381,-74.02886540972803,40.75453,-74.02658,member
A165480C908B8AE6,electric_bike,2026-08-05 17:18:31.542,2026-08-05 17:25:19.225,Grove St PATH,JC115,Baldwin at Montgomery,JC020,40.71941,-74.04309,40.7236589,-74.0641943,member
285C78E6D0358E51,electric_bike,2026-08-05 17:18:45.276,2026-08-05 17:25:01.400,Bergen Ave & Sip Ave,JC109,Pershing Field,JC024,40.73100888698729,-74.06443700194359,40.742677141,-74.051788633,member
5CF05B0D0360F1EE,electric_bike,2026-08-05 17:20:22.944,2026-08-05 17:29:25.425,Grove St PATH,JC115,Arlington Ave & Bramhall Ave,JC120,40.71941,-74.04309,40.713225,-74.070645,member
12E7A6C18B73E364,classic_bike,2026-08-05 17:20:34.272,2026-08-05 17:23:59.000,Hamilton Park,JC009,Jersey & 3rd,JC074,40.727595966,-74.044247311,40.72333158646436,-74.04595255851744,member
F834B9D052009BC2,electric_bike,2026-08-05 17:21:18.125,2026-08-05 17:24:06.445,Hudson Pl & Hoboken Terminal,HB107,Stevens - River Ter & 6 St,HB602,40.73579286776364,-74.02837457573912,40.74313282710551,-74.02698867022991,member
3E15BBF8EC895319,electric_bike,2026-08-05 17:21:28.992,2026-08-05 17:31:30.246,Hamilton Park,JC009,Pacific Ave & Communipaw Ave,JC118,40.727595966,-74.044247311,40.711354,-74.062446,casual
87BE7E4CBEA8B262,classic_bike,2026-08-05 17:21:32.126,2026-08-05 17:26:47.111,Grove St PATH,JC115,Hamilton Park,JC009,40.71941,-74.04309,40.727595966,-74.044247311,member
9A1210920AD0AEF3,electric_bike,2026-08-05 17:21:55.387,2026-08-05 17:29:01.798,Hudson Pl & Hoboken Terminal,HB107,9 St HBLR - Jackson St & 8 St,HB305,40.73579286776364,-74.02837457573912,40.74790720968899,-74.03841152787209,member
0DD55ED5E6C11614,classic_bike,2026-08-05 17:22:11.403,2026-08-05 17:29:09.670,River St & 1 St,HB609,Bloomfield St & 15 St,HB203,40.73721535335381,-74.02886540972803,40.75453,-74.02658,member
1F11786079453E9F,electric_bike,2026-08-05 17:22:14.954,2026-08-05 17:25:16.847,River St & 1 St,HB609,Adams St & 2 St,HB407,40.73721535335381,-74.02886540972803,40.73981372311843,-74.03690412640572,member
FBCC81CD2C48AEEC,electric_bike,2026-08-05 17:22:15.041,2026-08-05 17:25:46.627,South Waterfront Walkway - Sinatra Dr & 1 St,HB103,8 St & Washington St,HB603,40.73698221818716,-74.02778059244156,40.745983882915624,-74.02819901704788,member
F80DDB649CBB7823,electric_bike,2026-08-05 17:22:19.412,2026-08-05 17:26:35.050,River St & 1 St,HB609,Clinton St & 7 St,HB303,40.73721535335381,-74.02886540972803,40.74542,-74.03332,member
171F61377CDFFDC7,electric_bike,2026-08-05 17:22:44.105,2026-08-05 17:26:20.875,Grove St PATH,JC115,Jersey & 3rd,JC074,40.71941,-74.04309,40.72333158646436,-74.04595255851744,member
8FCBB6C401646219,electric_bike,2026-08-05 17:23:02.029,2026-08-05 17:26:21.118,River St & 1 St,HB609,8 St & Washington St,HB603,40.73721535335381,-74.02886540972803,40.745983882915624,-74.02819901704788,member
327AD3D5D9462747,electric_bike,2026-08-05 17:23:14.000,2026-08-05 17:30:04.991,Hudson Pl & Hoboken Terminal,HB107,Mama Johnson Field - 4 St & Jackson St,HB404,40.73579286776364,-74.02837457573912,40.74313993965626,-74.04004096984863,casual
98103D9334E2F13B,classic_bike,2026-08-05 17:23:35.776,2026-08-05 17:29:40.416,South Waterfront Walkway - Sinatra Dr & 1 St,HB103,Clinton St & 7 St,HB303,40.73698221818716,-74.02778059244156,40.74542,-74.03332,member
F2206C332C8F84BC,electric_bike,2026-08-05 17:23:36.928,2026-08-05 17:27:48.233,South Waterfront Walkway - Sinatra Dr & 1 St,HB103,Church Sq Park - 5 St & Park Ave,HB601,40.73698221818716,-74.02778059244156,40.74265933273143,-74.03223305940628,member
A3C88B20BF5B8B8B,electric_bike,2026-08-05 17:23:47.096,2026-08-05 17:29:42.251,Bergen Ave & Sip Ave,JC109,Brunswick St,JC023,40.73100888698729,-74.06443700194359,40.7241765,-74.0506564,casual
87F9DD339709640E,classic_bike,2026-08-05 17:25:02.637,2026-08-05 17:26:41.686,Hudson Pl & Hoboken Terminal,HB107,South Waterfront Walkway - Sinatra Dr & 1 St,HB103,40.73579286776364,-74.02837457573912,40.73698221818716,-74.02778059244156,member
5972D8AF3F036E8C,classic_bike,2026-08-05 17:26:23.174,2026-08-05 17:29:37.549,Grove St PATH,JC115,Marin Light Rail,JC013,40.71941,-74.04309,40.71458403535893,-74.04281705617905,member
D2029006F87177D9,electric_bike,2026-08-05 17:26:51.337,2026-08-05 17:32:29.203,Bergen Ave & Sip Ave,JC109,Bergen Ave,JC095,40.73100888698729,-74.06443700194359,40.722103786686034,-74.07145500183105,member
A889EF2C1A688FDD,classic_bike,2026-08-05 17:27:07.629,2026-08-05 17:30:14.600,River St & 1 St,HB609,Stevens - River Ter & 6 St,HB602,40.73721535335381,-74.02886540972803,40.74313282710551,-74.02698867022991,member
72AA465633C9A843,electric_bike,2026-08-05 17:27:30.709,2026-08-05 17:33:38.744,South Waterfront Walkway - Sinatra Dr & 1 St,HB103,11 St & Washington St,HB502,40.73698221818716,-74.02778059244156,40.74998490907138,-74.02715027332306,member
B312000B0516D8A9,classic_bike,2026-08-05 17:27:38.621,2026-08-05 17:32:24.825,Hamilton Park,JC009,Manila & 1st,JC082,40.727595966,-74.044247311,40.721650724879986,-74.04288411140442,member
4CF4CBAD049DC159,classic_bike,2026-08-05 17:28:59.943,2026-08-05 17:37:17.820,Grove St PATH,JC115,Liberty Light Rail,JC052,40.71941,-74.04309,40.7112423,-74.0557013,member
C3DA253FDB3FF3E7,electric_bike,2026-08-05 17:29:00.862,2026-08-05 17:31:37.041,Bergen Ave & Sip Ave,JC109,McGinley Square,JC055,40.73100888698729,-74.06443700194359,40.7253399253558,-74.06762212514877,member
263F9E64859B0C36,classic_bike,2026-08-05 17:29:31.253,2026-08-05 17:34:57.104,Hudson Pl & Hoboken Terminal,HB107,Clinton St & 7 St,HB303,40.73579286776364,-74.02837457573912,40.74542,-74.03332,member
9E1FE654D736004C,electric_bike,2026-08-05 17:29:41.642,2026-08-05 17:33:56.030,River St & 1 St,HB609,12 St & Sinatra Dr N,HB201,40.73721535335381,-74.02886540972803,40.750604142368964,-74.02402013540268,member
72AF643F0DDA2A0C,classic_bike,2026-08-05 17:29:56.329,2026-08-05 17:38:12.633,River St & 1 St,HB609,9 St HBLR - Jackson St & 8 St,HB305,40.73721535335381,-74.02886540972803,40.74790720968899,-74.03841152787209,member
8F5796318E01DE53,electric_bike,2026-08-05 17:30:05.638,2026-08-05 17:50:09.213,South Waterfront Walkway - Sinatra Dr & 1 St,HB103,Lafayette Park,JC078,40.73698221818716,-74.02778059244156,40.71346382669195,-74.06285852193832,casual
12F4D2484B383BB9,electric_bike,2026-08-05 17:30:17.711,2026-08-05 17:40:18.402,Grove St PATH,JC115,Lafayette Park,JC078,40.71941,-74.04309,40.71346382669195,-74.06285852193832,member
240D78CE712C5F65,electric_bike,2026-08-05 17:31:00.607,2026-08-05 17:34:53.052,River St & 1 St,HB609,Church Sq Park - 5 St & Park Ave,HB601,40.73721535335381,-74.02886540972803,40.74265933273143,-74.03223305940628,member
424DCEBDFD54619B,electric_bike,2026-08-05 17:31:45.595,2026-08-05 17:37:25.098,River St & 1 St,HB609,Columbus Park - Clinton St & 9 St,HB501,40.73721535335381,-74.02886540972803,40.74816121065146,-74.0324530005455,member
8925FBE937E18D63,electric_bike,2026-08-05 17:33:21.861,2026-08-05 17:37:40.100,Bergen Ave & Sip Ave,JC109,Astor Place,JC077,40.73100888698729,-74.06443700194359,40.71928220070702,-74.07126188278198,member
6EDA25FA3931F2BC,electric_bike,2026-08-05 17:33:32.054,2026-08-05 17:38:05.864,South Waterfront Walkway - Sinatra Dr & 1 St,HB103,8 St & Washington St,HB603,40.73698221818716,-74.02778059244156,40.745983882915624,-74.02819901704788,member
19948CF9BA917592,electric_bike,2026-08-05 17:33:40.634,2026-08-05 17:39:31.413,River St & 1 St,HB609,Clinton St & 7 St,HB303,40.73721535335381,-74.02886540972803,40.74542,-74.03332,member
3D4F123589882F72,electric_bike,2026-08-05 17:33:54.646,2026-08-05 17:37:40.458,Grove St PATH,JC115,Dixon Mills,JC076,40.71941,-74.04309,40.721630142638354,-74.04996782541275,member
766871204FA18363,electric_bike,2026-08-05 17:34:12.070,2026-08-05 17:39:59.327,River St & 1 St,HB609,7 St & Monroe St,HB304,40.73721535335381,-74.02886540972803,40.74641264837719,-74.03797701001167,member
87762278B0380C5E,classic_bike,2026-08-05 17:35:12.345,2026-08-05 17:38:45.319,Grove St PATH,JC115,Jersey & 6th St,JC027,40.71941,-74.04309,40.72528910781132,-74.04557168483734,member
0D843806F9226368,electric_bike,2026-08-05 17:36:08.168,2026-08-05 17:38:41.823,Bergen Ave & Sip Ave,JC109,McGinley Square,JC055,40.73100888698729,-74.06443700194359,40.7253399253558,-74.06762212514877,member
ECA2207E5980272D,electric_bike,2026-08-05 17:37:15.051,2026-08-05 17:45:19.395,Hudson Pl & Hoboken Terminal,HB107,Bloomfield St & 15 St,HB203,40.73579286776364,-74.02837457573912,40.75453,-74.02658,member
CF5F2FA21DB2F6CF,electric_bike,2026-08-05 17:38:05.461,2026-08-05 17:40:58.837,Grove St PATH,JC115,Marin Light Rail,JC013,40.71941,-74.04309,40.71458403535893,-74.04281705617905,casual
30CC20E4F8B20D65,electric_bike,2026-08-05 17:38:09.187,2026-08-05 17:42:50.017,Hudson Pl & Hoboken Terminal,HB107,14 St Ferry - 14 St & Shipyard Ln,HB202,40.73579286776364,-74.02837457573912,40.752960630464955,-74.02435272932053,member
34CD1BB80C56BC0C,classic_bike,2026-08-05 17:38:58.588,2026-08-05 17:43:16.428,Grove St PATH,JC115,Montgomery St,JC099,40.71941,-74.04309,40.71942,-74.05099,member
F1C770A962972744,electric_bike,2026-08-05 17:38:59.824,2026-08-05 17:44:27.811,Grove St PATH,JC115,Baldwin at Montgomery,JC020,40.71941,-74.04309,40.7236589,-74.0641943,member
499C2A1DD5FA703B,classic_bike,2026-08-05 17:39:27.120,2026-08-05 17:44:30.675,River St & 1 St,HB609,4 St & Grand St,HB301,40.73721535335381,-74.02886540972803,40.7422579775645,-74.03511106967926,casual
E08356D076B5ED77,electric_bike,2026-08-05 17:39:43.804,2026-08-05 17:44:03.775,Bergen Ave & Sip Ave,JC109,Bergen Ave,JC095,40.73100888698729,-74.06443700194359,40.722103786686034,-74.07145500183105,member
1D24E84930894A37,electric_bike,2026-08-05 17:39:56.427,2026-08-05 17:43:42.279,Grove St PATH,JC115,Morris Canal,JC072,40.71941,-74.04309,40.7124188237569,-74.03852552175522,member
1E80FA2229CE7909,electric_bike,2026-08-05 17:40:35.359,2026-08-05 17:48:38.678,Grove St PATH,JC115,Pacific Ave & Communipaw Ave,JC118,40.71941,-74.04309,40.711354,-74.062446,member
8AF80F80C87C9062,classic_bike,2026-08-05 17:40:37.956,2026-08-05 17:46:09.359,River St & 1 St,HB609,8 St & Washington St,HB603,40.73721535335381,-74.02886540972803,40.745983882915624,-74.02819901704788,member
6FD1F401C6688388,classic_bike,2026-08-05 17:40:58.843,2026-08-05 17:46:43.795,Grove St PATH,JC115,Hamilton Park,JC009,40.71941,-74.04309,40.727595966,-74.044247311,member
37C06224C6204093,classic_bike,2026-08-05 17:41:52.636,2026-08-05 17:47:27.044,Grove St PATH,JC115,JC Medical Center,JC110,40.71941,-74.04309,40.71539114317,-74.04969155788422,member
9F4A099CEF624CD6,classic_bike,2026-08-05 17:42:02.557,2026-08-05 17:53:25.274,Grove St PATH,JC115,Pacific Ave & Communipaw Ave,JC118,40.71941,-74.04309,40.711354,-74.062446,member
D30E0EDA4AAE2FD1,classic_bike,2026-08-05 17:42:34.209,2026-08-05 17:47:48.704,River St & 1 St,HB609,8 St & Washington St,HB603,40.73721535335381,-74.02886540972803,40.745983882915624,-74.02819901704788,member
FFDEE3D3CF825A7B,electric_bike,2026-08-05 17:43:28.354,2026-08-05 17:48:19.505,South Waterfront Walkway - Sinatra Dr & 1 St,HB103,14 St Ferry - 14 St & Shipyard Ln,HB202,40.73698221818716,-74.02778059244156,40.752960630464955,-74.02435272932053,member
CCE8AD272CD8945A,electric_bike,2026-08-05 17:43:31.697,2026-08-05 17:50:16.497,River St & 1 St,HB609,11 St & Washington St,HB502,40.73721535335381,-74.02886540972803,40.74998490907138,-74.02715027332306,casual
C862A28DDD7F8D60,electric_bike,2026-08-05 17:43:42.746,2026-08-05 17:47:19.671,Grove St PATH,JC115,JC Medical Center,JC110,40.71941,-74.04309,40.71539114317,-74.04969155788422,member
606D22DD847ABAE0,electric_bike,2026-08-05 17:43:47.577,2026-08-05 17:50:10.092,South Waterfront Walkway - Sinatra Dr & 1 St,HB103,Willow Ave & 12 St,HB505,40.73698221818716,-74.02778059244156,40.7518674823282,-74.03037697076797,member
066903A547FCB21B,electric_bike,2026-08-05 17:44:16.137,2026-08-05 17:47:02.161,Grove St PATH,JC115,Dixon Mills,JC076,40.71941,-74.04309,40.721630142638354,-74.04996782541275,member
60591C9F960FA95D,electric_bike,2026-08-05 17:45:05.199,2026-08-05 17:48:49.166,River St & 1 St,HB609,8 St & Washington St,HB603,40.73721535335381,-74.02886540972803,40.745983882915624,-74.02819901704788,member
67A64D039AB7EE91,electric_bike,2026-08-05 17:46:49.053,2026-08-05 17:50:10.286,Bergen Ave & Sip Ave,JC109,McGinley Square,JC055,40.73100888698729,-74.06443700194359,40.7253399253558,-74.06762212514877,member
E42FEB45A38D6105,electric_bike,2026-08-05 17:47:13.030,2026-08-05 17:54:32.219,River St & 1 St,HB609,7 St & Monroe St,HB304,40.73721535335381,-74.02886540972803,40.74641264837719,-74.03797701001167,member
DC4321D5289FEFAE,electric_bike,2026-08-05 17:47:17.223,2026-08-05 17:50:19.111,Grove St PATH,JC115,Montgomery St,JC099,40.71941,-74.04309,40.71942,-74.05099,member
22AA548070E89A94,electric_bike,2026-08-05 17:47:17.353,2026-08-05 17:54:23.497,River St & 1 St,HB609,6 St & Grand St,HB302,40.73721535335381,-74.02886540972803,40.744397833095604,-74.03450086712837,member
2ACD5923B0C40419,classic_bike,2026-08-05 17:47:19.283,2026-08-05 17:53:43.107,Hudson Pl & Hoboken Terminal,HB107,4 St & Grand St,HB301,40.73579286776364,-74.02837457573912,40.7422579775645,-74.03511106967926,member
51977D3F5D17A384,classic_bike,2026-08-05 17:47:55.828,2026-08-05 18:01:41.556,Hudson Pl & Hoboken Terminal,HB107,Adams St & 12 St,HB610,40.73579286776364,-74.02837457573912,40.751889392240685,-74.03329162748534,member
DA1686945BC6209B,electric_bike,2026-08-05 17:48:34.893,2026-08-05 17:52:05.300,Hamilton Park,JC009,Grove St PATH,JC115,40.727595966,-74.044247311,40.71941,-74.04309,member
67D30E5F7A1789B3,electric_bike,2026-08-05 17:49:00.823,2026-08-05 17:52:06.043,Grove St PATH,JC115,Dixon Mills,JC076,40.71941,-74.04309,40.721630142638354,-74.04996782541275,member
03BCC0A985B1AA74,electric_bike,2026-08-05 17:49:02.078,2026-08-05 17:51:33.502,Grove St PATH,JC115,Warren St,JC006,40.71941,-74.04309,40.7211236,-74.03805095,member
1CD5010703706091,electric_bike,2026-08-05 17:49:10.780,2026-08-05 17:57:01.709,River St & 1 St,HB609,Christ Hospital,JC034,40.73721535335381,-74.02886540972803,40.734785818,-74.050443636,casual
9B5D6E7628ACD5EE,electric_bike,2026-08-05 17:49:12.387,2026-08-05 17:52:41.588,River St & 1 St,HB609,Church Sq Park - 5 St & Park Ave,HB601,40.73721535335381,-74.02886540972803,40.74265933273143,-74.03223305940628,member
33F2C7A477AFEC91,electric_bike,2026-08-05 17:49:38.331,2026-08-05 17:57:51.040,Bergen Ave & Sip Ave,JC109,MLK Dr & Bramhall Ave,JC121,40.73100888698729,-74.06443700194359,40.71647,-74.07413,member
BBEEE760615E15D0,classic_bike,2026-08-05 17:49:47.022,2026-08-05 17:51:59.776,Hamilton Park,JC009,Jersey & 3rd,JC074,40.727595966,-74.044247311,40.72333158646436,-74.04595255851744,member
2D65FC803B98A88A,electric_bike,2026-08-05 17:50:22.320,2026-08-05 17:56:10.571,River St & 1 St,HB609,14 St Ferry - 14 St & Shipyard Ln,HB202,40.73721535335381,-74.02886540972803,40.752960630464955,-74.02435272932053,member
EBAA2E9DFCB29CB4,electric_bike,2026-08-05 17:50:36.287,2026-08-05 17:59:55.934,Bergen Ave & Sip Ave,JC109,Lincoln Park,JC053,40.73100888698729,-74.06443700194359,40.7246050998869,-74.07840594649315,member
763FED9B7D7B2D9B,electric_bike,2026-08-05 17:51:23.361,2026-08-05 17:56:37.738,River St & 1 St,HB609,Columbus Park - Clinton St & 9 St,HB501,40.73721535335381,-74.02886540972803,40.74816121065146,-74.0324530005455,member
F82587F1FB480062,classic_bike,2026-08-05 17:52:26.828,2026-08-05 17:54:56.741,Grove St PATH,JC115,Washington St & Morgan St,JC149,40.71941,-74.04309,40.719445793042716,-74.03689158686865,member
CA1490CED8E1E312,electric_bike,2026-08-05 17:53:01.240,2026-08-05 18:00:44.488,Bergen Ave & Sip Ave,JC109,MLK Dr & Bramhall Ave,JC121,40.73100888698729,-74.06443700194359,40.71647,-74.07413,casual
37705558ED4B7798,electric_bike,2026-08-05 17:54:13.421,2026-08-05 18:01:16.262,River St & 1 St,HB609,2 St & Park Ave,HB608,40.73721535335381,-74.02886540972803,40.73915272763701,-74.0330819785595,member
5CECD2D328BF7383,classic_bike,2026-08-05 17:54:44.972,2026-08-05 17:59:58.752,Hudson Pl & Hoboken Terminal,HB107,Church Sq Park - 5 St & Park Ave,HB601,40.73579286776364,-74.02837457573912,40.74265933273143,-74.03223305940628,member
D68777F823B33A8E,electric_bike,2026-08-05 17:54:47.756,2026-08-05 17:58:37.453,River St & 1 St,HB609,Marshall St & 2 St,HB408,40.73721535335381,-74.02886540972803,40.740802,-74.042521,member
6E1E92572DA3BA93,electric_bike,2026-08-05 17:55:02.769,2026-08-05 17:59:28.398,River St & 1 St,HB609,Columbus Park - Clinton St & 9 St,HB501,40.73721535335381,-74.02886540972803,40.74816121065146,-74.0324530005455,member
CD1AF0511876D21D,classic_bike,2026-08-05 17:55:59.660,2026-08-05 18:01:54.460,River St & 1 St,HB609,7 St & Monroe St,HB304,40.73721535335381,-74.02886540972803,40.74641264837719,-74.03797701001167,member
EE7B5BFC7D7FDCAF,electric_bike,2026-08-05 17:57:10.560,2026-08-05 18:01:20.865,Bergen Ave & Sip Ave,JC109,Fairmount Ave,JC093,40.73100888698729,-74.06443700194359,40.72572613742557,-74.07195925712585,casual
B24AB827F1B9815E,electric_bike,2026-08-05 17:59:30.131,2026-08-05 18:01:51.296,Grove St PATH,JC115,Jersey & 3rd,JC074,40.71941,-74.04309,40.72333158646436,-74.04595255851744,member
B65A20D741D8FB11,classic_bike,2026-08-05 18:00:04.504,2026-08-05 18:07:03.854,Hudson Pl & Hoboken Terminal,HB107,Columbus Park - Clinton St & 9 St,HB501,40.73579286776364,-74.02837457573912,40.74816121065146,-74.0324530005455,member
07CD8D2D75C1789F,electric_bike,2026-08-05 18:01:44.510,2026-08-05 18:09:55.282,Grove St PATH,JC115,Communipaw & Berry Lane,JC084,40.71941,-74.04309,40.71435836870427,-74.06661093235016,member
C965D211D442E868,electric_bike,2026-08-05 18:02:57.221,2026-08-05 18:06:59.031,Grove St PATH,JC115,Hamilton Park,JC009,40.71941,-74.04309,40.727595966,-74.044247311,member
D1008936D1450123,classic_bike,2026-08-05 18:03:54.647,2026-08-05 18:09:16.104,Hudson Pl & Hoboken Terminal,HB107,8 St & Washington St,HB603,40.73579286776364,-74.02837457573912,40.745983882915624,-74.02819901704788,member
4A75D0C1465C138A,classic_bike,2026-08-05 18:05:02.736,2026-08-05 18:10:36.823,Hudson Pl & Hoboken Terminal,HB107,Adams St & 2 St,HB407,40.73579286776364,-74.02837457573912,40.73981372311843,-74.03690412640572,member
3CB4C206345FFA52,classic_bike,2026-08-05 18:05:26.743,2026-08-05 18:11:43.805,River St & 1 St,HB609,Clinton St & 7 St,HB303,40.73721535335381,-74.02886540972803,40.74542,-74.03332,member
5DCDAE7F83B144AB,electric_bike,2026-08-05 18:05:39.083,2026-08-05 18:10:14.909,River St & 1 St,HB609,Clinton St & 7 St,HB303,40.73721535335381,-74.02886540972803,40.74542,-74.03332,member
A770BED18B332BD7,electric_bike,2026-08-05 18:06:01.695,2026-08-05 18:11:47.507,Bergen Ave & Sip Ave,JC109,Astor Place,JC077,40.73100888698729,-74.06443700194359,40.71928220070702,-74.07126188278198,member
37E5DAA8372C9235,electric_bike,2026-08-05 18:06:23.667,2026-08-05 18:11:46.318,Grove St PATH,JC115,Liberty Light Rail,JC052,40.71941,-74.04309,40.7112423,-74.0557013,member
E84AE99230D8284E,electric_bike,2026-08-05 18:06:57.053,2026-08-05 18:12:08.542,Grove St PATH,JC115,Dr. Lena Edwards Park,JC117,40.71941,-74.04309,40.713203,-74.058261,casual
294E21B01A3DE441,classic_bike,2026-08-05 18:07:04.495,2026-08-05 18:13:23.541,Grove St PATH,JC115,Morris Canal,JC072,40.71941,-74.04309,40.7124188237569,-74.03852552175522,member
F5F664015176B8B5,electric_bike,2026-08-05 18:07:23.132,2026-08-05 18:11:42.521,Grove St PATH,JC115,Monmouth & 6th,JC075,40.71941,-74.04309,40.72568548362901,-74.04879033565521,member
AC854E0B10E4C0A4,classic_bike,2026-08-05 18:07:30.122,2026-08-05 18:12:20.473,Hamilton Park,JC009,Washington St,JC098,40.727595966,-74.044247311,40.7242941,-74.0354826,casual
6B757434FC4408D8,electric_bike,2026-08-05 18:07:53.952,2026-08-05 18:11:47.030,Bergen Ave & Sip Ave,JC109,Fairmount Ave,JC093,40.73100888698729,-74.06443700194359,40.72572613742557,-74.07195925712585,member
9BD55F28D7A99A2C,electric_bike,2026-08-05 18:08:19.340,2026-08-05 18:14:19.063,Grove St PATH,JC115,Dr. Lena Edwards Park,JC117,40.71941,-74.04309,40.713203,-74.058261,member
92D7D1A454DD1D46,electric_bike,2026-08-05 18:09:12.419,2026-08-05 18:13:35.120,Grove St PATH,JC115,Brunswick St,JC023,40.71941,-74.04309,40.7241765,-74.0506564,member
10A3818BAF4C898F,electric_bike,2026-08-05 18:09:40.336,2026-08-05 18:15:07.646,Hudson Pl & Hoboken Terminal,HB107,Adams St & 2 St,HB407,40.73579286776364,-74.02837457573912,40.73981372311843,-74.03690412640572,member
F67F5F972458A575,classic_bike,2026-08-05 18:12:29.697,2026-08-05 18:15:52.340,Grove St PATH,JC115,Warren St,JC006,40.71941,-74.04309,40.7211236,-74.03805095,member
BA267004B3482A9D,electric_bike,2026-08-05 18:13:08.725,2026-08-05 18:15:58.620,Grove St PATH,JC115,Marin Light Rail,JC013,40.71941,-74.04309,40.71458403535893,-74.04281705617905,casual
7306C863C3D587CA,electric_bike,2026-08-05 18:13:33.055,2026-08-05 18:21:25.461,Hamilton Park,JC009,York St & Marin Blvd,JC097,40.727595966,-74.044247311,40.716615000830494,-74.0424120426178,member
65E7ABFA67AF81B8,classic_bike,2026-08-05 18:13:40.704,2026-08-05 18:20:42.427,River St & 1 St,HB609,14 St Ferry - 14 St & Shipyard Ln,HB202,40.73721535335381,-74.02886540972803,40.752960630464955,-74.02435272932053,casual
6996739E7997AFB9,electric_bike,2026-08-05 18:14:11.305,2026-08-05 18:18:59.153,South Waterfront Walkway - Sinatra Dr & 1 St,HB103,14 St Ferry - 14 St & Shipyard Ln,HB202,40.73698221818716,-74.02778059244156,40.752960630464955,-74.02435272932053,member
F75058D84EFD7DA2,electric_bike,2026-08-05 18:14:12.512,2026-08-05 18:18:49.830,South Waterfront Walkway - Sinatra Dr & 1 St,HB103,12 St & Sinatra Dr N,HB201,40.73698221818716,-74.02778059244156,40.750604142368964,-74.02402013540268,member
49BC0BFD27C72605,electric_bike,2026-08-05 18:15:05.116,2026-08-05 18:19:36.110,Grove St PATH,JC115,Dr. Lena Edwards Park,JC117,40.71941,-74.04309,40.713203,-74.058261,member
A6D5BE326A278706,electric_bike,2026-08-05 18:15:10.508,2026-08-05 18:27:01.413,South Waterfront Walkway - Sinatra Dr & 1 St,HB103,Washington St,JC098,40.73698221818716,-74.02778059244156,40.7242941,-74.0354826,member
B08A3151403B83D7,electric_bike,2026-08-05 18:16:02.244,2026-08-05 18:26:56.070,South Waterfront Walkway - Sinatra Dr & 1 St,HB103,Washington St,JC098,40.73698221818716,-74.02778059244156,40.7242941,-74.0354826,member
65176803134B5080,classic_bike,2026-08-05 18:16:22.163,2026-08-05 18:22:54.653,River St & 1 St,HB609,Southwest Park - Jackson St & Observer Hwy,HB401,40.73721535335381,-74.02886540972803,40.73755127245804,-74.04166370630264,member
9224B6CBC837C221,classic_bike,2026-08-05 18:16:22.982,2026-08-05 18:19:21.396,Hudson Pl & Hoboken Terminal,HB107,4 St & River St,HB611,40.73579286776364,-74.02837457573912,40.7408139,-74.0274062,member
C8BA0DBE9D3F4198,classic_bike,2026-08-05 18:17:03.102,2026-08-05 18:22:52.173,Grove St PATH,JC115,Brunswick St,JC023,40.71941,-74.04309,40.7241765,-74.0506564,member
7178D14BE9654C7E,electric_bike,2026-08-05 18:17:17.445,2026-08-05 18:23:49.465,Grove St PATH,JC115,Baldwin at Montgomery,JC020,40.71941,-74.04309,40.7236589,-74.0641943,member
DB5C28D065B83FB9,electric_bike,2026-08-05 18:18:04.861,2026-08-05 18:22:52.502,South Waterfront Walkway - Sinatra Dr & 1 St,HB103,11 St & Washington St,HB502,40.73698221818716,-74.02778059244156,40.74998490907138,-74.02715027332306,member
1A5120FB5577BE23,electric_bike,2026-08-05 18:18:19.045,2026-08-05 18:23:54.865,Grove St PATH,JC115,Monmouth & 6th,JC075,40.71941,-74.04309,40.72568548362901,-74.04879033565521,member
8FE36DB0BDD47686,electric_bike,2026-08-05 18:18:21.598,2026-08-05 18:23:58.923,Hudson Pl & Hoboken Terminal,HB107,Hoboken Ave at Monmouth St,JC105,40.73579286776364,-74.02837457573912,40.73520838045357,-74.04696375131607,member
BD3FAEA0C8238336,electric_bike,2026-08-05 18:19:42.167,2026-08-05 18:26:02.057,Grove St PATH,JC115,Pacific Ave & Communipaw Ave,JC118,40.71941,-74.04309,40.711354,-74.062446,member
37DDA7F836F23CAE,electric_bike,2026-08-05 18:20:33.796,2026-08-05 18:26:21.223,South Waterfront Walkway - Sinatra Dr & 1 St,HB103,14 St Ferry - 14 St & Shipyard Ln,HB202,40.73698221818716,-74.02778059244156,40.752960630464955,-74.02435272932053,casual
6F6B8A1D807BC4A8,classic_bike,2026-08-05 18:21:55.333,2026-08-05 18:29:23.468,Grove St PATH,JC115,Brunswick St,JC023,40.71941,-74.04309,40.7241765,-74.0506564,member
55E5CE6A2DC5C258,electric_bike,2026-08-05 18:22:06.993,2026-08-05 18:30:12.873,Bergen Ave & Sip Ave,JC109,Lincoln Park,JC053,40.73100888698729,-74.06443700194359,40.7246050998869,-74.07840594649315,casual
E4E4F5D3630B2C1B,electric_bike,2026-08-05 18:22:44.218,2026-08-05 18:28:28.062,Hudson Pl & Hoboken Terminal,HB107,8 St & Washington St,HB603,40.73579286776364,-74.02837457573912,40.745983882915624,-74.02819901704788,casual
341EF7C447165833,electric_bike,2026-08-05 18:22:53.395,2026-08-05 18:27:54.627,Grove St PATH,JC115,Morris Canal,JC072,40.71941,-74.04309,40.7124188237569,-74.03852552175522,casual
44EBF659690B5635,classic_bike,2026-08-05 18:23:02.093,2026-08-05 18:26:44.255,Grove St PATH,JC115,Jersey & 3rd,JC074,40.71941,-74.04309,40.72333158646436,-74.04595255851744,member
8BFCB71C112DCC3C,classic_bike,2026-08-05 18:23:34.594,2026-08-05 18:29:54.699,Grove St PATH,JC115,Monmouth & 6th,JC075,40.71941,-74.04309,40.72568548362901,-74.04879033565521,member
3B3946AC6D635E08,electric_bike,2026-08-05 18:23:42.156,2026-08-05 18:34:36.337,Bergen Ave & Sip Ave,JC109,Wade St & MLK Dr,JC134,40.73100888698729,-74.06443700194359,40.7017,-74.08952,casual
BF02B9E860E85EDD,electric_bike,2026-08-05 18:24:09.302,2026-08-05 18:26:23.037,Bergen Ave & Sip Ave,JC109,McGinley Square,JC055,40.73100888698729,-74.06443700194359,40.7253399253558,-74.06762212514877,member
43E4D5B1EEAEFFB9,electric_bike,2026-08-05 18:25:12.824,2026-08-05 18:29:51.360,South Waterfront Walkway - Sinatra Dr & 1 St,HB103,8 St & Washington St,HB603,40.73698221818716,-74.02778059244156,40.745983882915624,-74.02819901704788,member
1EC593628E0911D5,electric_bike,2026-08-05 18:25:17.245,2026-08-05 18:31:06.390,South Waterfront Walkway - Sinatra Dr & 1 St,HB103,Church Sq Park - 5 St & Park Ave,HB601,40.73698221818716,-74.02778059244156,40.74265933273143,-74.03223305940628,member
F04E38A40EEB71A7,electric_bike,2026-08-05 18:25:57.457,2026-08-05 18:32:03.886,River St & 1 St,HB609,Hoboken Ave at Monmouth St,JC105,40.73721535335381,-74.02886540972803,40.73520838045357,-74.04696375131607,member
1E823BA13A144D6F,electric_bike,2026-08-05 18:26:39.073,2026-08-05 18:30:22.863,Bergen Ave & Sip Ave,JC109,Bergen Ave,JC095,40.73100888698729,-74.06443700194359,40.722103786686034,-74.07145500183105,member
E74BC4AFF95818A5,electric_bike,2026-08-05 18:27:54.808,2026-08-05 18:30:55.456,River St & 1 St,HB609,8 St & Washington St,HB603,40.73721535335381,-74.02886540972803,40.745983882915624,-74.02819901704788,member
A0F7C0F8481B79C6,electric_bike,2026-08-05 18:28:06.617,2026-08-05 18:31:34.147,Bergen Ave & Sip Ave,JC109,Fairmount Ave,JC093,40.73100888698729,-74.06443700194359,40.72572613742557,-74.07195925712585,casual
AF4B09C76B9F4EE7,classic_bike,2026-08-05 18:28:18.895,2026-08-05 18:32:24.296,Hudson Pl & Hoboken Terminal,HB107,2 St & Park Ave,HB608,40.73579286776364,-74.02837457573912,40.73915272763701,-74.0330819785595,member
1EDF141BE25E0D89,classic_bike,2026-08-05 18:28:22.760,2026-08-05 18:32:07.140,Grove St PATH,JC115,Marin Light Rail,JC013,40.71941,-74.04309,40.71458403535893,-74.04281705617905,member
CF09548766CCCCB0,electric_bike,2026-08-05 18:29:02.047,2026-08-05 18:36:39.219,Grove St PATH,JC115,Communipaw & Berry Lane,JC084,40.71941,-74.04309,40.71435836870427,-74.06661093235016,member
FF38B710317690D8,electric_bike,2026-08-05 18:29:10.124,2026-08-05 18:35:14.485,South Waterfront Walkway - Sinatra Dr & 1 St,HB103,14 St Ferry - 14 St & Shipyard Ln,HB202,40.73698221818716,-74.02778059244156,40.752960630464955,-74.02435272932053,member
51170535D7AA57C8,classic_bike,2026-08-05 18:32:03.485,2026-08-05 18:38:40.131,Hamilton Park,JC009,City Hall,JC003,40.727595966,-74.044247311,40.7177325,-74.043845,member
DE423AB932D87AD9,classic_bike,2026-08-05 18:32:43.630,2026-08-05 18:33:58.842,Hudson Pl & Hoboken Terminal,HB107,River St & 1 St,HB609,40.73579286776364,-74.02837457573912,40.73721535335381,-74.02886540972803,member
CEE8D30911B2CE67,classic_bike,2026-08-05 18:34:29.711,2026-08-05 18:42:55.430,River St & 1 St,HB609,Madison St & 10 St,HB503,40.73721535335381,-74.02886540972803,40.74994325412246,-74.03586477041245,member
2BCE54B36564BF80,classic_bike,2026-08-05 18:34:45.182,2026-08-05 18:43:24.408,River St & 1 St,HB609,Clinton St & 7 St,HB303,40.73721535335381,-74.02886540972803,40.74542,-74.03332,member
9E1B4F29EB2841BF,electric_bike,2026-08-05 18:36:07.425,2026-08-05 18:41:28.450,River St & 1 St,HB609,Columbus Park - Clinton St & 9 St,HB501,40.73721535335381,-74.02886540972803,40.74816121065146,-74.0324530005455,member
017AAE954E6A16FD,electric_bike,2026-08-05 18:36:12.749,2026-08-05 18:40:37.721,River St & 1 St,HB609,12 St & Sinatra Dr N,HB201,40.73721535335381,-74.02886540972803,40.750604142368964,-74.02402013540268,member
B60C5A4A2A167D2C,classic_bike,2026-08-05 18:36:20.673,2026-08-05 18:42:47.130,South Waterfront Walkway - Sinatra Dr & 1 St,HB103,12 St & Sinatra Dr N,HB201,40.73698221818716,-74.02778059244156,40.750604142368964,-74.02402013540268,member
7C98FAD518777865,electric_bike,2026-08-05 18:40:22.737,2026-08-05 18:43:38.549,Grove St PATH,JC115,Hamilton Park,JC009,40.71941,-74.04309,40.727595966,-74.044247311,member
88A6717524B56610,classic_bike,2026-08-05 18:41:24.559,2026-08-05 19:27:44.872,Grove St PATH,JC115,McGinley Square,JC055,40.71941,-74.04309,40.7253399253558,-74.06762212514877,member
7987A03CA963CFB8,classic_bike,2026-08-05 18:44:05.822,2026-08-05 18:48:48.955,River St & 1 St,HB609,4 St & Grand St,HB301,40.73721535335381,-74.02886540972803,40.7422579775645,-74.03511106967926,casual
45A5EB6AF5AECC70,classic_bike,2026-08-05 18:44:16.769,2026-08-05 18:53:22.876,Grove St PATH,JC115,Liberty Light Rail,JC052,40.71941,-74.04309,40.7112423,-74.0557013,member
9D3CED7FD8D0D0A9,electric_bike,2026-08-05 18:45:04.653,2026-08-05 18:59:44.819,Bergen Ave & Sip Ave,JC109,Bergen Ave & Sip Ave,JC109,40.73100888698729,-74.06443700194359,40.73100888698729,-74.06443700194359,member
9F743FD71A412AC9,classic_bike,2026-08-05 18:47:08.577,2026-08-05 18:59:12.094,River St & 1 St,HB609,11 St & Washington St,HB502,40.73721535335381,-74.02886540972803,40.74998490907138,-74.02715027332306,member
E181F967E164F347,classic_bike,2026-08-05 18:49:37.577,2026-08-05 18:57:52.485,Hudson Pl & Hoboken Terminal,HB107,Mama Johnson Field - 4 St & Jackson St,HB404,40.73579286776364,-74.02837457573912,40.74313993965626,-74.04004096984863,member
0C8E4EED8BD07392,classic_bike,2026-08-05 18:49:42.955,2026-08-05 18:56:48.802,Hudson Pl & Hoboken Terminal,HB107,12 St & Sinatra Dr N,HB201,40.73579286776364,-74.02837457573912,40.750604142368964,-74.02402013540268,member
48C296A0326BFC7D,classic_bike,2026-08-05 18:50:29.856,2026-08-05 18:53:00.376,River St & 1 St,HB609,2 St & Park Ave,HB608,40.73721535335381,-74.02886540972803,40.73915272763701,-74.0330819785595,member
BEE5548FCFEC4012,classic_bike,2026-08-05 18:51:46.537,2026-08-05 18:58:51.112,Bergen Ave & Sip Ave,JC109,Glenwood Ave,JC094,40.73100888698729,-74.06443700194359,40.72755146730012,-74.07106071710587,member
ED67D7156B16F0C2,classic_bike,2026-08-05 18:51:47.188,2026-08-05 18:58:23.556,River St & 1 St,HB609,11 St & Washington St,HB502,40.73721535335381,-74.02886540972803,40.74998490907138,-74.02715027332306,casual
3519AF9C2691FCF7,electric_bike,2026-08-05 18:59:41.147,2026-08-05 19:04:52.050,Bergen Ave & Sip Ave,JC109,Bergen Ave,JC095,40.73100888698729,-74.06443700194359,40.722103786686034,-74.07145500183105,member
ACEEF25F2379EBDE,classic_bike,2026-08-05 18:59:57.809,2026-08-05 19:31:08.917,Grove St PATH,JC115,Dr. Lena Edwards Park,JC117,40.71941,-74.04309,40.713203,-74.058261,member
E7EB6356EF482D4F,classic_bike,2026-08-05 19:00:56.315,2026-08-05 19:07:19.009,River St & 1 St,HB609,12 St & Sinatra Dr N,HB201,40.73721535335381,-74.02886540972803,40.750604142368964,-74.02402013540268,casual
F58FDC159B7C3442,classic_bike,2026-08-05 19:03:32.686,2026-08-05 19:14:01.800,Grove St PATH,JC115,Liberty Light Rail,JC052,40.71941,-74.04309,40.7112423,-74.0557013,member
5B9BB9A606695996,classic_bike,2026-08-05 19:05:48.759,2026-08-05 19:15:15.381,Grove St PATH,JC115,Liberty Light Rail,JC052,40.71941,-74.04309,40.7112423,-74.0557013,member
1CE65E4D02CCE5C0,electric_bike,2026-08-05 19:08:27.520,2026-08-05 19:11:50.174,River St & 1 St,HB609,Madison St & 1 St,HB402,40.73721535335381,-74.02886540972803,40.73879,-74.0393,member
279EC1D4DF38FC4A,classic_bike,2026-08-05 19:09:08.160,2026-08-05 19:22:22.005,Grove St PATH,JC115,Baldwin at Montgomery,JC020,40.71941,-74.04309,40.7236589,-74.0641943,member
1FC5381D58478F4B,electric_bike,2026-08-05 19:09:51.922,2026-08-05 19:16:06.059,Bergen Ave & Sip Ave,JC109,Leonard Gordon Park,JC080,40.73100888698729,-74.06443700194359,40.74590996631558,-74.0572714805603,member
47BEA636E1FC693A,classic_bike,2026-08-05 19:10:38.657,2026-08-05 19:15:59.576,River St & 1 St,HB609,6 St & Grand St,HB302,40.73721535335381,-74.02886540972803,40.744397833095604,-74.03450086712837,member
CE55CD76C6DB64F1,classic_bike,2026-08-05 19:10:44.326,2026-08-05 19:18:25.513,River St & 1 St,HB609,Bloomfield St & 15 St,HB203,40.73721535335381,-74.02886540972803,40.75453,-74.02658,member
0557E802B099C367,classic_bike,2026-08-05 19:13:26.282,2026-08-05 19:15:00.770,Hudson Pl & Hoboken Terminal,HB107,South Waterfront Walkway - Sinatra Dr & 1 St,HB103,40.73579286776364,-74.02837457573912,40.73698221818716,-74.02778059244156,member
F649A44080415A1A,classic_bike,2026-08-05 19:16:47.740,2026-08-05 19:18:48.347,River St & 1 St,HB609,2 St & Park Ave,HB608,40.73721535335381,-74.02886540972803,40.73915272763701,-74.0330819785595,member
6E84DFA7A047DCCB,electric_bike,2026-08-05 19:17:07.971,2026-08-05 19:23:12.070,River St & 1 St,HB609,4 St & Grand St,HB301,40.73721535335381,-74.02886540972803,40.7422579775645,-74.03511106967926,member
8A1F1B4C61BB6579,electric_bike,2026-08-05 19:20:57.072,2026-08-05 19:56:02.260,Bergen Ave & Sip Ave,JC109,Riverview Park,JC057,40.73100888698729,-74.06443700194359,40.7443187,-74.0439909,casual
926BD33E1AD4AB13,electric_bike,2026-08-05 19:21:16.887,2026-08-05 19:24:10.010,Bergen Ave & Sip Ave,JC109,Baldwin at Montgomery,JC020,40.73100888698729,-74.06443700194359,40.7236589,-74.0641943,member
79D4EC226DD88244,electric_bike,2026-08-05 19:22:01.485,2026-08-05 19:31:30.058,Hudson Pl & Hoboken Terminal,HB107,7 St & Monroe St,HB304,40.73579286776364,-74.02837457573912,40.74641264837719,-74.03797701001167,casual
C8C0275D6044E93D,classic_bike,2026-08-05 19:25:37.653,2026-08-05 19:51:05.036,River St & 1 St,HB609,Pacific Ave & Communipaw Ave,JC118,40.73721535335381,-74.02886540972803,40.711354,-74.062446,member
DF2982CE672F4DF9,classic_bike,2026-08-05 19:26:35.847,2026-08-05 19:34:01.932,South Waterfront Walkway - Sinatra Dr & 1 St,HB103,6 St & Grand St,HB302,40.73698221818716,-74.02778059244156,40.744397833095604,-74.03450086712837,member
B55D7D54F33A6075,classic_bike,2026-08-05 19:26:38.931,2026-08-05 19:34:07.816,Grove St PATH,JC115,Pacific Ave & Communipaw Ave,JC118,40.71941,-74.04309,40.711354,-74.062446,member
4480A48861DA3661,classic_bike,2026-08-05 19:30:12.585,2026-08-05 19:36:19.209,River St & 1 St,HB609,6 St & Grand St,HB302,40.73721535335381,-74.02886540972803,40.744397833095604,-74.03450086712837,member
158898DF47049540,classic_bike,2026-08-05 19:30:37.474,2026-08-05 19:44:47.929,Grove St PATH,JC115,Communipaw & Berry Lane,JC084,40.71941,-74.04309,40.71435836870427,-74.06661093235016,member
863FDE6BF16E41FB,electric_bike,2026-08-05 19:32:03.192,2026-08-05 19:37:06.895,Bergen Ave & Sip Ave,JC109,Glenwood Ave,JC094,40.73100888698729,-74.06443700194359,40.72755146730012,-74.07106071710587,member
040C0903B269B069,electric_bike,2026-08-05 19:32:14.272,2026-08-05 19:38:52.175,Bergen Ave & Sip Ave,JC109,Dixon Mills,JC076,40.73100888698729,-74.06443700194359,40.721630142638354,-74.04996782541275,member
8DE8EC1BFC86147F,classic_bike,2026-08-05 19:34:24.077,2026-08-05 19:38:28.202,Grove St PATH,JC115,Jersey & 6th St,JC027,40.71941,-74.04309,40.72528910781132,-74.04557168483734,member
84E410F990C7EB1A,classic_bike,2026-08-05 19:35:36.376,2026-08-05 19:45:08.359,River St & 1 St,HB609,Bloomfield St & 15 St,HB203,40.73721535335381,-74.02886540972803,40.75453,-74.02658,member
E401CED70DC54A32,classic_bike,2026-08-05 19:35:38.465,2026-08-05 19:44:32.504,Hudson Pl & Hoboken Terminal,HB107,11 St & Washington St,HB502,40.73579286776364,-74.02837457573912,40.74998490907138,-74.02715027332306,member
5F1F634AE9C6E456,classic_bike,2026-08-05 19:35:47.104,2026-08-05 19:44:34.396,Hudson Pl & Hoboken Terminal,HB107,11 St & Washington St,HB502,40.73579286776364,-74.02837457573912,40.74998490907138,-74.02715027332306,casual
4562EA0860118381,electric_bike,2026-08-05 19:37:54.485,2026-08-05 19:47:42.695,Bergen Ave & Sip Ave,JC109,JC Medical Center,JC110,40.73100888698729,-74.06443700194359,40.71539114317,-74.04969155788422,member
768C625FDB19E3B3,electric_bike,2026-08-05 19:39:56.978,2026-08-05 19:45:08.168,Hudson Pl & Hoboken Terminal,HB107,Marshall St & 2 St,HB408,40.73579286776364,-74.02837457573912,40.740802,-74.042521,member
7BE8D04C39AE54CD,classic_bike,2026-08-05 19:48:52.805,2026-08-05 19:53:53.935,Grove St PATH,JC115,JC Medical Center,JC110,40.71941,-74.04309,40.71539114317,-74.04969155788422,member
747EBD9249208068,electric_bike,2026-08-05 19:50:44.884,2026-08-05 19:57:31.479,River St & 1 St,HB609,7 St & Monroe St,HB304,40.73721535335381,-74.02886540972803,40.74641264837719,-74.03797701001167,member
7428E50B294ED761,classic_bike,2026-08-05 19:55:10.270,2026-08-05 19:58:01.482,Grove St PATH,JC115,Marin Light Rail,JC013,40.71941,-74.04309,40.71458403535893,-74.04281705617905,member
D4E4F183FE4139B5,electric_bike,2026-08-05 19:59:56.554,2026-08-05 20:11:58.920,Hamilton Park,JC009,Newark St & Washington St,HB612,40.727595966,-74.044247311,40.73681,-74.0309,casual
48C05196E52C9157,electric_bike,2026-08-05 20:00:03.233,2026-08-05 20:05:34.717,Hudson Pl & Hoboken Terminal,HB107,11 St & Washington St,HB502,40.73579286776364,-74.02837457573912,40.74998490907138,-74.02715027332306,member
0EFF4346F9F3E130,classic_bike,2026-08-05 20:01:03.122,2026-08-05 20:05:15.192,Hudson Pl & Hoboken Terminal,HB107,Stevens - River Ter & 6 St,HB602,40.73579286776364,-74.02837457573912,40.74313282710551,-74.02698867022991,casual
3BCC928EF2057A03,classic_bike,2026-08-05 20:03:52.137,2026-08-05 20:14:04.990,Bergen Ave & Sip Ave,JC109,Grove St PATH,JC115,40.73100888698729,-74.06443700194359,40.71941,-74.04309,member
5620EF23AD48A794,electric_bike,2026-08-05 20:04:14.244,2026-08-05 20:12:03.511,Bergen Ave & Sip Ave,JC109,Lincoln Park,JC053,40.73100888698729,-74.06443700194359,40.7246050998869,-74.07840594649315,member
FDCF5E00BC91CCA1,electric_bike,2026-08-05 20:05:09.647,2026-08-05 20:20:45.469,River St & 1 St,HB609,McGinley Square,JC055,40.73721535335381,-74.02886540972803,40.7253399253558,-74.06762212514877,member
BC15E45F0C633649,electric_bike,2026-08-05 20:06:57.170,2026-08-05 20:14:10.673,Bergen Ave & Sip Ave,JC109,Union St,JC051,40.73100888698729,-74.06443700194359,40.7182113,-74.0836394,member
CEC16205B6F939BA,electric_bike,2026-08-05 20:09:31.220,2026-08-05 20:19:30.200,Bergen Ave & Sip Ave,JC109,Astor Place,JC077,40.73100888698729,-74.06443700194359,40.71928220070702,-74.07126188278198,member
2036D7FD89AB2762,classic_bike,2026-08-05 20:11:12.032,2026-08-05 20:18:15.899,Hudson Pl & Hoboken Terminal,HB107,Clinton St & 7 St,HB303,40.73579286776364,-74.02837457573912,40.74542,-74.03332,member
2C5FB452E3B330E9,classic_bike,2026-08-05 20:12:32.762,2026-08-05 20:16:06.520,Grove St PATH,JC115,Jersey & 3rd,JC074,40.71941,-74.04309,40.72333158646436,-74.04595255851744,member
1788BCF7FF844B1A,electric_bike,2026-08-05 20:12:51.430,2026-08-05 20:15:26.490,Bergen Ave & Sip Ave,JC109,McGinley Square,JC055,40.73100888698729,-74.06443700194359,40.7253399253558,-74.06762212514877,member
0B6654D91C606299,classic_bike,2026-08-05 20:13:24.663,2026-08-05 20:22:37.018,South Waterfront Walkway - Sinatra Dr & 1 St,HB103,7 St & Monroe St,HB304,40.73698221818716,-74.02778059244156,40.74641264837719,-74.03797701001167,member
E628217EA9B24AC8,classic_bike,2026-08-05 20:13:42.832,2026-08-05 20:18:08.438,Grove St PATH,JC115,Dixon Mills,JC076,40.71941,-74.04309,40.721630142638354,-74.04996782541275,member
6B9EAACD36805EDE,classic_bike,2026-08-05 20:13:58.700,2026-08-05 20:25:39.946,Hamilton Park,JC009,River St & 1 St,HB609,40.727595966,-74.044247311,40.73721535335381,-74.02886540972803,member
C844489154C1173E,classic_bike,2026-08-05 20:20:02.607,2026-08-05 20:25:05.815,Grove St PATH,JC115,Marin Light Rail,JC013,40.71941,-74.04309,40.71458403535893,-74.04281705617905,member
CE7F0E9FA1A8A54B,electric_bike,2026-08-05 20:22:46.015,2026-08-05 20:38:32.273,Bergen Ave & Sip Ave,JC109,Newport PATH,JC066,40.73100888698729,-74.06443700194359,40.7272235,-74.0337589,member
839BD01BD4849215,classic_bike,2026-08-05 20:27:47.342,2026-08-05 20:29:54.333,Grove St PATH,JC115,Van Vorst Park,JC035,40.71941,-74.04309,40.71848892,-74.047726625,member
92E36DC21EBE66C7,classic_bike,2026-08-05 20:29:18.600,2026-08-05 20:54:26.415,South Waterfront Walkway - Sinatra Dr & 1 St,HB103,Jersey & 3rd,JC074,40.73698221818716,-74.02778059244156,40.72333158646436,-74.04595255851744,casual
63DDF8C38E91B466,classic_bike,2026-08-05 20:29:43.606,2026-08-05 20:54:58.520,South Waterfront Walkway - Sinatra Dr & 1 St,HB103,Jersey & 3rd,JC074,40.73698221818716,-74.02778059244156,40.72333158646436,-74.04595255851744,casual
AE18D57433168D7B,classic_bike,2026-08-05 20:31:18.983,2026-08-05 20:35:37.954,River St & 1 St,HB609,Church Sq Park - 5 St & Park Ave,HB601,40.73721535335381,-74.02886540972803,40.74265933273143,-74.03223305940628,member
F39B80C8C893F0A7,classic_bike,2026-08-05 20:31:28.086,2026-08-05 20:42:16.188,Grove St PATH,JC115,Communipaw & Berry Lane,JC084,40.71941,-74.04309,40.71435836870427,-74.06661093235016,member
AB0D7773B9411441,classic_bike,2026-08-05 20:39:55.982,2026-08-05 20:42:13.871,Grove St PATH,JC115,Van Vorst Park,JC035,40.71941,-74.04309,40.71848892,-74.047726625,member
0157032BC93BD3BC,classic_bike,2026-08-05 20:40:11.949,2026-08-05 20:48:23.187,Hudson Pl & Hoboken Terminal,HB107,14 St Ferry - 14 St & Shipyard Ln,HB202,40.73579286776364,-74.02837457573912,40.752960630464955,-74.02435272932053,member
F6FB0957A0FAC87E,classic_bike,2026-08-05 20:40:35.788,2026-08-05 20:46:10.968,Grove St PATH,JC115,Monmouth & 6th,JC075,40.71941,-74.04309,40.72568548362901,-74.04879033565521,member
413559E9FAFC89F1,classic_bike,2026-08-05 20:41:57.481,2026-08-05 20:46:10.474,River St & 1 St,HB609,4 St & Grand St,HB301,40.73721535335381,-74.02886540972803,40.7422579775645,-74.03511106967926,member
E8E1BFDA12C9DFF2,classic_bike,2026-08-05 20:43:26.821,2026-08-05 20:48:34.727,Grove St PATH,JC115,Hamilton Park,JC009,40.71941,-74.04309,40.727595966,-74.044247311,member
ACE6B801EAEB9AED,electric_bike,2026-08-05 20:47:41.790,2026-08-05 20:52:13.820,River St & 1 St,HB609,6 St & Grand St,HB302,40.73721535335381,-74.02886540972803,40.744397833095604,-74.03450086712837,member
A572682ACB1993C8,electric_bike,2026-08-05 20:51:14.400,2026-08-05 20:58:26.182,Grove St PATH,JC115,Lafayette Park,JC078,40.71941,-74.04309,40.71346382669195,-74.06285852193832,casual
E4A6E65FFF87D5BC,classic_bike,2026-08-05 20:53:26.316,2026-08-05 20:59:45.227,Hudson Pl & Hoboken Terminal,HB107,Marshall St & 2 St,HB408,40.73579286776364,-74.02837457573912,40.740802,-74.042521,member
D699AE71BA652E18,electric_bike,2026-08-05 20:54:08.853,2026-08-05 20:57:40.034,Grove St PATH,JC115,JC Medical Center,JC110,40.71941,-74.04309,40.71539114317,-74.04969155788422,member
1DB01621B63FF61C,classic_bike,2026-08-05 21:02:13.819,2026-08-05 21:06:52.397,Grove St PATH,JC115,Marin Light Rail,JC013,40.71941,-74.04309,40.71458403535893,-74.04281705617905,casual
7337DDD76A794E0C,classic_bike,2026-08-05 21:02:17.714,2026-08-05 21:06:44.361,Grove St PATH,JC115,Marin Light Rail,JC013,40.71941,-74.04309,40.71458403535893,-74.04281705617905,member
5039F778388A394B,electric_bike,2026-08-05 21:03:27.362,2026-08-05 21:09:31.123,River St & 1 St,HB609,Columbus Park - Clinton St & 9 St,HB501,40.73721535335381,-74.02886540972803,40.74816121065146,-74.0324530005455,casual
4810ECD1D49B7B48,classic_bike,2026-08-05 21:04:34.100,2026-08-05 21:09:16.159,South Waterfront Walkway - Sinatra Dr & 1 St,HB103,Church Sq Park - 5 St & Park Ave,HB601,40.73698221818716,-74.02778059244156,40.74265933273143,-74.03223305940628,member
C5C29CB0A80189E9,classic_bike,2026-08-05 21:04:41.968,2026-08-05 21:16:23.531,River St & 1 St,HB609,Bloomfield St & 15 St,HB203,40.73721535335381,-74.02886540972803,40.75453,-74.02658,member
8F22D0E86B368DE8,classic_bike,2026-08-05 21:13:20.155,2026-08-05 21:22:01.613,Grove St PATH,JC115,Dr. Lena Edwards Park,JC117,40.71941,-74.04309,40.713203,-74.058261,casual
97B0E0DAA58C335C,classic_bike,2026-08-05 21:14:12.377,2026-08-05 21:17:43.307,Grove St PATH,JC115,Dixon Mills,JC076,40.71941,-74.04309,40.721630142638354,-74.04996782541275,member
C6B31747D48D5701,classic_bike,2026-08-05 21:14:46.993,2026-08-05 21:28:12.726,Grove St PATH,JC115,Communipaw & Berry Lane,JC084,40.71941,-74.04309,40.71435836870427,-74.06661093235016,member
4CE59CCC64071444,electric_bike,2026-08-05 21:14:56.602,2026-08-05 21:21:14.941,Hudson Pl & Hoboken Terminal,HB107,8 St & Washington St,HB603,40.73579286776364,-74.02837457573912,40.745983882915624,-74.02819901704788,member
1345F01FC66C2F52,classic_bike,2026-08-05 21:15:15.293,2026-08-05 21:21:41.440,Grove St PATH,JC115,Dixon Mills,JC076,40.71941,-74.04309,40.721630142638354,-74.04996782541275,member
678BEA2B2C051BD6,classic_bike,2026-08-05 21:19:51.952,2026-08-05 21:28:53.213,South Waterfront Walkway - Sinatra Dr & 1 St,HB103,11 St & Washington St,HB502,40.73698221818716,-74.02778059244156,40.74998490907138,-74.02715027332306,member
A379786F25905C9A,classic_bike,2026-08-05 21:22:05.519,2026-08-05 21:26:06.178,South Waterfront Walkway - Sinatra Dr & 1 St,HB103,Madison St & 1 St,HB402,40.73698221818716,-74.02778059244156,40.73879,-74.0393,casual
71916BC7EECDA0DC,classic_bike,2026-08-05 21:23:05.240,2026-08-05 21:31:42.203,South Waterfront Walkway - Sinatra Dr & 1 St,HB103,Adams St & 2 St,HB407,40.73698221818716,-74.02778059244156,40.73981372311843,-74.03690412640572,member
E04C5FFA7B5B91B1,classic_bike,2026-08-05 21:23:08.456,2026-08-05 21:25:03.308,South Waterfront Walkway - Sinatra Dr & 1 St,HB103,4 St & River St,HB611,40.73698221818716,-74.02778059244156,40.7408139,-74.0274062,member
F0A88E043091EBFE,classic_bike,2026-08-05 21:23:26.064,2026-08-05 21:34:37.006,South Waterfront Walkway - Sinatra Dr & 1 St,HB103,14 St Ferry - 14 St & Shipyard Ln,HB202,40.73698221818716,-74.02778059244156,40.752960630464955,-74.02435272932053,member
5F2413696D575C2E,classic_bike,2026-08-05 21:23:53.202,2026-08-05 21:32:29.283,South Waterfront Walkway - Sinatra Dr & 1 St,HB103,14 St Ferry - 14 St & Shipyard Ln,HB202,40.73698221818716,-74.02778059244156,40.752960630464955,-74.02435272932053,member
D166C15C420AF855,classic_bike,2026-08-05 21:24:05.400,2026-08-05 21:34:40.592,South Waterfront Walkway - Sinatra Dr & 1 St,HB103,14 St Ferry - 14 St & Shipyard Ln,HB202,40.73698221818716,-74.02778059244156,40.752960630464955,-74.02435272932053,member
8B66FB9EE98B5D77,classic_bike,2026-08-05 21:26:00.298,2026-08-05 21:32:50.801,Grove St PATH,JC115,Brunswick & 6th,JC081,40.71941,-74.04309,40.72601172964625,-74.05038893222809,member
D4C137E360AD6F6D,classic_bike,2026-08-05 21:28:40.767,2026-08-05 21:34:21.103,Grove St PATH,JC115,Montgomery St,JC099,40.71941,-74.04309,40.71942,-74.05099,member
DB00D4085226F717,electric_bike,2026-08-05 21:38:12.438,2026-08-05 21:48:57.421,Grove St PATH,JC115,Riverview Park,JC057,40.71941,-74.04309,40.7443187,-74.0439909,casual
33693377F743A5DF,classic_bike,2026-08-05 21:38:32.510,2026-08-05 21:46:56.836,Grove St PATH,JC115,Morris Canal,JC072,40.71941,-74.04309,40.7124188237569,-74.03852552175522,member
AE4C3D21FCB0F189,classic_bike,2026-08-05 21:43:45.703,2026-08-05 21:47:19.955,South Waterfront Walkway - Sinatra Dr & 1 St,HB103,Stevens - River Ter & 6 St,HB602,40.73698221818716,-74.02778059244156,40.74313282710551,-74.02698867022991,casual
9FA0053C44FDFED4,classic_bike,2026-08-05 21:45:18.410,2026-08-05 21:51:45.013,South Waterfront Walkway - Sinatra Dr & 1 St,HB103,11 St & Washington St,HB502,40.73698221818716,-74.02778059244156,40.74998490907138,-74.02715027332306,member
22EEAC578EA43F21,classic_bike,2026-08-05 21:48:21.214,2026-08-05 21:51:33.234,Hudson Pl & Hoboken Terminal,HB107,Clinton St & Newark St,HB409,40.73579286776364,-74.02837457573912,40.73743,-74.03571,member
51013C691240668C,classic_bike,2026-08-05 21:50:07.618,2026-08-05 21:54:28.339,Grove St PATH,JC115,JC Medical Center,JC110,40.71941,-74.04309,40.71539114317,-74.04969155788422,member
D5A6EF4F1DE2B881,classic_bike,2026-08-05 21:51:26.979,2026-08-05 21:58:57.861,South Waterfront Walkway - Sinatra Dr & 1 St,HB103,Mama Johnson Field - 4 St & Jackson St,HB404,40.73698221818716,-74.02778059244156,40.74313993965626,-74.04004096984863,member
8617A4133530B714,electric_bike,2026-08-05 21:54:05.671,2026-08-05 22:00:57.379,Hamilton Park,JC009,Christ Hospital,JC034,40.727595966,-74.044247311,40.734785818,-74.050443636,member
EFA74F54E92C54E2,classic_bike,2026-08-05 21:59:57.248,2026-08-05 22:08:00.406,South Waterfront Walkway - Sinatra Dr & 1 St,HB103,11 St & Washington St,HB502,40.73698221818716,-74.02778059244156,40.74998490907138,-74.02715027332306,member
4C5E2856C1243AEF,classic_bike,2026-08-05 22:03:23.683,2026-08-05 22:13:45.718,Grove St PATH,JC115,Hilltop,JC019,40.71941,-74.04309,40.7311689,-74.0575736,member
4B336BFFEBBF2FC5,classic_bike,2026-08-05 22:03:33.194,2026-08-05 22:14:37.247,Grove St PATH,JC115,Newport PATH,JC066,40.71941,-74.04309,40.7272235,-74.0337589,member
2438168174D5549E,classic_bike,2026-08-05 22:06:30.279,2026-08-05 22:11:44.398,South Waterfront Walkway - Sinatra Dr & 1 St,HB103,Adams St & 2 St,HB407,40.73698221818716,-74.02778059244156,40.73981372311843,-74.03690412640572,member
41AF400004A55462,classic_bike,2026-08-05 22:24:41.252,2026-08-05 22:27:10.035,Grove St PATH,JC115,Van Vorst Park,JC035,40.71941,-74.04309,40.71848892,-74.047726625,member
05FFCA6CE811F673,electric_bike,2026-08-05 22:26:53.049,2026-08-05 22:29:14.303,Hamilton Park,JC009,Brunswick & 6th,JC081,40.727595966,-74.044247311,40.72601172964625,-74.05038893222809,member
13FE5E93EB263708,electric_bike,2026-08-05 22:27:03.574,2026-08-05 22:29:51.024,South Waterfront Walkway - Sinatra Dr & 1 St,HB103,2 St & Park Ave,HB608,40.73698221818716,-74.02778059244156,40.73915272763701,-74.0330819785595,member
15CFD7D30120A092,classic_bike,2026-08-05 22:27:29.632,2026-08-05 22:36:47.382,Grove St PATH,JC115,Lafayette Park,JC078,40.71941,-74.04309,40.71346382669195,-74.06285852193832,casual
C7E6FE9991CBE0E4,electric_bike,2026-08-05 22:31:46.000,2026-08-05 22:45:05.159,River St & 1 St,HB609,Christ Hospital,JC034,40.73721535335381,-74.02886540972803,40.734785818,-74.050443636,member
8CB4309D3CA2A739,electric_bike,2026-08-05 22:33:11.923,2026-08-05 22:37:41.006,Bergen Ave & Sip Ave,JC109,Bergen Ave,JC095,40.73100888698729,-74.06443700194359,40.722103786686034,-74.07145500183105,member
BB268EFF3C5B9936,classic_bike,2026-08-05 22:38:52.212,2026-08-05 22:46:39.109,Grove St PATH,JC115,Brunswick & 6th,JC081,40.71941,-74.04309,40.72601172964625,-74.05038893222809,member
31B195A46B39FA37,classic_bike,2026-08-05 22:39:47.848,2026-08-05 22:54:21.853,Grove St PATH,JC115,Pacific Ave & Communipaw Ave,JC118,40.71941,-74.04309,40.711354,-74.062446,casual
277FEAD449086268,classic_bike,2026-08-05 22:40:09.938,2026-08-05 22:54:28.518,Grove St PATH,JC115,Pacific Ave & Communipaw Ave,JC118,40.71941,-74.04309,40.711354,-74.062446,casual
3C117281F3642DE2,electric_bike,2026-08-05 22:49:54.230,2026-08-05 22:54:47.325,Grove St PATH,JC115,Essex Light Rail,JC038,40.71941,-74.04309,40.7127742,-74.0364857,member
7ADAFD1EABA712E8,electric_bike,2026-08-05 22:52:03.435,2026-08-05 22:59:21.213,Grove St PATH,JC115,Baldwin at Montgomery,JC020,40.71941,-74.04309,40.7236589,-74.0641943,member
24F61DCE0B137605,electric_bike,2026-08-05 23:17:37.296,2026-08-05 23:22:12.921,Bergen Ave & Sip Ave,JC109,McGinley Square,JC055,40.73100888698729,-74.06443700194359,40.7253399253558,-74.06762212514877,member
3811E920DB1251F0,classic_bike,2026-08-05 23:30:14.749,2026-08-05 23:35:16.335,Grove St PATH,JC115,Brunswick St,JC023,40.71941,-74.04309,40.7241765,-74.0506564,member
05CFA83457F6F320,classic_bike,2026-08-05 23:30:51.964,2026-08-05 23:35:10.519,Grove St PATH,JC115,Dixon Mills,JC076,40.71941,-74.04309,40.721630142638354,-74.04996782541275,member
48A64FAA8875FBF9,classic_bike,2026-08-05 23:31:36.278,2026-08-05 23:41:18.860,Grove St PATH,JC115,Dr. Lena Edwards Park,JC117,40.71941,-74.04309,40.713203,-74.058261,member
3307903EE036C265,classic_bike,2026-08-06 00:05:10.073,2026-08-06 00:08:44.001,Grove St PATH,JC115,Warren St,JC006,40.71941,-74.04309,40.7211236,-74.03805095,member
D8ACB1529ADA244E,classic_bike,2026-08-06 00:28:31.036,2026-08-06 00:35:55.228,Grove St PATH,JC115,Grove St PATH,JC115,40.71941,-74.04309,40.71941,-74.04309,casual
45B46CD3774437D9,classic_bike,2026-08-06 00:39:53.764,2026-08-06 00:47:55.399,Grove St PATH,JC115,Dr. Lena Edwards Park,JC117,40.71941,-74.04309,40.713203,-74.058261,casual
E50E5660B2F3BB58,electric_bike,2026-08-06 03:27:47.250,2026-08-06 03:34:38.321,Bergen Ave & Sip Ave,JC109,Union St & Bergen Ave,JC122,40.73100888698729,-74.06443700194359,40.71575,-74.07887,member
9E5869C46B8D02CD,electric_bike,2026-08-06 04:50:01.612,2026-08-06 04:54:38.613,Bergen Ave & Sip Ave,JC109,Fairmount Ave,JC093,40.73100888698729,-74.06443700194359,40.72572613742557,-74.07195925712585,member
42FA6BDEA6C0F4A9,classic_bike,2026-08-06 04:55:40.569,2026-08-06 05:16:42.476,Hamilton Park,JC009,Communipaw & Berry Lane,JC084,40.727595966,-74.044247311,40.71435836870427,-74.06661093235016,casual
0C9B81F7E6C776E1,classic_bike,2026-08-06 05:42:26.393,2026-08-06 05:50:40.925,Hamilton Park,JC009,Marshall St & 2 St,HB408,40.727595966,-74.044247311,40.740802,-74.042521,member
92AF302AA4F913F9,classic_bike,2026-08-06 06:01:33.393,2026-08-06 06:06:09.275,Hamilton Park,JC009,Van Vorst Park,JC035,40.727595966,-74.044247311,40.71848892,-74.047726625,member
86EE86470D809347,electric_bike,2026-08-06 06:21:07.010,2026-08-06 06:25:20.788,Hamilton Park,JC009,Grove St PATH,JC115,40.727595966,-74.044247311,40.71941,-74.04309,casual
FB882512E4DBA58C,classic_bike,2026-08-06 06:22:02.834,2026-08-06 06:25:30.889,Hamilton Park,JC009,Manila & 1st,JC082,40.727595966,-74.044247311,40.721650724879986,-74.04288411140442,member
C98D5C5910D3B1A8,electric_bike,2026-08-06 06:36:29.367,2026-08-06 06:43:07.220,Grove St PATH,JC115,JC Medical Center,JC110,40.71941,-74.04309,40.71539114317,-74.04969155788422,member
4583F7FD83A3E89F,classic_bike,2026-08-06 06:41:10.877,2026-08-06 06:59:42.405,River St & 1 St,HB609,Church Sq Park - 5 St & Park Ave,HB601,40.73721535335381,-74.02886540972803,40.74265933273143,-74.03223305940628,member
1F7853488F5890D9,electric_bike,2026-08-06 06:41:17.706,2026-08-06 06:43:35.744,Hamilton Park,JC009,Manila & 1st,JC082,40.727595966,-74.044247311,40.721650724879986,-74.04288411140442,member
20821FA61F22D541,electric_bike,2026-08-06 06:44:28.793,2026-08-06 06:49:00.142,River St & 1 St,HB609,Columbus Park - Clinton St & 9 St,HB501,40.73721535335381,-74.02886540972803,40.74816121065146,-74.0324530005455,casual
3DD6AF3794FEDD64,electric_bike,2026-08-06 06:44:44.345,2026-08-06 06:48:15.906,Hamilton Park,JC009,Grove St PATH,JC115,40.727595966,-74.044247311,40.71941,-74.04309,member
7EA92075D69AADAA,electric_bike,2026-08-06 06:51:50.673,2026-08-06 06:55:22.198,River St & 1 St,HB609,4 St & Grand St,HB301,40.73721535335381,-74.02886540972803,40.7422579775645,-74.03511106967926,casual
D63CC2E88629197B,electric_bike,2026-08-06 06:51:51.813,2026-08-06 06:55:31.806,River St & 1 St,HB609,4 St & Grand St,HB301,40.73721535335381,-74.02886540972803,40.7422579775645,-74.03511106967926,casual
C15BA996B4C2E8D9,electric_bike,2026-08-06 06:57:40.481,2026-08-06 07:00:57.353,Grove St PATH,JC115,Marin Light Rail,JC013,40.71941,-74.04309,40.71458403535893,-74.04281705617905,casual
E52343FC7B857D06,electric_bike,2026-08-06 06:58:18.620,2026-08-06 07:10:04.587,Grove St PATH,JC115,Hoboken Terminal - Hudson St & Hudson Pl,HB101,40.71941,-74.04309,40.73593758446329,-74.03030455112457,casual
D971A649E4C20119,electric_bike,2026-08-06 07:02:45.123,2026-08-06 07:08:10.667,River St & 1 St,HB609,Clinton St & 7 St,HB303,40.73721535335381,-74.02886540972803,40.74542,-74.03332,member
27CA9A7BCBDD67EA,electric_bike,2026-08-06 07:03:05.920,2026-08-06 07:09:32.579,River St & 1 St,HB609,7 St & Monroe St,HB304,40.73721535335381,-74.02886540972803,40.74641264837719,-74.03797701001167,member
98FE3DFD888F4AF4,classic_bike,2026-08-06 07:07:26.471,2026-08-06 07:10:55.838,Hamilton Park,JC009,Monmouth & 6th,JC075,40.727595966,-74.044247311,40.72568548362901,-74.04879033565521,member
2A4018FB2406E908,electric_bike,2026-08-06 07:08:26.081,2026-08-06 07:11:06.548,Grove St PATH,JC115,Dixon Mills,JC076,40.71941,-74.04309,40.721630142638354,-74.04996782541275,member
9B7AA3A0A3E83093,electric_bike,2026-08-06 07:08:43.922,2026-08-06 07:11:42.382,Hamilton Park,JC009,Manila & 1st,JC082,40.727595966,-74.044247311,40.721650724879986,-74.04288411140442,member
F230EC45164AB9B1,electric_bike,2026-08-06 07:13:45.897,2026-08-06 07:21:26.549,River St & 1 St,HB609,14 St Ferry - 14 St & Shipyard Ln,HB202,40.73721535335381,-74.02886540972803,40.752960630464955,-74.02435272932053,member
B6037EB70114CC76,electric_bike,2026-08-06 07:24:18.189,2026-08-06 07:25:37.720,River St & 1 St,HB609,2 St & Park Ave,HB608,40.73721535335381,-74.02886540972803,40.73915272763701,-74.0330819785595,member
489E0A01D924BB24,electric_bike,2026-08-06 07:26:49.949,2026-08-06 08:11:48.789,Bergen Ave & Sip Ave,JC109,Carteret Ave & Arlington Ave,JC123,40.73100888698729,-74.06443700194359,40.709142,-74.074553,member
A20A4CDCAA72742D,electric_bike,2026-08-06 07:27:12.396,2026-08-06 07:34:34.825,River St & 1 St,HB609,Newport PATH,JC066,40.73721535335381,-74.02886540972803,40.7272235,-74.0337589,member
99BB53659702110B,electric_bike,2026-08-06 07:30:04.806,2026-08-06 07:34:42.381,Hamilton Park,JC009,Newport PATH,JC066,40.727595966,-74.044247311,40.7272235,-74.0337589,casual
FC1B7A7012BF75B4,electric_bike,2026-08-06 07:32:40.740,2026-08-06 07:38:10.349,Hamilton Park,JC009,Newport PATH,JC066,40.727595966,-74.044247311,40.7272235,-74.0337589,member
8AC84DD354F86797,classic_bike,2026-08-06 07:37:19.519,2026-08-06 07:45:06.040,Hamilton Park,JC009,Newport PATH,JC066,40.727595966,-74.044247311,40.7272235,-74.0337589,member
9A1D94A3891DC3AD,classic_bike,2026-08-06 07:38:49.478,2026-08-06 07:47:43.336,Hamilton Park,JC009,Washington St & Morgan St,JC149,40.727595966,-74.044247311,40.719445793042716,-74.03689158686865,member
70EC24337B54DB78,electric_bike,2026-08-06 07:39:37.194,2026-08-06 07:42:47.427,Grove St PATH,JC115,JC Medical Center,JC110,40.71941,-74.04309,40.71539114317,-74.04969155788422,member
6461F220183B9F59,electric_bike,2026-08-06 07:45:59.004,2026-08-06 07:48:46.946,Hamilton Park,JC009,Manila & 1st,JC082,40.727595966,-74.044247311,40.721650724879986,-74.04288411140442,member
A3559EF23C9E156B,electric_bike,2026-08-06 07:46:59.016,2026-08-06 08:03:33.816,Hudson Pl & Hoboken Terminal,HB107,McGinley Square,JC055,40.73579286776364,-74.02837457573912,40.7253399253558,-74.06762212514877,member
CB22C7A7F4C5757E,electric_bike,2026-08-06 07:48:01.461,2026-08-06 07:50:35.448,Bergen Ave & Sip Ave,JC109,McGinley Square,JC055,40.73100888698729,-74.06443700194359,40.7253399253558,-74.06762212514877,casual
2FE7449242A4E473,electric_bike,2026-08-06 07:52:59.430,2026-08-06 08:02:42.595,South Waterfront Walkway - Sinatra Dr & 1 St,HB103,7 St & Monroe St,HB304,40.73698221818716,-74.02778059244156,40.74641264837719,-74.03797701001167,casual
8FE73A9F35B4959A,electric_bike,2026-08-06 07:55:31.241,2026-08-06 08:00:57.287,Hamilton Park,JC009,Newport Pkwy,JC008,40.727595966,-74.044247311,40.7287448,-74.0321082,member
CA258F85F9A54C4D,classic_bike,2026-08-06 07:56:15.256,2026-08-06 08:01:39.805,Grove St PATH,JC115,Morris Canal,JC072,40.71941,-74.04309,40.7124188237569,-74.03852552175522,member
DD30667399B6E960,electric_bike,2026-08-06 07:56:21.402,2026-08-06 08:00:27.793,River St & 1 St,HB609,Clinton St & 7 St,HB303,40.73721535335381,-74.02886540972803,40.74542,-74.03332,member
A85D9F4DF022A513,electric_bike,2026-08-06 07:56:39.686,2026-08-06 07:59:57.034,Hamilton Park,JC009,Newark Ave,JC032,40.727595966,-74.044247311,40.72152515,-74.046304543,member
5E5A1E86748C2FEC,electric_bike,2026-08-06 07:58:00.256,2026-08-06 08:00:57.846,Hamilton Park,JC009,Manila & 1st,JC082,40.727595966,-74.044247311,40.721650724879986,-74.04288411140442,member
45821A7792C2A92E,electric_bike,2026-08-06 07:59:57.915,2026-08-06 08:02:50.300,Grove St PATH,JC115,JC Medical Center,JC110,40.71941,-74.04309,40.71539114317,-74.04969155788422,member
5220809E794AC2AD,electric_bike,2026-08-06 08:04:06.501,2026-08-06 08:19:03.815,Grove St PATH,JC115,River Ter & Warren St,5368.03,40.71941,-74.04309,40.71759894980997,-74.01587963104248,member
6D70B08B19BEBD5E,electric_bike,2026-08-06 08:05:31.805,2026-08-06 08:21:22.192,Bergen Ave & Sip Ave,JC109,River St & 1 St,HB609,40.73100888698729,-74.06443700194359,40.73721535335381,-74.02886540972803,member
985D98F9974FFC0E,electric_bike,2026-08-06 08:12:48.317,2026-08-06 08:20:08.707,Grove St PATH,JC115,Newport Pkwy,JC008,40.71941,-74.04309,40.7287448,-74.0321082,casual
C2CFA2CD9A940BEC,electric_bike,2026-08-06 08:13:20.899,2026-08-06 08:17:48.959,Hamilton Park,JC009,Newport Pkwy,JC008,40.727595966,-74.044247311,40.7287448,-74.0321082,member
25DA03B1081EAC62,classic_bike,2026-08-06 08:15:22.087,2026-08-06 08:25:35.527,Hamilton Park,JC009,Exchange Pl,JC116,40.727595966,-74.044247311,40.71636596185077,-74.034343957901,member
8E1A403451879DDB,electric_bike,2026-08-06 08:16:26.661,2026-08-06 08:20:51.997,South Waterfront Walkway - Sinatra Dr & 1 St,HB103,6 St & Grand St,HB302,40.73698221818716,-74.02778059244156,40.744397833095604,-74.03450086712837,member
C73C5C5B84E77826,electric_bike,2026-08-06 08:16:56.178,2026-08-06 08:22:14.597,South Waterfront Walkway - Sinatra Dr & 1 St,HB103,4 St & Grand St,HB301,40.73698221818716,-74.02778059244156,40.7422579775645,-74.03511106967926,casual
03DFBDEE7DA1DF31,electric_bike,2026-08-06 08:19:01.159,2026-08-06 08:25:21.850,South Waterfront Walkway - Sinatra Dr & 1 St,HB103,12 St & Sinatra Dr N,HB201,40.73698221818716,-74.02778059244156,40.750604142368964,-74.02402013540268,member
B5E00C2BA4B862B6,electric_bike,2026-08-06 08:24:47.578,2026-08-06 08:31:46.881,South Waterfront Walkway - Sinatra Dr & 1 St,HB103,Adams St & 12 St,HB610,40.73698221818716,-74.02778059244156,40.751889392240685,-74.03329162748534,member
1E6548ACCF198B60,electric_bike,2026-08-06 08:25:09.480,2026-08-06 08:27:46.251,Hamilton Park,JC009,Newark Ave,JC032,40.727595966,-74.044247311,40.72152515,-74.046304543,member
9D2C30DEAE320D5C,electric_bike,2026-08-06 08:26:40.006,2026-08-06 08:32:12.681,River St & 1 St,HB609,11 St & Washington St,HB502,40.73721535335381,-74.02886540972803,40.74998490907138,-74.02715027332306,member
43AA755DF9201DAD,classic_bike,2026-08-06 08:29:12.027,2026-08-06 08:33:04.051,Grove St PATH,JC115,Marin Light Rail,JC013,40.71941,-74.04309,40.71458403535893,-74.04281705617905,member
2587DD36C2E5121F,classic_bike,2026-08-06 08:29:23.956,2026-08-06 08:36:48.668,Hamilton Park,JC009,City Hall,JC003,40.727595966,-74.044247311,40.7177325,-74.043845,casual
CFB331BA7F3D7608,classic_bike,2026-08-06 08:30:14.781,2026-08-06 08:45:55.772,Hamilton Park,JC009,4 St & River St,HB611,40.727595966,-74.044247311,40.7408139,-74.0274062,member
664093F5F0340C46,classic_bike,2026-08-06 08:32:25.971,2026-08-06 08:41:39.198,Hamilton Park,JC009,Washington St,JC098,40.727595966,-74.044247311,40.7242941,-74.0354826,member
480114D9B522AF90,electric_bike,2026-08-06 08:35:10.291,2026-08-06 08:40:43.506,Hamilton Park,JC009,JC Medical Center,JC110,40.727595966,-74.044247311,40.71539114317,-74.04969155788422,member
DACD88E0C511AFF7,electric_bike,2026-08-06 08:37:42.051,2026-08-06 08:40:09.922,Hamilton Park,JC009,Manila & 1st,JC082,40.727595966,-74.044247311,40.721650724879986,-74.04288411140442,casual
54C3B4FF8F81613E,classic_bike,2026-08-06 08:38:05.245,2026-08-06 08:46:28.573,Hamilton Park,JC009,Grove St PATH,JC115,40.727595966,-74.044247311,40.71941,-74.04309,member
ED3F1D2FCD5EE410,electric_bike,2026-08-06 08:40:37.389,2026-08-06 08:45:39.711,Grove St PATH,JC115,Dr. Lena Edwards Park,JC117,40.71941,-74.04309,40.713203,-74.058261,member
15BF23DEEDF4C123,electric_bike,2026-08-06 08:40:55.935,2026-08-06 08:50:04.481,Hudson Pl & Hoboken Terminal,HB107,Bloomfield St & 15 St,HB203,40.73579286776364,-74.02837457573912,40.75453,-74.02658,member
D77A758579EED4F0,electric_bike,2026-08-06 08:43:24.190,2026-08-06 08:51:44.403,South Waterfront Walkway - Sinatra Dr & 1 St,HB103,Washington St,JC098,40.73698221818716,-74.02778059244156,40.7242941,-74.0354826,member
4F762067C3233ECC,electric_bike,2026-08-06 08:45:52.736,2026-08-06 08:55:14.810,River St & 1 St,HB609,Adams St & 12 St,HB610,40.73721535335381,-74.02886540972803,40.751889392240685,-74.03329162748534,member
CF6A7FBCB730C7B7,classic_bike,2026-08-06 08:47:56.145,2026-08-06 08:58:05.654,South Waterfront Walkway - Sinatra Dr & 1 St,HB103,Madison St & 1 St,HB402,40.73698221818716,-74.02778059244156,40.73879,-74.0393,member
D620D32E97F9DEA0,classic_bike,2026-08-06 08:51:30.629,2026-08-06 08:54:53.204,Hamilton Park,JC009,Manila & 1st,JC082,40.727595966,-74.044247311,40.721650724879986,-74.04288411140442,member
392407ACEB888632,classic_bike,2026-08-06 08:53:07.397,2026-08-06 08:57:38.658,Hudson Pl & Hoboken Terminal,HB107,2 St & Park Ave,HB608,40.73579286776364,-74.02837457573912,40.73915272763701,-74.0330819785595,member
B909EFA6500126F1,classic_bike,2026-08-06 08:53:19.721,2026-08-06 09:01:40.328,South Waterfront Walkway - Sinatra Dr & 1 St,HB103,8 St & Washington St,HB603,40.73698221818716,-74.02778059244156,40.745983882915624,-74.02819901704788,casual
DF02323891E7F55B,classic_bike,2026-08-06 08:53:21.954,2026-08-06 09:00:38.808,River St & 1 St,HB609,12 St & Sinatra Dr N,HB201,40.73721535335381,-74.02886540972803,40.750604142368964,-74.02402013540268,casual
27DD2A6BB8528AC1,classic_bike,2026-08-06 08:58:58.473,2026-08-06 09:04:08.883,Hudson Pl & Hoboken Terminal,HB107,4 St & River St,HB611,40.73579286776364,-74.02837457573912,40.7408139,-74.0274062,member
E7F5996F3DD30241,electric_bike,2026-08-06 09:00:36.484,2026-08-06 09:03:56.021,Grove St PATH,JC115,Washington St & Morgan St,JC149,40.71941,-74.04309,40.719445793042716,-74.03689158686865,casual
4BD8F7CA270531CB,electric_bike,2026-08-06 09:00:56.558,2026-08-06 09:05:31.713,Hamilton Park,JC009,Grove St PATH,JC115,40.727595966,-74.044247311,40.71941,-74.04309,member
2C5840C8363EB8AF,classic_bike,2026-08-06 09:04:26.889,2026-08-06 09:08:57.872,Hudson Pl & Hoboken Terminal,HB107,Stevens - River Ter & 6 St,HB602,40.73579286776364,-74.02837457573912,40.74313282710551,-74.02698867022991,member
46EDF23497832F5D,electric_bike,2026-08-06 09:04:38.718,2026-08-06 09:10:18.538,Hamilton Park,JC009,Washington St,JC098,40.727595966,-74.044247311,40.7242941,-74.0354826,member
A3E71378FE197D72,electric_bike,2026-08-06 09:08:00.583,2026-08-06 09:35:53.404,Grove St PATH,JC115,Grand St & 14 St,HB506,40.71941,-74.04309,40.75409,-74.0316,member
78D9EB2B501B707F,classic_bike,2026-08-06 09:09:42.517,2026-08-06 09:14:15.482,Grove St PATH,JC115,Dixon Mills,JC076,40.71941,-74.04309,40.721630142638354,-74.04996782541275,member
DE3FACFAEF4BC8FD,electric_bike,2026-08-06 09:10:46.052,2026-08-06 09:14:40.890,Hamilton Park,JC009,Newport PATH,JC066,40.727595966,-74.044247311,40.7272235,-74.0337589,member
93E15C5EF82D8B57,electric_bike,2026-08-06 09:15:40.768,2026-08-06 09:33:55.782,Bergen Ave & Sip Ave,JC109,14 St Ferry - 14 St & Shipyard Ln,HB202,40.73100888698729,-74.06443700194359,40.752960630464955,-74.02435272932053,member
CF546A8FE289FFB0,electric_bike,2026-08-06 09:16:01.208,2026-08-06 09:19:19.098,Hamilton Park,JC009,Manila & 1st,JC082,40.727595966,-74.044247311,40.721650724879986,-74.04288411140442,member
C8A98D90C82B1307,electric_bike,2026-08-06 09:16:57.538,2026-08-06 09:27:11.003,Hamilton Park,JC009,Willow Ave & 12 St,HB505,40.727595966,-74.044247311,40.7518674823282,-74.03037697076797,member
47581ED339BEDF2C,classic_bike,2026-08-06 09:18:36.076,2026-08-06 09:27:05.270,South Waterfront Walkway - Sinatra Dr & 1 St,HB103,14 St Ferry - 14 St & Shipyard Ln,HB202,40.73698221818716,-74.02778059244156,40.752960630464955,-74.02435272932053,casual
4D9130623D0C549D,electric_bike,2026-08-06 09:18:38.261,2026-08-06 09:24:10.753,South Waterfront Walkway - Sinatra Dr & 1 St,HB103,14 St Ferry - 14 St & Shipyard Ln,HB202,40.73698221818716,-74.02778059244156,40.752960630464955,-74.02435272932053,member
B2459FBD3F11AB26,electric_bike,2026-08-06 09:20:23.915,2026-08-06 09:24:07.802,River St & 1 St,HB609,8 St & Washington St,HB603,40.73721535335381,-74.02886540972803,40.745983882915624,-74.02819901704788,member
BE652832E4798B40,classic_bike,2026-08-06 09:27:48.955,2026-08-06 09:32:08.798,Grove St PATH,JC115,Hamilton Park,JC009,40.71941,-74.04309,40.727595966,-74.044247311,member
511ACF4EDFB3C6F0,electric_bike,2026-08-06 09:30:11.026,2026-08-06 09:32:44.048,River St & 1 St,HB609,Stevens - River Ter & 6 St,HB602,40.73721535335381,-74.02886540972803,40.74313282710551,-74.02698867022991,member
8F672D318189D89D,classic_bike,2026-08-06 09:30:42.776,2026-08-06 09:35:19.620,Hamilton Park,JC009,Manila & 1st,JC082,40.727595966,-74.044247311,40.721650724879986,-74.04288411140442,member
13C9B6E9F506E865,electric_bike,2026-08-06 09:46:14.333,2026-08-06 09:56:11.879,River St & 1 St,HB609,Grand St & 14 St,HB506,40.73721535335381,-74.02886540972803,40.75409,-74.0316,casual
3B524AD34D5384DD,electric_bike,2026-08-06 09:47:00.421,2026-08-06 09:55:54.532,River St & 1 St,HB609,Grand St & 14 St,HB506,40.73721535335381,-74.02886540972803,40.75409,-74.0316,member
65F6718B01052128,electric_bike,2026-08-06 09:48:26.809,2026-08-06 09:53:59.555,Grove St PATH,JC115,Liberty Light Rail,JC052,40.71941,-74.04309,40.7112423,-74.0557013,member
8E53B32B957B33C1,electric_bike,2026-08-06 09:49:09.331,2026-08-06 09:52:02.368,Bergen Ave & Sip Ave,JC109,Dey St,JC065,40.73100888698729,-74.06443700194359,40.737711,-74.066921,member
1D941AD1F26B7D1E,classic_bike,2026-08-06 10:09:58.704,2026-08-06 10:12:21.566,Hamilton Park,JC009,Jersey & 3rd,JC074,40.727595966,-74.044247311,40.72333158646436,-74.04595255851744,member
3A2D3F37B6402D86,classic_bike,2026-08-06 10:11:34.969,2026-08-06 10:28:21.696,Bergen Ave & Sip Ave,JC109,Adams St & 2 St,HB407,40.73100888698729,-74.06443700194359,40.73981372311843,-74.03690412640572,member
9D0F09962BDD5EFB,electric_bike,2026-08-06 10:14:20.644,2026-08-06 10:26:37.736,Hudson Pl & Hoboken Terminal,HB107,Brunswick & 6th,JC081,40.73579286776364,-74.02837457573912,40.72601172964625,-74.05038893222809,casual
D0B31ED3A72E985D,classic_bike,2026-08-06 10:18:06.648,2026-08-06 10:22:05.853,Grove St PATH,JC115,Marin Light Rail,JC013,40.71941,-74.04309,40.71458403535893,-74.04281705617905,member
E45EE10F876C87B9,electric_bike,2026-08-06 10:30:09.093,2026-08-06 10:32:57.141,Grove St PATH,JC115,Marin Light Rail,JC013,40.71941,-74.04309,40.71458403535893,-74.04281705617905,member
E7B0B99ECAE4BCD0,classic_bike,2026-08-06 10:39:10.443,2026-08-06 10:50:16.675,South Waterfront Walkway - Sinatra Dr & 1 St,HB103,Newport Pkwy,JC008,40.73698221818716,-74.02778059244156,40.7287448,-74.0321082,member
A9BBB1D42D25E3BA,classic_bike,2026-08-06 10:40:33.361,2026-08-06 10:46:03.715,Grove St PATH,JC115,JC Medical Center,JC110,40.71941,-74.04309,40.71539114317,-74.04969155788422,member
0FFA6C3A645965EB,electric_bike,2026-08-06 10:41:00.869,2026-08-06 10:50:25.753,Hudson Pl & Hoboken Terminal,HB107,Adams St & 12 St,HB610,40.73579286776364,-74.02837457573912,40.751889392240685,-74.03329162748534,member
2AC40A00BD01AECB,electric_bike,2026-08-06 10:56:24.793,2026-08-06 11:01:57.957,Hudson Pl & Hoboken Terminal,HB107,11 St & Washington St,HB502,40.73579286776364,-74.02837457573912,40.74998490907138,-74.02715027332306,member
E33CDEEA3CEA10EF,electric_bike,2026-08-06 11:05:01.038,2026-08-06 11:09:27.187,Hamilton Park,JC009,Manila & 1st,JC082,40.727595966,-74.044247311,40.721650724879986,-74.04288411140442,member
2F9099A81D873924,classic_bike,2026-08-06 11:05:40.848,2026-08-06 11:11:45.740,River St & 1 St,HB609,12 St & Sinatra Dr N,HB201,40.73721535335381,-74.02886540972803,40.750604142368964,-74.02402013540268,member
FECB789F5591AB9A,electric_bike,2026-08-06 11:06:54.278,2026-08-06 11:11:07.027,Hudson Pl & Hoboken Terminal,HB107,8 St & Washington St,HB603,40.73579286776364,-74.02837457573912,40.745983882915624,-74.02819901704788,casual
77CDF94F0C0E32BA,electric_bike,2026-08-06 11:09:26.872,2026-08-06 11:16:19.714,River St & 1 St,HB609,Grand St & 14 St,HB506,40.73721535335381,-74.02886540972803,40.75409,-74.0316,member
0AA4245173043F72,electric_bike,2026-08-06 11:16:42.789,2026-08-06 11:24:52.113,River St & 1 St,HB609,9 St HBLR - Jackson St & 8 St,HB305,40.73721535335381,-74.02886540972803,40.74790720968899,-74.03841152787209,casual
5EA3D9EF2D652B2D,electric_bike,2026-08-06 11:18:11.919,2026-08-06 11:23:28.825,River St & 1 St,HB609,6 St & Grand St,HB302,40.73721535335381,-74.02886540972803,40.744397833095604,-74.03450086712837,casual
9183FFB0118FF6D0,classic_bike,2026-08-06 11:21:26.685,2026-08-06 11:25:29.990,Hamilton Park,JC009,Grove St PATH,JC115,40.727595966,-74.044247311,40.71941,-74.04309,member
D1EF53549E5A59C8,classic_bike,2026-08-06 11:23:00.881,2026-08-06 11:32:33.896,South Waterfront Walkway - Sinatra Dr & 1 St,HB103,Church Sq Park - 5 St & Park Ave,HB601,40.73698221818716,-74.02778059244156,40.74265933273143,-74.03223305940628,member
44C7ED2425B3D305,classic_bike,2026-08-06 11:23:37.704,2026-08-06 11:27:06.729,Hudson Pl & Hoboken Terminal,HB107,4 St & River St,HB611,40.73579286776364,-74.02837457573912,40.7408139,-74.0274062,member
B9935221A029CAA6,electric_bike,2026-08-06 11:24:22.132,2026-08-06 11:28:30.122,River St & 1 St,HB609,6 St & Grand St,HB302,40.73721535335381,-74.02886540972803,40.744397833095604,-74.03450086712837,member
5D6C5BF3CD50A1F0,electric_bike,2026-08-06 11:25:20.704,2026-08-06 11:37:14.955,Hamilton Park,JC009,Church Sq Park - 5 St & Park Ave,HB601,40.727595966,-74.044247311,40.74265933273143,-74.03223305940628,member
96EA508FE3529C54,electric_bike,2026-08-06 11:26:07.320,2026-08-06 11:36:27.686,Hudson Pl & Hoboken Terminal,HB107,7 St & Monroe St,HB304,40.73579286776364,-74.02837457573912,40.74641264837719,-74.03797701001167,casual
B83EED550179F5FE,electric_bike,2026-08-06 11:26:36.849,2026-08-06 11:28:52.711,Grove St PATH,JC115,Jersey & 3rd,JC074,40.71941,-74.04309,40.72333158646436,-74.04595255851744,member
93307972715EC89A,classic_bike,2026-08-06 11:30:31.498,2026-08-06 11:36:23.817,Grove St PATH,JC115,Monmouth & 6th,JC075,40.71941,-74.04309,40.72568548362901,-74.04879033565521,member
F4F9EAFDD07DEAF2,electric_bike,2026-08-06 11:36:59.754,2026-08-06 11:46:30.098,River St & 1 St,HB609,11 St & Washington St,HB502,40.73721535335381,-74.02886540972803,40.74998490907138,-74.02715027332306,casual
B2E8DC02E754449E,electric_bike,2026-08-06 11:40:09.936,2026-08-06 11:47:12.460,Hudson Pl & Hoboken Terminal,HB107,Hamilton Park,JC009,40.73579286776364,-74.02837457573912,40.727595966,-74.044247311,member
07FAD3583735A270,electric_bike,2026-08-06 11:43:07.966,2026-08-06 11:56:01.513,Hamilton Park,JC009,7 St & Monroe St,HB304,40.727595966,-74.044247311,40.74641264837719,-74.03797701001167,casual
C7714B9099C5DE93,electric_bike,2026-08-06 11:43:44.299,2026-08-06 12:03:37.416,Hudson Pl & Hoboken Terminal,HB107,Warren St,JC006,40.73579286776364,-74.02837457573912,40.7211236,-74.03805095,casual
AACBC7B23958F062,electric_bike,2026-08-06 11:43:55.107,2026-08-06 11:51:31.611,River St & 1 St,HB609,14 St Ferry - 14 St & Shipyard Ln,HB202,40.73721535335381,-74.02886540972803,40.752960630464955,-74.02435272932053,casual
656D16A19484F554,classic_bike,2026-08-06 11:48:27.417,2026-08-06 11:56:44.742,Grove St PATH,JC115,Newport Pkwy,JC008,40.71941,-74.04309,40.7287448,-74.0321082,member
84E8EDB505EFDCC8,electric_bike,2026-08-06 11:51:42.545,2026-08-06 12:03:47.521,Bergen Ave & Sip Ave,JC109,Hamilton Park,JC009,40.73100888698729,-74.06443700194359,40.727595966,-74.044247311,member
DE0A31AAEBE24864,electric_bike,2026-08-06 11:56:27.860,2026-08-06 12:03:33.926,Hudson Pl & Hoboken Terminal,HB107,Hoboken Ave at Monmouth St,JC105,40.73579286776364,-74.02837457573912,40.73520838045357,-74.04696375131607,member
9DD6C8148658B6E6,electric_bike,2026-08-06 11:59:01.517,2026-08-06 12:05:30.576,River St & 1 St,HB609,9 St HBLR - Jackson St & 8 St,HB305,40.73721535335381,-74.02886540972803,40.74790720968899,-74.03841152787209,member
D8E13C20E7BE8489,electric_bike,2026-08-06 11:59:22.477,2026-08-06 12:02:54.562,Grove St PATH,JC115,Hamilton Park,JC009,40.71941,-74.04309,40.727595966,-74.044247311,member
5A78532436E9F3A5,electric_bike,2026-08-06 12:00:43.415,2026-08-06 12:05:52.764,Hudson Pl & Hoboken Terminal,HB107,14 St Ferry - 14 St & Shipyard Ln,HB202,40.73579286776364,-74.02837457573912,40.752960630464955,-74.02435272932053,member
CA492228C1C92541,electric_bike,2026-08-06 12:01:45.109,2026-08-06 12:07:43.837,Grove St PATH,JC115,Washington St,JC098,40.71941,-74.04309,40.7242941,-74.0354826,casual
844A0B19A904A9CB,electric_bike,2026-08-06 12:05:06.704,2026-08-06 12:08:51.423,South Waterfront Walkway - Sinatra Dr & 1 St,HB103,4 St & Grand St,HB301,40.73698221818716,-74.02778059244156,40.7422579775645,-74.03511106967926,member
8E8A2AA9BE7E2606,electric_bike,2026-08-06 12:08:11.473,2026-08-06 12:21:14.123,Hamilton Park,JC009,Baldwin at Montgomery,JC020,40.727595966,-74.044247311,40.7236589,-74.0641943,casual
9B49E95DB1E6FABE,electric_bike,2026-08-06 12:08:34.680,2026-08-06 12:12:47.560,Bergen Ave & Sip Ave,JC109,Baldwin at Montgomery,JC020,40.73100888698729,-74.06443700194359,40.7236589,-74.0641943,member
D66E86B4B4950A75,electric_bike,2026-08-06 12:10:37.315,2026-08-06 12:36:40.697,River St & 1 St,HB609,Newport PATH,JC066,40.73721535335381,-74.02886540972803,40.7272235,-74.0337589,member
F87702A1E433E3E0,classic_bike,2026-08-06 12:15:41.435,2026-08-06 12:38:24.570,Grove St PATH,JC115,Arlington Ave & Wilkinson Ave,JC127,40.71941,-74.04309,40.704503,-74.07721,casual
1D425FD6EFBC1B7F,classic_bike,2026-08-06 12:16:44.912,2026-08-06 12:38:23.065,Grove St PATH,JC115,Arlington Ave & Wilkinson Ave,JC127,40.71941,-74.04309,40.704503,-74.07721,member
412CAEF700D752A9,electric_bike,2026-08-06 12:18:06.241,2026-08-06 12:22:19.917,Hamilton Park,JC009,Washington St & Morgan St,JC149,40.727595966,-74.044247311,40.719445793042716,-74.03689158686865,member
5E043F9DABBF8998,electric_bike,2026-08-06 12:20:37.697,2026-08-06 12:26:17.132,Hudson Pl & Hoboken Terminal,HB107,12 St & Sinatra Dr N,HB201,40.73579286776364,-74.02837457573912,40.750604142368964,-74.02402013540268,casual
E350F906B9893A12,electric_bike,2026-08-06 12:36:06.894,2026-08-06 12:41:28.143,South Waterfront Walkway - Sinatra Dr & 1 St,HB103,Church Sq Park - 5 St & Park Ave,HB601,40.73698221818716,-74.02778059244156,40.74265933273143,-74.03223305940628,casual
96AD133F232F6EA1,electric_bike,2026-08-06 12:38:24.388,2026-08-06 12:47:42.896,South Waterfront Walkway - Sinatra Dr & 1 St,HB103,Columbus Park - Clinton St & 9 St,HB501,40.73698221818716,-74.02778059244156,40.74816121065146,-74.0324530005455,casual
E2100485B7640E3D,electric_bike,2026-08-06 12:41:21.253,2026-08-06 12:44:08.120,Hudson Pl & Hoboken Terminal,HB107,Stevens - River Ter & 6 St,HB602,40.73579286776364,-74.02837457573912,40.74313282710551,-74.02698867022991,member
EC446773B50DA788,classic_bike,2026-08-06 12:41:22.228,2026-08-06 12:49:47.923,South Waterfront Walkway - Sinatra Dr & 1 St,HB103,Newport PATH,JC066,40.73698221818716,-74.02778059244156,40.7272235,-74.0337589,member
B631C28E0543124B,classic_bike,2026-08-06 12:49:08.178,2026-08-06 13:02:58.171,South Waterfront Walkway - Sinatra Dr & 1 St,HB103,South Waterfront Walkway - Sinatra Dr & 1 St,HB103,40.73698221818716,-74.02778059244156,40.73698221818716,-74.02778059244156,casual
DFCFB38FB0B24F53,electric_bike,2026-08-06 12:51:29.381,2026-08-06 12:58:48.490,Hamilton Park,JC009,Washington St & Morgan St,JC149,40.727595966,-74.044247311,40.719445793042716,-74.03689158686865,member
F325759F22093DA8,electric_bike,2026-08-06 12:58:16.736,2026-08-06 13:02:19.382,River St & 1 St,HB609,12 St & Sinatra Dr N,HB201,40.73721535335381,-74.02886540972803,40.750604142368964,-74.02402013540268,casual
509EF97155223849,electric_bike,2026-08-06 12:58:57.399,2026-08-06 13:03:22.045,River St & 1 St,HB609,11 St & Washington St,HB502,40.73721535335381,-74.02886540972803,40.74998490907138,-74.02715027332306,casual
27D6268357881053,electric_bike,2026-08-06 13:00:41.424,2026-08-06 13:10:18.292,Bergen Ave & Sip Ave,JC109,Carteret Ave & Arlington Ave,JC123,40.73100888698729,-74.06443700194359,40.709142,-74.074553,casual
8E329645D6405FCF,electric_bike,2026-08-06 13:00:49.449,2026-08-06 13:07:16.061,Hamilton Park,JC009,Van Vorst Park,JC035,40.727595966,-74.044247311,40.71848892,-74.047726625,casual
7E9FC1066AF37483,electric_bike,2026-08-06 13:04:36.898,2026-08-06 13:23:42.345,Hamilton Park,JC009,Hamilton Park,JC009,40.727595966,-74.044247311,40.727595966,-74.044247311,casual
8496AC5887D663BE,classic_bike,2026-08-06 13:05:12.053,2026-08-06 13:08:17.478,Bergen Ave & Sip Ave,JC109,McGinley Square,JC055,40.73100888698729,-74.06443700194359,40.7253399253558,-74.06762212514877,member
E5820EDE255E0CDA,classic_bike,2026-08-06 13:09:42.735,2026-08-06 13:20:49.323,River St & 1 St,HB609,Willow Ave & 12 St,HB505,40.73721535335381,-74.02886540972803,40.7518674823282,-74.03037697076797,member
87E6758FD2B34FC8,classic_bike,2026-08-06 13:11:00.498,2026-08-06 13:12:53.410,Grove St PATH,JC115,City Hall,JC003,40.71941,-74.04309,40.7177325,-74.043845,member
69367B2A65E08654,electric_bike,2026-08-06 13:11:06.343,2026-08-06 13:15:29.067,Hudson Pl & Hoboken Terminal,HB107,11 St & Washington St,HB502,40.73579286776364,-74.02837457573912,40.74998490907138,-74.02715027332306,member
72B0E786BAC5AE4E,electric_bike,2026-08-06 13:11:12.375,2026-08-06 13:14:18.989,Grove St PATH,JC115,JC Medical Center,JC110,40.71941,-74.04309,40.71539114317,-74.04969155788422,member
95EFCF1039C9614A,electric_bike,2026-08-06 13:11:12.978,2026-08-06 13:23:10.199,Hudson Pl & Hoboken Terminal,HB107,Church Sq Park - 5 St & Park Ave,HB601,40.73579286776364,-74.02837457573912,40.74265933273143,-74.03223305940628,member
C1E1A88F53E1C9FE,classic_bike,2026-08-06 13:11:49.364,2026-08-06 13:14:36.456,Grove St PATH,JC115,Marin Light Rail,JC013,40.71941,-74.04309,40.71458403535893,-74.04281705617905,member
33F76D69B1FE0D01,electric_bike,2026-08-06 13:14:17.925,2026-08-06 13:25:47.406,South Waterfront Walkway - Sinatra Dr & 1 St,HB103,Newport Pkwy,JC008,40.73698221818716,-74.02778059244156,40.7287448,-74.0321082,casual
91E51CC104E8EDC2,classic_bike,2026-08-06 13:19:34.531,2026-08-06 13:47:36.936,Grove St PATH,JC115,Grove St PATH,JC115,40.71941,-74.04309,40.71941,-74.04309,casual
18B2B5255B70675F,classic_bike,2026-08-06 13:23:12.610,2026-08-06 13:26:15.151,Grove St PATH,JC115,Van Vorst Park,JC035,40.71941,-74.04309,40.71848892,-74.047726625,member
0F1344B2400DF83A,electric_bike,2026-08-06 13:24:26.308,2026-08-06 13:26:46.657,River St & 1 St,HB609,Stevens - River Ter & 6 St,HB602,40.73721535335381,-74.02886540972803,40.74313282710551,-74.02698867022991,member
0CE228BB5C6CC75D,electric_bike,2026-08-06 13:26:53.690,2026-08-06 13:31:07.655,Hamilton Park,JC009,Van Vorst Park,JC035,40.727595966,-74.044247311,40.71848892,-74.047726625,member
1D897BF7A517E8BB,electric_bike,2026-08-06 13:27:36.659,2026-08-06 13:32:38.073,South Waterfront Walkway - Sinatra Dr & 1 St,HB103,12 St & Sinatra Dr N,HB201,40.73698221818716,-74.02778059244156,40.750604142368964,-74.02402013540268,member
FF32AE75971F817B,electric_bike,2026-08-06 13:27:40.472,2026-08-06 13:32:05.586,Hudson Pl & Hoboken Terminal,HB107,Madison St & 1 St,HB402,40.73579286776364,-74.02837457573912,40.73879,-74.0393,member
FB938C78F9F134CA,electric_bike,2026-08-06 13:27:49.085,2026-08-06 13:31:47.853,River St & 1 St,HB609,8 St & Washington St,HB603,40.73721535335381,-74.02886540972803,40.745983882915624,-74.02819901704788,member
8C4D8227774A8D5D,electric_bike,2026-08-06 13:29:19.658,2026-08-06 13:33:29.052,River St & 1 St,HB609,Columbus Park - Clinton St & 9 St,HB501,40.73721535335381,-74.02886540972803,40.74816121065146,-74.0324530005455,member
43AC4E229895E6E8,classic_bike,2026-08-06 13:33:24.337,2026-08-06 13:46:44.567,Hamilton Park,JC009,Lafayette Park,JC078,40.727595966,-74.044247311,40.71346382669195,-74.06285852193832,member
275A39B9CC1A1D99,electric_bike,2026-08-06 13:33:41.420,2026-08-06 13:42:33.587,South Waterfront Walkway - Sinatra Dr & 1 St,HB103,Washington St & Morgan St,JC149,40.73698221818716,-74.02778059244156,40.719445793042716,-74.03689158686865,member
B1C3889F169C9F78,classic_bike,2026-08-06 13:41:26.053,2026-08-06 13:46:55.055,River St & 1 St,HB609,12 St & Sinatra Dr N,HB201,40.73721535335381,-74.02886540972803,40.750604142368964,-74.02402013540268,casual
F516D7AAA6225A3D,electric_bike,2026-08-06 13:49:08.656,2026-08-06 14:21:34.232,River St & 1 St,HB609,Danforth Light Rail,JC139,40.73721535335381,-74.02886540972803,40.69277,-74.0878,member
2AEA7E3421B63E90,electric_bike,2026-08-06 13:56:30.081,2026-08-06 14:01:03.636,South Waterfront Walkway - Sinatra Dr & 1 St,HB103,4 St & Grand St,HB301,40.73698221818716,-74.02778059244156,40.7422579775645,-74.03511106967926,member
9F9C1BC02E639F03,classic_bike,2026-08-06 14:00:47.537,2026-08-06 14:02:39.776,Bergen Ave & Sip Ave,JC109,Journal Square,JC103,40.73100888698729,-74.06443700194359,40.73367,-74.0625,member
0A02785B9704C227,classic_bike,2026-08-06 14:04:27.499,2026-08-06 14:10:47.238,River St & 1 St,HB609,8 St & Washington St,HB603,40.73721535335381,-74.02886540972803,40.745983882915624,-74.02819901704788,casual
BEF7A0740D0E6119,classic_bike,2026-08-06 14:06:54.863,2026-08-06 14:08:58.972,Bergen Ave & Sip Ave,JC109,Journal Square,JC103,40.73100888698729,-74.06443700194359,40.73367,-74.0625,member
B15B79594ECF8C78,electric_bike,2026-08-06 14:08:56.850,2026-08-06 14:12:47.357,Bergen Ave & Sip Ave,JC109,Fairmount Ave,JC093,40.73100888698729,-74.06443700194359,40.72572613742557,-74.07195925712585,member
87DAF827EA7DD94B,electric_bike,2026-08-06 14:09:26.923,2026-08-06 14:16:37.025,River St & 1 St,HB609,11 St & Washington St,HB502,40.73721535335381,-74.02886540972803,40.74998490907138,-74.02715027332306,member
CBE370C245340EC7,electric_bike,2026-08-06 14:10:11.868,2026-08-06 14:13:02.809,River St & 1 St,HB609,4 St & Grand St,HB301,40.73721535335381,-74.02886540972803,40.7422579775645,-74.03511106967926,member
1B4EC1BC21148771,electric_bike,2026-08-06 14:12:38.794,2026-08-06 14:16:13.382,Grove St PATH,JC115,Van Vorst Park,JC035,40.71941,-74.04309,40.71848892,-74.047726625,casual
1687ADE26F4EE05A,electric_bike,2026-08-06 14:12:55.765,2026-08-06 14:18:22.950,Hamilton Park,JC009,Washington St & Morgan St,JC149,40.727595966,-74.044247311,40.719445793042716,-74.03689158686865,member
9791A0E2DB37892E,electric_bike,2026-08-06 14:13:15.800,2026-08-06 14:21:10.219,River St & 1 St,HB609,Bloomfield St & 15 St,HB203,40.73721535335381,-74.02886540972803,40.75453,-74.02658,casual
F7222889BBDA3B25,classic_bike,2026-08-06 14:13:45.535,2026-08-06 14:19:23.350,Bergen Ave & Sip Ave,JC109,Glenwood Ave,JC094,40.73100888698729,-74.06443700194359,40.72755146730012,-74.07106071710587,member
5B7BEB31731B9B85,electric_bike,2026-08-06 14:14:05.144,2026-08-06 14:24:28.533,Grove St PATH,JC115,Pershing Field,JC024,40.71941,-74.04309,40.742677141,-74.051788633,member
1702A09F66FECB8B,electric_bike,2026-08-06 14:18:30.929,2026-08-06 14:31:32.034,Hamilton Park,JC009,Jackson Square,JC063,40.727595966,-74.044247311,40.71113,-74.0789,casual
472DE26668BBD3F2,electric_bike,2026-08-06 14:23:25.604,2026-08-06 14:26:43.715,South Waterfront Walkway - Sinatra Dr & 1 St,HB103,4 St & Grand St,HB301,40.73698221818716,-74.02778059244156,40.7422579775645,-74.03511106967926,member
DB92D444FDA1148D,electric_bike,2026-08-06 14:28:27.196,2026-08-06 14:31:20.566,Grove St PATH,JC115,Dixon Mills,JC076,40.71941,-74.04309,40.721630142638354,-74.04996782541275,member
D45516C535D4684C,classic_bike,2026-08-06 14:28:49.128,2026-08-06 14:30:14.629,Hamilton Park,JC009,Jersey & 6th St,JC027,40.727595966,-74.044247311,40.72528910781132,-74.04557168483734,member
D23AE15C94D1BD6D,classic_bike,2026-08-06 14:31:59.406,2026-08-06 14:38:04.798,Hamilton Park,JC009,City Hall,JC003,40.727595966,-74.044247311,40.7177325,-74.043845,member
3E49A63564D9F51D,electric_bike,2026-08-06 14:32:08.285,2026-08-06 14:39:09.591,Hamilton Park,JC009,Newport Pkwy,JC008,40.727595966,-74.044247311,40.7287448,-74.0321082,member
F49047FAAABDF676,electric_bike,2026-08-06 14:37:30.742,2026-08-06 14:43:04.892,Hudson Pl & Hoboken Terminal,HB107,12 St & Sinatra Dr N,HB201,40.73579286776364,-74.02837457573912,40.750604142368964,-74.02402013540268,casual
7C0083B370A6A442,electric_bike,2026-08-06 14:39:47.344,2026-08-06 14:42:49.417,River St & 1 St,HB609,Madison St & 1 St,HB402,40.73721535335381,-74.02886540972803,40.73879,-74.0393,casual
595D705271BCFB28,electric_bike,2026-08-06 14:40:30.730,2026-08-06 14:44:16.628,Bergen Ave & Sip Ave,JC109,Glenwood Ave,JC094,40.73100888698729,-74.06443700194359,40.72755146730012,-74.07106071710587,member
0F73ECEFC96B02EA,classic_bike,2026-08-06 14:46:11.763,2026-08-06 14:51:42.304,Hamilton Park,JC009,Newport Pkwy,JC008,40.727595966,-74.044247311,40.7287448,-74.0321082,member
EC73FB59DEF6BFF2,electric_bike,2026-08-06 14:57:17.309,2026-08-06 15:00:35.183,Bergen Ave & Sip Ave,JC109,Baldwin at Montgomery,JC020,40.73100888698729,-74.06443700194359,40.7236589,-74.0641943,member
B37BF6D3F231B17C,electric_bike,2026-08-06 14:57:34.433,2026-08-06 15:00:23.792,Bergen Ave & Sip Ave,JC109,Baldwin at Montgomery,JC020,40.73100888698729,-74.06443700194359,40.7236589,-74.0641943,member
D28DCAEF598BC0AF,classic_bike,2026-08-06 15:04:33.036,2026-08-06 15:08:14.728,Grove St PATH,JC115,Warren St,JC006,40.71941,-74.04309,40.7211236,-74.03805095,member
F8EE57AD150A3EEE,classic_bike,2026-08-06 15:06:43.272,2026-08-06 15:33:10.580,Bergen Ave & Sip Ave,JC109,Glenwood Ave,JC094,40.73100888698729,-74.06443700194359,40.72755146730012,-74.07106071710587,member
BCB2A195893C4AD1,electric_bike,2026-08-06 15:08:17.414,2026-08-06 15:12:41.574,South Waterfront Walkway - Sinatra Dr & 1 St,HB103,Columbus Park - Clinton St & 9 St,HB501,40.73698221818716,-74.02778059244156,40.74816121065146,-74.0324530005455,member
689489AC0B36B3EE,electric_bike,2026-08-06 15:10:45.724,2026-08-06 15:16:43.819,Hudson Pl & Hoboken Terminal,HB107,8 St & Washington St,HB603,40.73579286776364,-74.02837457573912,40.745983882915624,-74.02819901704788,member
AC27F031A23015DB,classic_bike,2026-08-06 15:11:26.566,2026-08-06 15:13:56.157,Hamilton Park,JC009,Jersey & 3rd,JC074,40.727595966,-74.044247311,40.72333158646436,-74.04595255851744,member
28EEFE6168536492,electric_bike,2026-08-06 15:11:28.063,2026-08-06 15:15:58.234,River St & 1 St,HB609,12 St & Sinatra Dr N,HB201,40.73721535335381,-74.02886540972803,40.750604142368964,-74.02402013540268,casual
4BE00A32300C6C8F,electric_bike,2026-08-06 15:13:07.110,2026-08-06 15:16:25.997,Bergen Ave & Sip Ave,JC109,Fairmount Ave,JC093,40.73100888698729,-74.06443700194359,40.72572613742557,-74.07195925712585,member
786596E25784C0E1,classic_bike,2026-08-06 15:13:59.044,2026-08-06 15:18:04.771,Grove St PATH,JC115,JC Medical Center,JC110,40.71941,-74.04309,40.71539114317,-74.04969155788422,member
50A6A195A2AB82D4,classic_bike,2026-08-06 15:17:30.630,2026-08-06 15:24:14.849,South Waterfront Walkway - Sinatra Dr & 1 St,HB103,14 St Ferry - 14 St & Shipyard Ln,HB202,40.73698221818716,-74.02778059244156,40.752960630464955,-74.02435272932053,member
6CBFF515BC6DAB52,classic_bike,2026-08-06 15:18:30.143,2026-08-06 15:28:02.686,Grove St PATH,JC115,Pacific Ave & Communipaw Ave,JC118,40.71941,-74.04309,40.711354,-74.062446,member
F6B4D6846ECF9463,electric_bike,2026-08-06 15:19:05.403,2026-08-06 15:25:53.065,Hudson Pl & Hoboken Terminal,HB107,Willow Ave & 12 St,HB505,40.73579286776364,-74.02837457573912,40.7518674823282,-74.03037697076797,member
BC95C57CF9A60679,electric_bike,2026-08-06 15:20:50.145,2026-08-06 15:34:04.737,Hudson Pl & Hoboken Terminal,HB107,Jersey & 3rd,JC074,40.73579286776364,-74.02837457573912,40.72333158646436,-74.04595255851744,casual
2499022830E40C7C,classic_bike,2026-08-06 15:23:55.697,2026-08-06 15:29:37.952,Grove St PATH,JC115,Monmouth & 6th,JC075,40.71941,-74.04309,40.72568548362901,-74.04879033565521,member
4CA1FC7910CCD7E2,classic_bike,2026-08-06 15:25:15.542,2026-08-06 15:28:18.623,Grove St PATH,JC115,Van Vorst Park,JC035,40.71941,-74.04309,40.71848892,-74.047726625,casual
01126C57647DB548,classic_bike,2026-08-06 15:27:24.297,2026-08-06 15:30:32.645,Grove St PATH,JC115,Montgomery St,JC099,40.71941,-74.04309,40.71942,-74.05099,member
23378101AAFA6827,electric_bike,2026-08-06 15:38:52.997,2026-08-06 15:43:38.920,River St & 1 St,HB609,Marshall St & 2 St,HB408,40.73721535335381,-74.02886540972803,40.740802,-74.042521,casual
C3757B2F27ADF8E9,electric_bike,2026-08-06 15:40:58.616,2026-08-06 15:46:56.860,Hudson Pl & Hoboken Terminal,HB107,Marshall St & 2 St,HB408,40.73579286776364,-74.02837457573912,40.740802,-74.042521,member
C825D93EF9E03EFD,electric_bike,2026-08-06 15:41:09.473,2026-08-06 15:46:05.848,Hudson Pl & Hoboken Terminal,HB107,Church Sq Park - 5 St & Park Ave,HB601,40.73579286776364,-74.02837457573912,40.74265933273143,-74.03223305940628,member
479191A40D3F1D26,electric_bike,2026-08-06 15:45:39.747,2026-08-06 15:54:58.655,Hamilton Park,JC009,Oakland Ave,JC022,40.727595966,-74.044247311,40.7376037,-74.0524783,member
B8BC566BCF21BC1E,classic_bike,2026-08-06 15:46:59.064,2026-08-06 15:51:06.694,Grove St PATH,JC115,Dixon Mills,JC076,40.71941,-74.04309,40.721630142638354,-74.04996782541275,member
DC49816B91A795C3,electric_bike,2026-08-06 15:47:34.607,2026-08-06 15:50:43.992,Bergen Ave & Sip Ave,JC109,Glenwood Ave,JC094,40.73100888698729,-74.06443700194359,40.72755146730012,-74.07106071710587,casual
80B491AD9D96E206,classic_bike,2026-08-06 15:48:47.857,2026-08-06 15:52:09.463,Hudson Pl & Hoboken Terminal,HB107,4 St & River St,HB611,40.73579286776364,-74.02837457573912,40.7408139,-74.0274062,member
C83757682095958C,electric_bike,2026-08-06 15:51:00.828,2026-08-06 15:55:28.576,River St & 1 St,HB609,Clinton St & 7 St,HB303,40.73721535335381,-74.02886540972803,40.74542,-74.03332,member
ED53693EFE2D0692,electric_bike,2026-08-06 15:51:59.804,2026-08-06 15:59:01.800,South Waterfront Walkway - Sinatra Dr & 1 St,HB103,4 St & River St,HB611,40.73698221818716,-74.02778059244156,40.7408139,-74.0274062,casual
A86CAA51344EE1A7,electric_bike,2026-08-06 15:57:26.270,2026-08-06 15:59:55.888,Grove St PATH,JC115,Van Vorst Park,JC035,40.71941,-74.04309,40.71848892,-74.047726625,member
69E1B2138CB82B32,electric_bike,2026-08-06 15:58:55.524,2026-08-06 16:04:37.146,Hudson Pl & Hoboken Terminal,HB107,12 St & Sinatra Dr N,HB201,40.73579286776364,-74.02837457573912,40.750604142368964,-74.02402013540268,member
E7B975DBA33A546A,electric_bike,2026-08-06 15:59:05.293,2026-08-06 16:02:02.667,Bergen Ave & Sip Ave,JC109,Baldwin at Montgomery,JC020,40.73100888698729,-74.06443700194359,40.7236589,-74.0641943,member
D6E29615ADCF4A92,electric_bike,2026-08-06 15:59:59.115,2026-08-06 16:05:22.321,Hudson Pl & Hoboken Terminal,HB107,Columbus Park - Clinton St & 9 St,HB501,40.73579286776364,-74.02837457573912,40.74816121065146,-74.0324530005455,member
A352D64DBF356F3B,electric_bike,2026-08-06 16:01:01.948,2026-08-06 16:25:05.036,South Waterfront Walkway - Sinatra Dr & 1 St,HB103,South Waterfront Walkway - Sinatra Dr & 1 St,HB103,40.73698221818716,-74.02778059244156,40.73698221818716,-74.02778059244156,casual
35D2457FA5911828,electric_bike,2026-08-06 16:02:13.578,2026-08-06 16:07:47.463,River St & 1 St,HB609,Stevens - River Ter & 6 St,HB602,40.73721535335381,-74.02886540972803,40.74313282710551,-74.02698867022991,casual
378DC78156167DCB,electric_bike,2026-08-06 16:02:20.279,2026-08-06 16:26:31.276,South Waterfront Walkway - Sinatra Dr & 1 St,HB103,South Waterfront Walkway - Sinatra Dr & 1 St,HB103,40.73698221818716,-74.02778059244156,40.73698221818716,-74.02778059244156,casual
16DB8C03F0E0761F,electric_bike,2026-08-06 16:02:53.997,2026-08-06 16:10:34.459,Hudson Pl & Hoboken Terminal,HB107,7 St & Monroe St,HB304,40.73579286776364,-74.02837457573912,40.74641264837719,-74.03797701001167,member
272ACA1694A9EB14,electric_bike,2026-08-06 16:03:25.232,2026-08-06 16:13:24.888,River St & 1 St,HB609,Clinton St & 7 St,HB303,40.73721535335381,-74.02886540972803,40.74542,-74.03332,casual
55A55FD7502BBAE6,electric_bike,2026-08-06 16:03:26.456,2026-08-06 16:10:55.523,Hudson Pl & Hoboken Terminal,HB107,14 St Ferry - 14 St & Shipyard Ln,HB202,40.73579286776364,-74.02837457573912,40.752960630464955,-74.02435272932053,member
C6FDF46C69C04A8F,classic_bike,2026-08-06 16:03:28.793,2026-08-06 16:12:16.408,Hudson Pl & Hoboken Terminal,HB107,Newport Pkwy,JC008,40.73579286776364,-74.02837457573912,40.7287448,-74.0321082,member
AD64774BAC5B5486,electric_bike,2026-08-06 16:04:30.917,2026-08-06 16:23:11.852,Hamilton Park,JC009,Hamilton Park,JC009,40.727595966,-74.044247311,40.727595966,-74.044247311,member
BC579D4884FF56E3,electric_bike,2026-08-06 16:05:19.137,2026-08-06 16:20:18.344,Bergen Ave & Sip Ave,JC109,Mallory Ave & Roosevelt Ave,JC145,40.73100888698729,-74.06443700194359,40.72203,-74.08596,member
8208D92027C6EBC3,classic_bike,2026-08-06 16:05:28.083,2026-08-06 16:11:56.861,South Waterfront Walkway - Sinatra Dr & 1 St,HB103,12 St & Sinatra Dr N,HB201,40.73698221818716,-74.02778059244156,40.750604142368964,-74.02402013540268,member
5018405DF3B5C453,classic_bike,2026-08-06 16:05:29.540,2026-08-06 16:10:19.789,Hamilton Park,JC009,Grove St PATH,JC115,40.727595966,-74.044247311,40.71941,-74.04309,member
CEDD28AC4CE599AC,electric_bike,2026-08-06 16:09:14.950,2026-08-06 16:14:18.636,Hudson Pl & Hoboken Terminal,HB107,14 St Ferry - 14 St & Shipyard Ln,HB202,40.73579286776364,-74.02837457573912,40.752960630464955,-74.02435272932053,member
D031F9CB154F9F44,classic_bike,2026-08-06 16:09:28.197,2026-08-06 16:12:48.890,Hudson Pl & Hoboken Terminal,HB107,4 St & River St,HB611,40.73579286776364,-74.02837457573912,40.7408139,-74.0274062,member
333531450CBD728B,classic_bike,2026-08-06 16:09:50.729,2026-08-06 16:20:46.026,Hudson Pl & Hoboken Terminal,HB107,12 St & Sinatra Dr N,HB201,40.73579286776364,-74.02837457573912,40.750604142368964,-74.02402013540268,casual
3B87658121067115,classic_bike,2026-08-06 16:09:53.105,2026-08-06 16:14:40.257,Grove St PATH,JC115,Dixon Mills,JC076,40.71941,-74.04309,40.721630142638354,-74.04996782541275,member
890C28E9CC1EEAC2,electric_bike,2026-08-06 16:11:24.927,2026-08-06 16:16:39.801,River St & 1 St,HB609,11 St & Washington St,HB502,40.73721535335381,-74.02886540972803,40.74998490907138,-74.02715027332306,casual
0133255F2CE3771D,electric_bike,2026-08-06 16:14:13.845,2026-08-06 16:17:41.298,Grove St PATH,JC115,Marin Light Rail,JC013,40.71941,-74.04309,40.71458403535893,-74.04281705617905,member
BEA6D705BFA56EEF,electric_bike,2026-08-06 16:16:32.154,2026-08-06 16:21:00.599,Grove St PATH,JC115,JC Medical Center,JC110,40.71941,-74.04309,40.71539114317,-74.04969155788422,casual
165083A24808BAB9,electric_bike,2026-08-06 16:17:11.863,2026-08-06 16:19:44.220,Grove St PATH,JC115,Marin Light Rail,JC013,40.71941,-74.04309,40.71458403535893,-74.04281705617905,member
21EEFA062DF7BB6D,electric_bike,2026-08-06 16:17:42.580,2026-08-06 16:23:29.544,Hudson Pl & Hoboken Terminal,HB107,14 St Ferry - 14 St & Shipyard Ln,HB202,40.73579286776364,-74.02837457573912,40.752960630464955,-74.02435272932053,casual
45492D4302231A1F,electric_bike,2026-08-06 16:18:25.736,2026-08-06 16:22:02.248,Bergen Ave & Sip Ave,JC109,McGinley Square,JC055,40.73100888698729,-74.06443700194359,40.7253399253558,-74.06762212514877,member
63C9D9072E359034,electric_bike,2026-08-06 16:19:36.548,2026-08-06 16:25:35.602,River St & 1 St,HB609,Columbus Park - Clinton St & 9 St,HB501,40.73721535335381,-74.02886540972803,40.74816121065146,-74.0324530005455,member
37F912FA6A7AAC0B,electric_bike,2026-08-06 16:21:17.418,2026-08-06 16:25:04.620,River St & 1 St,HB609,Madison St & 1 St,HB402,40.73721535335381,-74.02886540972803,40.73879,-74.0393,casual
5A9572CCF667AEA3,electric_bike,2026-08-06 16:21:53.443,2026-08-06 16:37:47.705,Bergen Ave & Sip Ave,JC109,Columbus Drive,JC014,40.73100888698729,-74.06443700194359,40.71835519823214,-74.03891444206238,member
A56E1CEE18D5EF6A,classic_bike,2026-08-06 16:22:27.880,2026-08-06 16:28:17.456,Grove St PATH,JC115,Hamilton Park,JC009,40.71941,-74.04309,40.727595966,-74.044247311,member
F4499ADAA75F5D5A,classic_bike,2026-08-06 16:23:17.267,2026-08-06 16:31:46.954,River St & 1 St,HB609,Mama Johnson Field - 4 St & Jackson St,HB404,40.73721535335381,-74.02886540972803,40.74313993965626,-74.04004096984863,casual
7136D6FDB94011DE,classic_bike,2026-08-06 16:25:57.613,2026-08-06 16:37:43.406,Grove St PATH,JC115,Fairmount Ave,JC093,40.71941,-74.04309,40.72572613742557,-74.07195925712585,member
37FE32259797E030,electric_bike,2026-08-06 16:26:02.651,2026-08-06 17:02:32.986,Hudson Pl & Hoboken Terminal,HB107,South Waterfront Walkway - Sinatra Dr & 1 St,HB103,40.73579286776364,-74.02837457573912,40.73698221818716,-74.02778059244156,member
0D63E0BA55A5451F,electric_bike,2026-08-06 16:28:02.088,2026-08-06 16:31:59.431,Grove St PATH,JC115,Brunswick St,JC023,40.71941,-74.04309,40.7241765,-74.0506564,casual
272DD11CB67DBEEC,electric_bike,2026-08-06 16:29:24.269,2026-08-06 16:43:15.687,Hamilton Park,JC009,14 St Ferry - 14 St & Shipyard Ln,HB202,40.727595966,-74.044247311,40.752960630464955,-74.02435272932053,member
EB01EE61F45D9ABD,classic_bike,2026-08-06 16:30:37.641,2026-08-06 16:33:16.386,River St & 1 St,HB609,Clinton St & Newark St,HB409,40.73721535335381,-74.02886540972803,40.73743,-74.03571,member
5031DD10090AD517,electric_bike,2026-08-06 16:30:53.686,2026-08-06 16:38:18.139,Hamilton Park,JC009,Washington St & Morgan St,JC149,40.727595966,-74.044247311,40.719445793042716,-74.03689158686865,casual
0160EDEBE3DC001E,electric_bike,2026-08-06 16:32:00.915,2026-08-06 16:41:52.268,South Waterfront Walkway - Sinatra Dr & 1 St,HB103,11 St & Washington St,HB502,40.73698221818716,-74.02778059244156,40.74998490907138,-74.02715027332306,casual
A742EEAEAFB68394,electric_bike,2026-08-06 16:32:22.818,2026-08-06 16:36:15.818,Hudson Pl & Hoboken Terminal,HB107,Stevens - River Ter & 6 St,HB602,40.73579286776364,-74.02837457573912,40.74313282710551,-74.02698867022991,casual
500463717C10380F,electric_bike,2026-08-06 16:33:02.627,2026-08-06 16:36:54.223,River St & 1 St,HB609,Marshall St & 2 St,HB408,40.73721535335381,-74.02886540972803,40.740802,-74.042521,member
9E93C164D73B1CBA,classic_bike,2026-08-06 16:35:22.615,2026-08-06 16:42:22.541,Hudson Pl & Hoboken Terminal,HB107,12 St & Sinatra Dr N,HB201,40.73579286776364,-74.02837457573912,40.750604142368964,-74.02402013540268,member
B5E5C2C087584F89,electric_bike,2026-08-06 16:37:07.214,2026-08-06 16:43:17.825,River St & 1 St,HB609,7 St & Monroe St,HB304,40.73721535335381,-74.02886540972803,40.74641264837719,-74.03797701001167,member
C542E88BF9283376,electric_bike,2026-08-06 16:37:07.594,2026-08-06 16:41:38.772,Hudson Pl & Hoboken Terminal,HB107,Madison St & 1 St,HB402,40.73579286776364,-74.02837457573912,40.73879,-74.0393,member
D1A19821A670A0D8,classic_bike,2026-08-06 16:37:18.748,2026-08-06 16:44:25.506,Grove St PATH,JC115,Liberty Light Rail,JC052,40.71941,-74.04309,40.7112423,-74.0557013,member
803CAD71D8F36F2D,electric_bike,2026-08-06 16:38:00.310,2026-08-06 16:45:10.515,Grove St PATH,JC115,Garfield Light Rail,JC119,40.71941,-74.04309,40.710526,-74.070112,casual
5723072FA4D90446,electric_bike,2026-08-06 16:39:40.257,2026-08-06 16:47:25.210,Hudson Pl & Hoboken Terminal,HB107,Church Sq Park - 5 St & Park Ave,HB601,40.73579286776364,-74.02837457573912,40.74265933273143,-74.03223305940628,member
72D31D291F7AF56C,electric_bike,2026-08-06 16:39:47.079,2026-08-06 16:43:20.208,Hudson Pl & Hoboken Terminal,HB107,8 St & Washington St,HB603,40.73579286776364,-74.02837457573912,40.745983882915624,-74.02819901704788,casual
B561C124C4CD166A,electric_bike,2026-08-06 16:39:55.520,2026-08-06 16:47:27.536,Hudson Pl & Hoboken Terminal,HB107,Mama Johnson Field - 4 St & Jackson St,HB404,40.73579286776364,-74.02837457573912,40.74313993965626,-74.04004096984863,casual
A8A1CCADD2E0D694,electric_bike,2026-08-06 16:40:08.933,2026-08-06 16:44:23.319,River St & 1 St,HB609,Church Sq Park - 5 St & Park Ave,HB601,40.73721535335381,-74.02886540972803,40.74265933273143,-74.03223305940628,casual
443FCCB930BEF32E,electric_bike,2026-08-06 16:40:13.564,2026-08-06 16:48:49.855,Grove St PATH,JC115,Pacific Ave & Communipaw Ave,JC118,40.71941,-74.04309,40.711354,-74.062446,member
BCE77F5A1216F1DD,electric_bike,2026-08-06 16:40:58.690,2026-08-06 16:51:33.510,Hudson Pl & Hoboken Terminal,HB107,Bloomfield St & 15 St,HB203,40.73579286776364,-74.02837457573912,40.75453,-74.02658,casual
0C15584FA2886C4F,electric_bike,2026-08-06 16:44:46.893,2026-08-06 16:49:05.045,Bergen Ave & Sip Ave,JC109,McGinley Square,JC055,40.73100888698729,-74.06443700194359,40.7253399253558,-74.06762212514877,member
FBC4EAFF8995577B,electric_bike,2026-08-06 16:46:12.634,2026-08-06 16:49:31.233,Grove St PATH,JC115,Paulus Hook,JC002,40.71941,-74.04309,40.7141454,-74.0335519,member
F3AAB219CA7BDD01,electric_bike,2026-08-06 16:48:00.388,2026-08-06 16:52:33.653,Hamilton Park,JC009,Grove St PATH,JC115,40.727595966,-74.044247311,40.71941,-74.04309,member
ED4F26A50BF60166,electric_bike,2026-08-06 16:48:06.037,2026-08-06 16:55:13.304,Bergen Ave & Sip Ave,JC109,Astor Place,JC077,40.73100888698729,-74.06443700194359,40.71928220070702,-74.07126188278198,member
E039695563137A50,electric_bike,2026-08-06 16:48:13.104,2026-08-06 16:51:35.555,Grove St PATH,JC115,Jersey & 6th St,JC027,40.71941,-74.04309,40.72528910781132,-74.04557168483734,member
BF6E9B374B309686,electric_bike,2026-08-06 16:49:45.093,2026-08-06 16:55:20.502,Hudson Pl & Hoboken Terminal,HB107,Clinton St & 7 St,HB303,40.73579286776364,-74.02837457573912,40.74542,-74.03332,member
0C568F93B508AA53,electric_bike,2026-08-06 16:50:00.785,2026-08-06 17:03:55.148,River St & 1 St,HB609,York St & Marin Blvd,JC097,40.73721535335381,-74.02886540972803,40.716615000830494,-74.0424120426178,member
792F4402DC0FDA4F,electric_bike,2026-08-06 16:50:23.076,2026-08-06 16:54:10.693,River St & 1 St,HB609,8 St & Washington St,HB603,40.73721535335381,-74.02886540972803,40.745983882915624,-74.02819901704788,member
0FE6256F70E27C35,electric_bike,2026-08-06 16:51:14.427,2026-08-06 16:56:34.073,Hudson Pl & Hoboken Terminal,HB107,Mama Johnson Field - 4 St & Jackson St,HB404,40.73579286776364,-74.02837457573912,40.74313993965626,-74.04004096984863,member
38E5277694F7DEAF,electric_bike,2026-08-06 16:51:34.947,2026-08-06 17:08:13.363,Hudson Pl & Hoboken Terminal,HB107,11 St & Washington St,HB502,40.73579286776364,-74.02837457573912,40.74998490907138,-74.02715027332306,member
04D9F8D48FAE212D,electric_bike,2026-08-06 16:52:15.849,2026-08-06 16:56:16.990,River St & 1 St,HB609,Clinton St & 7 St,HB303,40.73721535335381,-74.02886540972803,40.74542,-74.03332,member
CB8F370D06FDA805,electric_bike,2026-08-06 16:52:18.056,2026-08-06 16:59:09.056,Bergen Ave & Sip Ave,JC109,Leonard Gordon Park,JC080,40.73100888698729,-74.06443700194359,40.74590996631558,-74.0572714805603,member
000FFECB5D861EDC,electric_bike,2026-08-06 16:53:49.240,2026-08-06 17:04:55.550,Bergen Ave & Sip Ave,JC109,Wade St & MLK Dr,JC134,40.73100888698729,-74.06443700194359,40.7017,-74.08952,casual
3AF5A72D828DAF09,electric_bike,2026-08-06 16:55:53.422,2026-08-06 17:00:50.497,Grove St PATH,JC115,Brunswick St,JC023,40.71941,-74.04309,40.7241765,-74.0506564,member
0594161D47ED3245,electric_bike,2026-08-06 16:57:37.954,2026-08-06 17:12:47.351,South Waterfront Walkway - Sinatra Dr & 1 St,HB103,Hamilton Park,JC009,40.73698221818716,-74.02778059244156,40.727595966,-74.044247311,casual
0F8EAC4A6957AEE7,classic_bike,2026-08-06 16:58:19.482,2026-08-06 17:00:33.713,Hudson Pl & Hoboken Terminal,HB107,4 St & River St,HB611,40.73579286776364,-74.02837457573912,40.7408139,-74.0274062,member
01DB1C18D8DA181A,electric_bike,2026-08-06 16:59:23.546,2026-08-06 17:01:33.716,River St & 1 St,HB609,Stevens - River Ter & 6 St,HB602,40.73721535335381,-74.02886540972803,40.74313282710551,-74.02698867022991,member
005732E902E6B6B5,electric_bike,2026-08-06 16:59:49.895,2026-08-06 17:04:04.205,Bergen Ave & Sip Ave,JC109,Fairmount Ave,JC093,40.73100888698729,-74.06443700194359,40.72572613742557,-74.07195925712585,casual
DEA2C46EEB5C967A,electric_bike,2026-08-06 17:00:18.011,2026-08-06 17:08:29.296,Hudson Pl & Hoboken Terminal,HB107,9 St HBLR - Jackson St & 8 St,HB305,40.73579286776364,-74.02837457573912,40.74790720968899,-74.03841152787209,member
29124E8E8E97CE81,classic_bike,2026-08-06 17:00:33.957,2026-08-06 17:08:58.194,Hudson Pl & Hoboken Terminal,HB107,7 St & Monroe St,HB304,40.73579286776364,-74.02837457573912,40.74641264837719,-74.03797701001167,member
EBB36287C747D288,electric_bike,2026-08-06 17:00:54.121,2026-08-06 17:03:18.333,Grove St PATH,JC115,Newark Ave,JC032,40.71941,-74.04309,40.72152515,-74.046304543,member
A6C56709625105D3,electric_bike,2026-08-06 17:00:57.503,2026-08-06 17:08:38.516,River St & 1 St,HB609,7 St & Monroe St,HB304,40.73721535335381,-74.02886540972803,40.74641264837719,-74.03797701001167,member
E6AE0D1FBF6A4285,classic_bike,2026-08-06 17:01:19.814,2026-08-06 17:08:35.025,River St & 1 St,HB609,9 St HBLR - Jackson St & 8 St,HB305,40.73721535335381,-74.02886540972803,40.74790720968899,-74.03841152787209,member
0EB7D6B6970A44F7,electric_bike,2026-08-06 17:01:21.868,2026-08-06 17:17:19.385,South Waterfront Walkway - Sinatra Dr & 1 St,HB103,Grove St PATH,JC115,40.73698221818716,-74.02778059244156,40.71941,-74.04309,member
F2801BDDEC2EBA6B,electric_bike,2026-08-06 17:01:38.699,2026-08-06 17:13:06.170,Hamilton Park,JC009,Hamilton Park,JC009,40.727595966,-74.044247311,40.727595966,-74.044247311,casual
1111E05F15B816A9,electric_bike,2026-08-06 17:03:56.215,2026-08-06 17:09:12.085,River St & 1 St,HB609,Clinton St & 7 St,HB303,40.73721535335381,-74.02886540972803,40.74542,-74.03332,member
1493C993E1B542EF,electric_bike,2026-08-06 17:06:08.253,2026-08-06 17:08:11.559,River St & 1 St,HB609,Stevens - River Ter & 6 St,HB602,40.73721535335381,-74.02886540972803,40.74313282710551,-74.02698867022991,casual
23B10ABF2AC82079,classic_bike,2026-08-06 17:06:32.959,2026-08-06 17:08:56.493,Grove St PATH,JC115,Jersey & 3rd,JC074,40.71941,-74.04309,40.72333158646436,-74.04595255851744,member
6F6EA4936AEB88C4,classic_bike,2026-08-06 17:07:26.755,2026-08-06 17:17:00.280,River St & 1 St,HB609,Bloomfield St & 15 St,HB203,40.73721535335381,-74.02886540972803,40.75453,-74.02658,casual
D5324EBD6D09C3E6,electric_bike,2026-08-06 17:07:45.901,2026-08-06 17:15:09.246,South Waterfront Walkway - Sinatra Dr & 1 St,HB103,14 St Ferry - 14 St & Shipyard Ln,HB202,40.73698221818716,-74.02778059244156,40.752960630464955,-74.02435272932053,casual
A9A3E4FC653460E6,classic_bike,2026-08-06 17:07:48.991,2026-08-06 17:12:48.810,River St & 1 St,HB609,Adams St & 2 St,HB407,40.73721535335381,-74.02886540972803,40.73981372311843,-74.03690412640572,casual
18C5C06C8F4A76AE,electric_bike,2026-08-06 17:08:24.232,2026-08-06 17:15:05.972,River St & 1 St,HB609,Madison St & 1 St,HB402,40.73721535335381,-74.02886540972803,40.73879,-74.0393,casual
697BAB873EBB4D99,electric_bike,2026-08-06 17:08:38.449,2026-08-06 17:14:00.779,River St & 1 St,HB609,Mama Johnson Field - 4 St & Jackson St,HB404,40.73721535335381,-74.02886540972803,40.74313993965626,-74.04004096984863,casual
015F415D6A5505C2,electric_bike,2026-08-06 17:08:46.858,2026-08-06 17:18:55.194,Grove St PATH,JC115,Pershing Field,JC024,40.71941,-74.04309,40.742677141,-74.051788633,member
D8D60DE2983632C2,electric_bike,2026-08-06 17:08:53.369,2026-08-06 17:11:14.679,Bergen Ave & Sip Ave,JC109,McGinley Square,JC055,40.73100888698729,-74.06443700194359,40.7253399253558,-74.06762212514877,member
E2E48AF9B5B0C1D2,electric_bike,2026-08-06 17:09:35.723,2026-08-06 17:12:14.748,Hamilton Park,JC009,Newark Ave,JC032,40.727595966,-74.044247311,40.72152515,-74.046304543,member
AEBA1C75C2D33A60,electric_bike,2026-08-06 17:10:35.113,2026-08-06 17:23:05.295,Hudson Pl & Hoboken Terminal,HB107,Columbus Drive,JC014,40.73579286776364,-74.02837457573912,40.71835519823214,-74.03891444206238,member
5AF6604CA2CDAD4B,electric_bike,2026-08-06 17:10:52.317,2026-08-06 17:14:52.637,Hudson Pl & Hoboken Terminal,HB107,2 St & Park Ave,HB608,40.73579286776364,-74.02837457573912,40.73915272763701,-74.0330819785595,member
68E3021326059B59,electric_bike,2026-08-06 17:10:59.815,2026-08-06 17:17:56.500,River St & 1 St,HB609,Southwest Park - Jackson St & Observer Hwy,HB401,40.73721535335381,-74.02886540972803,40.73755127245804,-74.04166370630264,member
B3FE2CDB85D981B6,electric_bike,2026-08-06 17:11:52.653,2026-08-06 17:18:28.435,Hudson Pl & Hoboken Terminal,HB107,8 St & Washington St,HB603,40.73579286776364,-74.02837457573912,40.745983882915624,-74.02819901704788,member
7792C66453653219,electric_bike,2026-08-06 17:12:01.600,2026-08-06 17:17:36.091,Grove St PATH,JC115,Dr. Lena Edwards Park,JC117,40.71941,-74.04309,40.713203,-74.058261,member
DAB8784AC7DB683F,classic_bike,2026-08-06 17:12:05.633,2026-08-06 17:23:07.081,Grove St PATH,JC115,Pacific Ave & Communipaw Ave,JC118,40.71941,-74.04309,40.711354,-74.062446,member
4A486733318A5694,electric_bike,2026-08-06 17:12:20.995,2026-08-06 17:17:56.939,Hudson Pl & Hoboken Terminal,HB107,Columbus Park - Clinton St & 9 St,HB501,40.73579286776364,-74.02837457573912,40.74816121065146,-74.0324530005455,member
5DD50324189AC7FC,classic_bike,2026-08-06 17:13:04.014,2026-08-06 17:22:28.202,Hudson Pl & Hoboken Terminal,HB107,7 St & Monroe St,HB304,40.73579286776364,-74.02837457573912,40.74641264837719,-74.03797701001167,member
C3EB748B8912E9A7,electric_bike,2026-08-06 17:15:29.787,2026-08-06 17:18:48.446,Bergen Ave & Sip Ave,JC109,Dey St,JC065,40.73100888698729,-74.06443700194359,40.737711,-74.066921,member
D30EA801FEE86593,electric_bike,2026-08-06 17:16:40.507,2026-08-06 17:19:50.827,South Waterfront Walkway - Sinatra Dr & 1 St,HB103,Church Sq Park - 5 St & Park Ave,HB601,40.73698221818716,-74.02778059244156,40.74265933273143,-74.03223305940628,member
73DD5BB5573B7FC3,electric_bike,2026-08-06 17:17:26.896,2026-08-06 17:23:30.934,South Waterfront Walkway - Sinatra Dr & 1 St,HB103,9 St HBLR - Jackson St & 8 St,HB305,40.73698221818716,-74.02778059244156,40.74790720968899,-74.03841152787209,casual
3EFE35E0D72FE42C,electric_bike,2026-08-06 17:18:02.687,2026-08-06 17:23:23.550,South Waterfront Walkway - Sinatra Dr & 1 St,HB103,Columbus Park - Clinton St & 9 St,HB501,40.73698221818716,-74.02778059244156,40.74816121065146,-74.0324530005455,member
BFA8F660BC1CF324,electric_bike,2026-08-06 17:18:15.657,2026-08-06 17:25:39.017,Grove St PATH,JC115,Communipaw & Berry Lane,JC084,40.71941,-74.04309,40.71435836870427,-74.06661093235016,member
8BF8F872B596031D,electric_bike,2026-08-06 17:18:32.033,2026-08-06 17:22:45.595,Grove St PATH,JC115,Monmouth & 6th,JC075,40.71941,-74.04309,40.72568548362901,-74.04879033565521,member
1EEF50E3CC24EE64,electric_bike,2026-08-06 17:19:23.946,2026-08-06 17:25:19.730,Grove St PATH,JC115,Hamilton Park,JC009,40.71941,-74.04309,40.727595966,-74.044247311,member
0B76F9ED1223F30E,electric_bike,2026-08-06 17:19:46.732,2026-08-06 17:24:07.260,Bergen Ave & Sip Ave,JC109,Fairmount Ave,JC093,40.73100888698729,-74.06443700194359,40.72572613742557,-74.07195925712585,casual
DEEDFFC8BA6CDC11,electric_bike,2026-08-06 17:20:31.930,2026-08-06 17:46:55.137,Bergen Ave & Sip Ave,JC109,Willow Ave & 12 St,HB505,40.73100888698729,-74.06443700194359,40.7518674823282,-74.03037697076797,member
1AD7C99E26BD624F,electric_bike,2026-08-06 17:20:33.339,2026-08-06 17:28:01.675,South Waterfront Walkway - Sinatra Dr & 1 St,HB103,Mama Johnson Field - 4 St & Jackson St,HB404,40.73698221818716,-74.02778059244156,40.74313993965626,-74.04004096984863,casual
A96C8EC64820C92C,electric_bike,2026-08-06 17:20:58.143,2026-08-06 17:25:27.600,Bergen Ave & Sip Ave,JC109,Glenwood Ave,JC094,40.73100888698729,-74.06443700194359,40.72755146730012,-74.07106071710587,casual
3B5B577BC0BA7E7D,electric_bike,2026-08-06 17:22:09.007,2026-08-06 17:25:41.450,River St & 1 St,HB609,4 St & Grand St,HB301,40.73721535335381,-74.02886540972803,40.7422579775645,-74.03511106967926,member
6192D031ED1203B0,electric_bike,2026-08-06 17:22:13.247,2026-08-06 17:28:41.541,River St & 1 St,HB609,9 St HBLR - Jackson St & 8 St,HB305,40.73721535335381,-74.02886540972803,40.74790720968899,-74.03841152787209,casual
54496A813C0D6EF5,electric_bike,2026-08-06 17:22:29.727,2026-08-06 17:26:21.005,River St & 1 St,HB609,Southwest Park - Jackson St & Observer Hwy,HB401,40.73721535335381,-74.02886540972803,40.73755127245804,-74.04166370630264,member
F4CB33BAEECB7A71,classic_bike,2026-08-06 17:22:57.491,2026-08-06 17:35:57.038,Hudson Pl & Hoboken Terminal,HB107,12 St & Sinatra Dr N,HB201,40.73579286776364,-74.02837457573912,40.750604142368964,-74.02402013540268,casual
77521436A8AB0756,electric_bike,2026-08-06 17:23:16.622,2026-08-06 17:56:17.141,Bergen Ave & Sip Ave,JC109,4 St & River St,HB611,40.73100888698729,-74.06443700194359,40.7408139,-74.0274062,member
F7272105454A0A76,electric_bike,2026-08-06 17:23:33.964,2026-08-06 17:28:23.979,South Waterfront Walkway - Sinatra Dr & 1 St,HB103,14 St Ferry - 14 St & Shipyard Ln,HB202,40.73698221818716,-74.02778059244156,40.752960630464955,-74.02435272932053,member
2CFFCE2FA0182317,classic_bike,2026-08-06 17:23:42.568,2026-08-06 17:27:38.019,Grove St PATH,JC115,Jersey & 3rd,JC074,40.71941,-74.04309,40.72333158646436,-74.04595255851744,member
7B76F4B630EC05CC,electric_bike,2026-08-06 17:23:45.228,2026-08-06 17:28:21.531,South Waterfront Walkway - Sinatra Dr & 1 St,HB103,4 St & Grand St,HB301,40.73698221818716,-74.02778059244156,40.7422579775645,-74.03511106967926,casual
AD727EA55A9A5F54,classic_bike,2026-08-06 17:24:24.297,2026-08-06 17:33:27.275,Hudson Pl & Hoboken Terminal,HB107,Willow Ave & 12 St,HB505,40.73579286776364,-74.02837457573912,40.7518674823282,-74.03037697076797,member
EB00257201C1CFF0,electric_bike,2026-08-06 17:25:13.488,2026-08-06 17:30:51.817,River St & 1 St,HB609,12 St & Sinatra Dr N,HB201,40.73721535335381,-74.02886540972803,40.750604142368964,-74.02402013540268,casual
5A603C1922DCDD35,electric_bike,2026-08-06 17:25:55.912,2026-08-06 17:28:20.010,Hamilton Park,JC009,Manila & 1st,JC082,40.727595966,-74.044247311,40.721650724879986,-74.04288411140442,member
6478CA732F8F0A3F,electric_bike,2026-08-06 17:26:14.149,2026-08-06 17:32:47.077,River St & 1 St,HB609,6 St & Grand St,HB302,40.73721535335381,-74.02886540972803,40.744397833095604,-74.03450086712837,member
2D50D8EEA9146D94,electric_bike,2026-08-06 17:26:54.906,2026-08-06 17:36:30.785,River St & 1 St,HB609,Adams St & 12 St,HB610,40.73721535335381,-74.02886540972803,40.751889392240685,-74.03329162748534,casual
98E1366D18A24BA6,electric_bike,2026-08-06 17:27:41.244,2026-08-06 17:32:20.047,Grove St PATH,JC115,Morris Canal,JC072,40.71941,-74.04309,40.7124188237569,-74.03852552175522,member
F49D8ABFA55C41BC,electric_bike,2026-08-06 17:28:17.433,2026-08-06 17:37:10.377,Grove St PATH,JC115,Essex Light Rail,JC038,40.71941,-74.04309,40.7127742,-74.0364857,member
79A940079CF2CACF,classic_bike,2026-08-06 17:29:08.493,2026-08-06 17:33:20.127,Grove St PATH,JC115,Dixon Mills,JC076,40.71941,-74.04309,40.721630142638354,-74.04996782541275,member
BCCC1C9A0299FE8A,electric_bike,2026-08-06 17:29:30.026,2026-08-06 17:38:03.032,Hudson Pl & Hoboken Terminal,HB107,Bloomfield St & 15 St,HB203,40.73579286776364,-74.02837457573912,40.75453,-74.02658,member
CE64A06F2612E6B8,classic_bike,2026-08-06 17:29:31.141,2026-08-06 17:33:31.413,Grove St PATH,JC115,Brunswick St,JC023,40.71941,-74.04309,40.7241765,-74.0506564,member
CDC610C7157FC251,electric_bike,2026-08-06 17:30:57.303,2026-08-06 17:36:46.522,Grove St PATH,JC115,Brunswick & 6th,JC081,40.71941,-74.04309,40.72601172964625,-74.05038893222809,member
A49A4AFDC3AE1460,electric_bike,2026-08-06 17:32:05.985,2026-08-06 17:39:14.114,Bergen Ave & Sip Ave,JC109,Fairmount Ave,JC093,40.73100888698729,-74.06443700194359,40.72572613742557,-74.07195925712585,member
1E9F32CEDCC07792,electric_bike,2026-08-06 17:32:14.808,2026-08-06 17:35:15.229,River St & 1 St,HB609,4 St & Grand St,HB301,40.73721535335381,-74.02886540972803,40.7422579775645,-74.03511106967926,member
CAE8D32E9313F53D,electric_bike,2026-08-06 17:32:20.838,2026-08-06 17:46:36.655,River St & 1 St,HB609,Warren St,JC006,40.73721535335381,-74.02886540972803,40.7211236,-74.03805095,member
691CA3A4F8F88987,electric_bike,2026-08-06 17:32:26.459,2026-08-06 17:40:36.592,River St & 1 St,HB609,14 St Ferry - 14 St & Shipyard Ln,HB202,40.73721535335381,-74.02886540972803,40.752960630464955,-74.02435272932053,casual
F4956607BFC826D0,classic_bike,2026-08-06 17:32:30.751,2026-08-06 17:40:48.336,Hamilton Park,JC009,City Hall,JC003,40.727595966,-74.044247311,40.7177325,-74.043845,member
904840EF1993DA1F,electric_bike,2026-08-06 17:32:32.290,2026-08-06 17:37:44.365,Hamilton Park,JC009,Hilltop,JC019,40.727595966,-74.044247311,40.7311689,-74.0575736,member
6B4D3107106C9E43,classic_bike,2026-08-06 17:32:45.414,2026-08-06 17:38:28.991,Hudson Pl & Hoboken Terminal,HB107,2 St & Park Ave,HB608,40.73579286776364,-74.02837457573912,40.73915272763701,-74.0330819785595,member
829AEC4571B52DF3,electric_bike,2026-08-06 17:32:57.625,2026-08-06 17:39:20.912,Grove St PATH,JC115,Lafayette Park,JC078,40.71941,-74.04309,40.71346382669195,-74.06285852193832,member
1ECBF229C143B4C1,classic_bike,2026-08-06 17:33:02.152,2026-08-06 17:39:05.058,Hudson Pl & Hoboken Terminal,HB107,8 St & Washington St,HB603,40.73579286776364,-74.02837457573912,40.745983882915624,-74.02819901704788,casual
E203EA0B93A10D3E,electric_bike,2026-08-06 17:33:04.954,2026-08-06 17:38:29.644,River St & 1 St,HB609,11 St & Washington St,HB502,40.73721535335381,-74.02886540972803,40.74998490907138,-74.02715027332306,member
93DD9B7BA512AD04,classic_bike,2026-08-06 17:33:08.702,2026-08-06 17:35:20.517,Grove St PATH,JC115,Van Vorst Park,JC035,40.71941,-74.04309,40.71848892,-74.047726625,member
DCCED429512DF62E,electric_bike,2026-08-06 17:33:14.341,2026-08-06 17:38:23.320,Grove St PATH,JC115,Essex Light Rail,JC038,40.71941,-74.04309,40.7127742,-74.0364857,member
5E419C1DC0436DA6,electric_bike,2026-08-06 17:33:16.246,2026-08-06 17:44:36.529,Hamilton Park,JC009,Exchange Pl,JC116,40.727595966,-74.044247311,40.71636596185077,-74.034343957901,member
7F52CAD5DE1D8A84,classic_bike,2026-08-06 17:33:33.461,2026-08-06 17:41:15.804,Grove St PATH,JC115,Dr. Lena Edwards Park,JC117,40.71941,-74.04309,40.713203,-74.058261,member
5C9D0F0EB7208B9C,electric_bike,2026-08-06 17:34:14.055,2026-08-06 17:36:49.195,Bergen Ave & Sip Ave,JC109,McGinley Square,JC055,40.73100888698729,-74.06443700194359,40.7253399253558,-74.06762212514877,member
91BA12B5E30368E7,electric_bike,2026-08-06 17:34:32.602,2026-08-06 17:38:00.704,Grove St PATH,JC115,Marin Light Rail,JC013,40.71941,-74.04309,40.71458403535893,-74.04281705617905,member
268DEF320D0E8D7B,electric_bike,2026-08-06 17:34:43.941,2026-08-06 17:48:15.694,Hamilton Park,JC009,Exchange Pl,JC116,40.727595966,-74.044247311,40.71636596185077,-74.034343957901,member
41277CE1B08E4192,classic_bike,2026-08-06 17:35:31.279,2026-08-06 17:39:41.802,Grove St PATH,JC115,Marin Light Rail,JC013,40.71941,-74.04309,40.71458403535893,-74.04281705617905,member
951DCE77E6BC79A6,electric_bike,2026-08-06 17:35:54.043,2026-08-06 17:42:23.627,Bergen Ave & Sip Ave,JC109,Lincoln Park,JC053,40.73100888698729,-74.06443700194359,40.7246050998869,-74.07840594649315,member
F13F756E92C0A264,classic_bike,2026-08-06 17:37:28.744,2026-08-06 17:40:37.173,Hudson Pl & Hoboken Terminal,HB107,4 St & River St,HB611,40.73579286776364,-74.02837457573912,40.7408139,-74.0274062,member
C23DC0550FB02A87,classic_bike,2026-08-06 17:38:35.380,2026-08-06 17:45:07.244,River St & 1 St,HB609,Mama Johnson Field - 4 St & Jackson St,HB404,40.73721535335381,-74.02886540972803,40.74313993965626,-74.04004096984863,member
2CC116D02E0E0547,electric_bike,2026-08-06 17:39:15.192,2026-08-06 17:46:39.857,River St & 1 St,HB609,Bloomfield St & 15 St,HB203,40.73721535335381,-74.02886540972803,40.75453,-74.02658,member
2D07067CFC21046F,electric_bike,2026-08-06 17:39:22.292,2026-08-06 17:45:46.963,Grove St PATH,JC115,Brunswick St,JC023,40.71941,-74.04309,40.7241765,-74.0506564,member
A449B9982ABA677B,electric_bike,2026-08-06 17:39:39.861,2026-08-06 17:42:33.202,Grove St PATH,JC115,Jersey & 6th St,JC027,40.71941,-74.04309,40.72528910781132,-74.04557168483734,member
A3934743541A4CDA,electric_bike,2026-08-06 17:39:45.965,2026-08-06 17:44:53.997,River St & 1 St,HB609,Mama Johnson Field - 4 St & Jackson St,HB404,40.73721535335381,-74.02886540972803,40.74313993965626,-74.04004096984863,member
F437AB49662275A3,electric_bike,2026-08-06 17:40:34.860,2026-08-06 17:46:02.150,River St & 1 St,HB609,Clinton St & 7 St,HB303,40.73721535335381,-74.02886540972803,40.74542,-74.03332,member
95F2A47FEE59730A,classic_bike,2026-08-06 17:40:43.378,2026-08-06 17:44:51.843,Grove St PATH,JC115,JC Medical Center,JC110,40.71941,-74.04309,40.71539114317,-74.04969155788422,member
57864BF88BF90807,electric_bike,2026-08-06 17:40:45.918,2026-08-06 17:44:43.655,South Waterfront Walkway - Sinatra Dr & 1 St,HB103,4 St & Grand St,HB301,40.73698221818716,-74.02778059244156,40.7422579775645,-74.03511106967926,member
9D1FC3B9A53EFD2B,electric_bike,2026-08-06 17:40:53.992,2026-08-06 17:44:19.546,River St & 1 St,HB609,4 St & Grand St,HB301,40.73721535335381,-74.02886540972803,40.7422579775645,-74.03511106967926,member
06F0DB8BB46FF57D,electric_bike,2026-08-06 17:41:16.920,2026-08-06 17:48:08.424,Grove St PATH,JC115,Pacific Ave & Communipaw Ave,JC118,40.71941,-74.04309,40.711354,-74.062446,casual
80C59B0BB9D3C158,electric_bike,2026-08-06 17:42:27.671,2026-08-06 17:45:38.909,Grove St PATH,JC115,Brunswick St,JC023,40.71941,-74.04309,40.7241765,-74.0506564,member
04300431F4F1F71E,classic_bike,2026-08-06 17:42:54.407,2026-08-06 17:47:24.533,Grove St PATH,JC115,JC Medical Center,JC110,40.71941,-74.04309,40.71539114317,-74.04969155788422,member
887D0742F7FBE406,electric_bike,2026-08-06 17:42:56.946,2026-08-06 17:48:35.630,Grove St PATH,JC115,Pacific Ave & Communipaw Ave,JC118,40.71941,-74.04309,40.711354,-74.062446,member
9E4438C42F118EB9,classic_bike,2026-08-06 17:43:08.893,2026-08-06 17:53:48.167,Grove St PATH,JC115,Essex Light Rail,JC038,40.71941,-74.04309,40.7127742,-74.0364857,member
A6DD672601A3C899,electric_bike,2026-08-06 17:44:33.852,2026-08-06 17:50:01.368,Grove St PATH,JC115,Jersey & 6th St,JC027,40.71941,-74.04309,40.72528910781132,-74.04557168483734,casual
74C948DB8CDD7E59,electric_bike,2026-08-06 17:44:42.720,2026-08-06 17:58:43.895,River St & 1 St,HB609,5 Corners Library,JC018,40.73721535335381,-74.02886540972803,40.734961020009514,-74.0595030784607,member
E46C19A51FEA789E,classic_bike,2026-08-06 17:46:02.945,2026-08-06 17:52:06.574,River St & 1 St,HB609,Mama Johnson Field - 4 St & Jackson St,HB404,40.73721535335381,-74.02886540972803,40.74313993965626,-74.04004096984863,member
B0C9C0787B56FCBF,electric_bike,2026-08-06 17:46:10.111,2026-08-06 17:51:13.759,River St & 1 St,HB609,Columbus Park - Clinton St & 9 St,HB501,40.73721535335381,-74.02886540972803,40.74816121065146,-74.0324530005455,member
C8B5201D8497D9A0,classic_bike,2026-08-06 17:46:10.639,2026-08-06 17:54:50.506,Grove St PATH,JC115,Liberty Light Rail,JC052,40.71941,-74.04309,40.7112423,-74.0557013,member
31824F9063E130F8,electric_bike,2026-08-06 17:46:11.409,2026-08-06 17:52:13.338,River St & 1 St,HB609,Clinton St & 7 St,HB303,40.73721535335381,-74.02886540972803,40.74542,-74.03332,member
AF9DEC01F4280ECE,electric_bike,2026-08-06 17:47:34.033,2026-08-06 17:53:29.529,Bergen Ave & Sip Ave,JC109,Astor Place,JC077,40.73100888698729,-74.06443700194359,40.71928220070702,-74.07126188278198,member
BB4BE2A8CA9C7FC6,classic_bike,2026-08-06 17:48:13.881,2026-08-06 17:55:04.627,River St & 1 St,HB609,12 St & Sinatra Dr N,HB201,40.73721535335381,-74.02886540972803,40.750604142368964,-74.02402013540268,member
D218BCE6A937287E,classic_bike,2026-08-06 17:48:20.275,2026-08-06 17:53:24.303,South Waterfront Walkway - Sinatra Dr & 1 St,HB103,Adams St & 2 St,HB407,40.73698221818716,-74.02778059244156,40.73981372311843,-74.03690412640572,member
FE458A53C043503C,electric_bike,2026-08-06 17:48:35.841,2026-08-06 17:54:36.550,River St & 1 St,HB609,9 St HBLR - Jackson St & 8 St,HB305,40.73721535335381,-74.02886540972803,40.74790720968899,-74.03841152787209,member
E94627800D900F6B,classic_bike,2026-08-06 17:48:41.867,2026-08-06 17:52:48.641,River St & 1 St,HB609,Church Sq Park - 5 St & Park Ave,HB601,40.73721535335381,-74.02886540972803,40.74265933273143,-74.03223305940628,casual
9BD7D61233019441,classic_bike,2026-08-06 17:49:09.005,2026-08-06 17:55:18.119,River St & 1 St,HB609,12 St & Sinatra Dr N,HB201,40.73721535335381,-74.02886540972803,40.750604142368964,-74.02402013540268,member
8568FCA7F28D2376,classic_bike,2026-08-06 17:49:10.902,2026-08-06 17:56:17.316,Grove St PATH,JC115,Hamilton Park,JC009,40.71941,-74.04309,40.727595966,-74.044247311,member
35E4304D4701D3A9,electric_bike,2026-08-06 17:49:14.417,2026-08-06 17:56:26.212,South Waterfront Walkway - Sinatra Dr & 1 St,HB103,7 St & Monroe St,HB304,40.73698221818716,-74.02778059244156,40.74641264837719,-74.03797701001167,casual
0FAC704111F95432,electric_bike,2026-08-06 17:49:37.189,2026-08-06 17:53:52.556,South Waterfront Walkway - Sinatra Dr & 1 St,HB103,14 St Ferry - 14 St & Shipyard Ln,HB202,40.73698221818716,-74.02778059244156,40.752960630464955,-74.02435272932053,member
558144F5D04404CC,electric_bike,2026-08-06 17:49:58.138,2026-08-06 18:01:17.202,Grove St PATH,JC115,Lincoln Park,JC053,40.71941,-74.04309,40.7246050998869,-74.07840594649315,member
2B6D6441B05CFADE,electric_bike,2026-08-06 17:50:02.023,2026-08-06 17:56:12.339,Bergen Ave & Sip Ave,JC109,Christ Hospital,JC034,40.73100888698729,-74.06443700194359,40.734785818,-74.050443636,member
19FA5E0E204688D6,electric_bike,2026-08-06 17:51:22.977,2026-08-06 17:57:45.201,Grove St PATH,JC115,Baldwin at Montgomery,JC020,40.71941,-74.04309,40.7236589,-74.0641943,member
DBB18BFE0160A855,electric_bike,2026-08-06 17:51:43.691,2026-08-06 18:00:28.101,Bergen Ave & Sip Ave,JC109,Mallory Ave & Roosevelt Ave,JC145,40.73100888698729,-74.06443700194359,40.72203,-74.08596,casual
9934C859400A181C,electric_bike,2026-08-06 17:52:26.590,2026-08-06 17:54:51.518,Hamilton Park,JC009,Brunswick & 6th,JC081,40.727595966,-74.044247311,40.72601172964625,-74.05038893222809,member
BB1760EA119AB1BC,classic_bike,2026-08-06 17:52:58.437,2026-08-06 17:55:49.911,River St & 1 St,HB609,Clinton St & Newark St,HB409,40.73721535335381,-74.02886540972803,40.73743,-74.03571,member
B33B6D9208D863CF,classic_bike,2026-08-06 17:53:01.546,2026-08-06 17:59:19.647,Hudson Pl & Hoboken Terminal,HB107,4 St & Grand St,HB301,40.73579286776364,-74.02837457573912,40.7422579775645,-74.03511106967926,member
A734D7837DC280F2,electric_bike,2026-08-06 17:53:12.637,2026-08-06 18:05:34.751,Grove St PATH,JC115,Lincoln Park,JC053,40.71941,-74.04309,40.7246050998869,-74.07840594649315,member
CD09C10D1D5892B4,classic_bike,2026-08-06 17:53:24.390,2026-08-06 17:58:01.924,Grove St PATH,JC115,Marin Light Rail,JC013,40.71941,-74.04309,40.71458403535893,-74.04281705617905,member
FCEA56D95EC7C6DE,electric_bike,2026-08-06 17:54:21.711,2026-08-06 18:01:46.521,River St & 1 St,HB609,Riverview Park,JC057,40.73721535335381,-74.02886540972803,40.7443187,-74.0439909,member
64D06FB21DC5F9C3,electric_bike,2026-08-06 17:54:50.915,2026-08-06 17:59:28.852,Grove St PATH,JC115,Hamilton Park,JC009,40.71941,-74.04309,40.727595966,-74.044247311,member
0145C2ABDED93420,classic_bike,2026-08-06 17:55:56.759,2026-08-06 18:01:33.182,Grove St PATH,JC115,Marin Light Rail,JC013,40.71941,-74.04309,40.71458403535893,-74.04281705617905,casual
E6395D77F8CD1330,electric_bike,2026-08-06 17:56:24.657,2026-08-06 18:05:20.748,River St & 1 St,HB609,7 St & Monroe St,HB304,40.73721535335381,-74.02886540972803,40.74641264837719,-74.03797701001167,member
466EEF7DB383BD2F,electric_bike,2026-08-06 17:57:12.099,2026-08-06 17:58:14.896,Grove St PATH,JC115,Grove St PATH,JC115,40.71941,-74.04309,40.71941,-74.04309,casual
9FB4200340CAC34B,electric_bike,2026-08-06 17:57:12.537,2026-08-06 18:00:46.731,Hamilton Park,JC009,Brunswick & 6th,JC081,40.727595966,-74.044247311,40.72601172964625,-74.05038893222809,member
863101E374BAC868,classic_bike,2026-08-06 17:57:53.703,2026-08-06 18:05:03.359,South Waterfront Walkway - Sinatra Dr & 1 St,HB103,Mama Johnson Field - 4 St & Jackson St,HB404,40.73698221818716,-74.02778059244156,40.74313993965626,-74.04004096984863,member
D9F63E332CD96BF8,electric_bike,2026-08-06 17:58:49.126,2026-08-06 18:06:08.149,Grove St PATH,JC115,Baldwin at Montgomery,JC020,40.71941,-74.04309,40.7236589,-74.0641943,casual
80FD38FBA939B53D,classic_bike,2026-08-06 17:59:01.047,2026-08-06 18:12:19.507,Grove St PATH,JC115,Lafayette Park,JC078,40.71941,-74.04309,40.71346382669195,-74.06285852193832,member
BF7AD227199AC8C5,electric_bike,2026-08-06 17:59:07.134,2026-08-06 18:01:46.304,Bergen Ave & Sip Ave,JC109,McGinley Square,JC055,40.73100888698729,-74.06443700194359,40.7253399253558,-74.06762212514877,member
39A21D9699C078AD,electric_bike,2026-08-06 17:59:30.001,2026-08-06 18:15:42.784,Bergen Ave & Sip Ave,JC109,Washington St,JC098,40.73100888698729,-74.06443700194359,40.7242941,-74.0354826,casual
B9F6E7781F9E9B0C,classic_bike,2026-08-06 17:59:56.865,2026-08-06 18:04:25.950,Hudson Pl & Hoboken Terminal,HB107,8 St & Washington St,HB603,40.73579286776364,-74.02837457573912,40.745983882915624,-74.02819901704788,member
EA59D6194BB39E31,electric_bike,2026-08-06 18:01:31.949,2026-08-06 18:09:28.383,Bergen Ave & Sip Ave,JC109,MLK Dr & Bramhall Ave,JC121,40.73100888698729,-74.06443700194359,40.71647,-74.07413,member
B87C4B892FE3D163,classic_bike,2026-08-06 18:01:32.192,2026-08-06 18:09:28.252,Hudson Pl & Hoboken Terminal,HB107,7 St & Monroe St,HB304,40.73579286776364,-74.02837457573912,40.74641264837719,-74.03797701001167,member
AC11DF5BD3EADA43,electric_bike,2026-08-06 18:02:15.666,2026-08-06 18:06:31.103,River St & 1 St,HB609,11 St & Washington St,HB502,40.73721535335381,-74.02886540972803,40.74998490907138,-74.02715027332306,member
3A3419C79F8E7CE2,electric_bike,2026-08-06 18:02:38.896,2026-08-06 18:08:08.009,Grove St PATH,JC115,Lafayette Park,JC078,40.71941,-74.04309,40.71346382669195,-74.06285852193832,casual
31D1775335950C04,electric_bike,2026-08-06 18:03:39.922,2026-08-06 18:27:25.286,Grove St PATH,JC115,Newport Pkwy,JC008,40.71941,-74.04309,40.7287448,-74.0321082,member
7DAD2099CD11B5D0,electric_bike,2026-08-06 18:04:19.103,2026-08-06 18:17:25.859,Grove St PATH,JC115,River St & 1 St,HB609,40.71941,-74.04309,40.73721535335381,-74.02886540972803,member
F0C7100E6A017DA5,electric_bike,2026-08-06 18:04:25.120,2026-08-06 18:13:36.108,River St & 1 St,HB609,9 St HBLR - Jackson St & 8 St,HB305,40.73721535335381,-74.02886540972803,40.74790720968899,-74.03841152787209,member
FCEE69D7FAEA027E,electric_bike,2026-08-06 18:04:38.249,2026-08-06 18:12:34.557,Grove St PATH,JC115,Lafayette Park,JC078,40.71941,-74.04309,40.71346382669195,-74.06285852193832,member
8B960EAEE630581C,electric_bike,2026-08-06 18:04:58.918,2026-08-06 18:14:54.153,South Waterfront Walkway - Sinatra Dr & 1 St,HB103,Adams St & 2 St,HB407,40.73698221818716,-74.02778059244156,40.73981372311843,-74.03690412640572,member
2C0C747F9D0E95D9,electric_bike,2026-08-06 18:05:10.036,2026-08-06 18:32:29.352,Grove St PATH,JC115,Newark St & Washington St,HB612,40.71941,-74.04309,40.73681,-74.0309,casual
79DF5BD96078195D,electric_bike,2026-08-06 18:05:33.353,2026-08-06 18:32:35.429,Grove St PATH,JC115,Newark St & Washington St,HB612,40.71941,-74.04309,40.73681,-74.0309,casual
B26895206743B8D0,electric_bike,2026-08-06 18:07:10.605,2026-08-06 18:12:12.874,River St & 1 St,HB609,14 St Ferry - 14 St & Shipyard Ln,HB202,40.73721535335381,-74.02886540972803,40.752960630464955,-74.02435272932053,member
1FD957FD691E2B4C,electric_bike,2026-08-06 18:07:12.016,2026-08-06 18:16:00.409,Grove St PATH,JC115,Brunswick & 6th,JC081,40.71941,-74.04309,40.72601172964625,-74.05038893222809,member
9A4BCD05D2718B4F,classic_bike,2026-08-06 18:07:33.147,2026-08-06 18:19:41.229,Grove St PATH,JC115,Liberty Light Rail,JC052,40.71941,-74.04309,40.7112423,-74.0557013,member
250BD11229FF9C0F,electric_bike,2026-08-06 18:09:29.540,2026-08-06 18:14:53.251,Bergen Ave & Sip Ave,JC109,Lincoln Park,JC053,40.73100888698729,-74.06443700194359,40.7246050998869,-74.07840594649315,member
0C01BCA9315F2152,electric_bike,2026-08-06 18:09:51.150,2026-08-06 18:16:16.228,Grove St PATH,JC115,Liberty Light Rail,JC052,40.71941,-74.04309,40.7112423,-74.0557013,member
94E80FE8CB02D795,electric_bike,2026-08-06 18:09:52.602,2026-08-06 18:15:36.590,Grove St PATH,JC115,Dr. Lena Edwards Park,JC117,40.71941,-74.04309,40.713203,-74.058261,member
07D1724B67AAFA2E,electric_bike,2026-08-06 18:10:02.251,2026-08-06 18:13:51.034,Bergen Ave & Sip Ave,JC109,Glenwood Ave,JC094,40.73100888698729,-74.06443700194359,40.72755146730012,-74.07106071710587,member
87C395F0A3E486E8,classic_bike,2026-08-06 18:10:20.564,2026-08-06 18:15:35.044,River St & 1 St,HB609,Church Sq Park - 5 St & Park Ave,HB601,40.73721535335381,-74.02886540972803,40.74265933273143,-74.03223305940628,member
871AA4763A56E69E,electric_bike,2026-08-06 18:10:31.923,2026-08-06 18:17:02.367,South Waterfront Walkway - Sinatra Dr & 1 St,HB103,Adams St & 12 St,HB610,40.73698221818716,-74.02778059244156,40.751889392240685,-74.03329162748534,member
765FDFB632B94179,electric_bike,2026-08-06 18:11:07.326,2026-08-06 18:13:50.575,Bergen Ave & Sip Ave,JC109,McGinley Square,JC055,40.73100888698729,-74.06443700194359,40.7253399253558,-74.06762212514877,member
3CF511DE6139E41B,electric_bike,2026-08-06 18:11:13.355,2026-08-06 18:16:39.818,Bergen Ave & Sip Ave,JC109,Fairmount Ave,JC093,40.73100888698729,-74.06443700194359,40.72572613742557,-74.07195925712585,casual
932FA181B45BEC19,classic_bike,2026-08-06 18:11:14.691,2026-08-06 18:15:33.152,River St & 1 St,HB609,Adams St & 2 St,HB407,40.73721535335381,-74.02886540972803,40.73981372311843,-74.03690412640572,member
5E2DFC339BA79DD2,electric_bike,2026-08-06 18:11:31.839,2026-08-06 18:19:15.192,Hudson Pl & Hoboken Terminal,HB107,Adams St & 2 St,HB407,40.73579286776364,-74.02837457573912,40.73981372311843,-74.03690412640572,casual
98444D3B8B6434EC,classic_bike,2026-08-06 18:11:44.244,2026-08-06 18:17:06.894,Grove St PATH,JC115,Montgomery St,JC099,40.71941,-74.04309,40.71942,-74.05099,member
BD31033F16C8157D,electric_bike,2026-08-06 18:12:09.305,2026-08-06 18:17:26.228,Hudson Pl & Hoboken Terminal,HB107,14 St Ferry - 14 St & Shipyard Ln,HB202,40.73579286776364,-74.02837457573912,40.752960630464955,-74.02435272932053,member
E8655264B40B0906,electric_bike,2026-08-06 18:12:42.390,2026-08-06 18:18:24.163,Bergen Ave & Sip Ave,JC109,Bergen Ave,JC095,40.73100888698729,-74.06443700194359,40.722103786686034,-74.07145500183105,member
FD5EA94BC05D9418,electric_bike,2026-08-06 18:13:11.295,2026-08-06 18:18:51.004,Grove St PATH,JC115,Dr. Lena Edwards Park,JC117,40.71941,-74.04309,40.713203,-74.058261,member
6E5732930D082F45,electric_bike,2026-08-06 18:13:21.085,2026-08-06 18:18:43.904,South Waterfront Walkway - Sinatra Dr & 1 St,HB103,12 St & Sinatra Dr N,HB201,40.73698221818716,-74.02778059244156,40.750604142368964,-74.02402013540268,member
3B3907642F7A108B,electric_bike,2026-08-06 18:13:48.683,2026-08-06 18:21:34.860,Bergen Ave & Sip Ave,JC109,Union St & Bergen Ave,JC122,40.73100888698729,-74.06443700194359,40.71575,-74.07887,casual
BEC6F27A70DAF7F4,electric_bike,2026-08-06 18:13:51.353,2026-08-06 18:17:51.730,South Waterfront Walkway - Sinatra Dr & 1 St,HB103,Madison St & 1 St,HB402,40.73698221818716,-74.02778059244156,40.73879,-74.0393,member
18194921D58F09D6,electric_bike,2026-08-06 18:14:00.945,2026-08-06 18:19:13.009,South Waterfront Walkway - Sinatra Dr & 1 St,HB103,Clinton St & 7 St,HB303,40.73698221818716,-74.02778059244156,40.74542,-74.03332,member
3DFF1175EFFD3E33,classic_bike,2026-08-06 18:14:11.522,2026-08-06 18:23:42.751,Grove St PATH,JC115,Paulus Hook,JC002,40.71941,-74.04309,40.7141454,-74.0335519,member
E0F6427715B82F84,electric_bike,2026-08-06 18:14:18.218,2026-08-06 18:26:47.366,Bergen Ave & Sip Ave,JC109,Bergen Ave & Stegman St,JC108,40.73100888698729,-74.06443700194359,40.70657545063453,-74.0867006778717,member
21BCFCA60FEE49CF,electric_bike,2026-08-06 18:14:41.509,2026-08-06 18:22:00.482,Hamilton Park,JC009,5 Corners Library,JC018,40.727595966,-74.044247311,40.734961020009514,-74.0595030784607,member
DC492CCE88A2DD6C,electric_bike,2026-08-06 18:15:25.209,2026-08-06 18:21:10.783,South Waterfront Walkway - Sinatra Dr & 1 St,HB103,Southwest Park - Jackson St & Observer Hwy,HB401,40.73698221818716,-74.02778059244156,40.73755127245804,-74.04166370630264,member
2A2CB58FC96A2FF9,electric_bike,2026-08-06 18:16:00.235,2026-08-06 18:22:48.181,South Waterfront Walkway - Sinatra Dr & 1 St,HB103,14 St Ferry - 14 St & Shipyard Ln,HB202,40.73698221818716,-74.02778059244156,40.752960630464955,-74.02435272932053,member
5B80F72279168DDC,electric_bike,2026-08-06 18:16:19.540,2026-08-06 18:20:33.856,Grove St PATH,JC115,Dr. Lena Edwards Park,JC117,40.71941,-74.04309,40.713203,-74.058261,member
D64A797A7A342971,classic_bike,2026-08-06 18:17:20.485,2026-08-06 18:23:55.916,Hudson Pl & Hoboken Terminal,HB107,14 St Ferry - 14 St & Shipyard Ln,HB202,40.73579286776364,-74.02837457573912,40.752960630464955,-74.02435272932053,member
6641E106CA56F49A,classic_bike,2026-08-06 18:17:34.412,2026-08-06 18:23:32.943,Hudson Pl & Hoboken Terminal,HB107,Madison St & 1 St,HB402,40.73579286776364,-74.02837457573912,40.73879,-74.0393,member
392A94CE0DF91308,classic_bike,2026-08-06 18:17:54.345,2026-08-06 18:25:48.954,South Waterfront Walkway - Sinatra Dr & 1 St,HB103,14 St Ferry - 14 St & Shipyard Ln,HB202,40.73698221818716,-74.02778059244156,40.752960630464955,-74.02435272932053,member
4771F5EBAAC5C138,classic_bike,2026-08-06 18:18:13.730,2026-08-06 18:26:37.203,Grove St PATH,JC115,Lafayette Park,JC078,40.71941,-74.04309,40.71346382669195,-74.06285852193832,member
A76B0E4062F0F19E,classic_bike,2026-08-06 18:18:42.320,2026-08-06 18:23:04.511,South Waterfront Walkway - Sinatra Dr & 1 St,HB103,Stevens - River Ter & 6 St,HB602,40.73698221818716,-74.02778059244156,40.74313282710551,-74.02698867022991,casual
68F5F489FE674B7C,electric_bike,2026-08-06 18:19:04.308,2026-08-06 18:34:02.849,Hamilton Park,JC009,11 St & Washington St,HB502,40.727595966,-74.044247311,40.74998490907138,-74.02715027332306,member
480AD301FBEBE648,classic_bike,2026-08-06 18:19:18.517,2026-08-06 18:32:04.555,Hudson Pl & Hoboken Terminal,HB107,Newport Pkwy,JC008,40.73579286776364,-74.02837457573912,40.7287448,-74.0321082,member
E6156E512419800D,electric_bike,2026-08-06 18:19:44.001,2026-08-06 18:23:34.850,Bergen Ave & Sip Ave,JC109,Baldwin at Montgomery,JC020,40.73100888698729,-74.06443700194359,40.7236589,-74.0641943,member
869E9BC1E82A3B2A,electric_bike,2026-08-06 18:20:55.930,2026-08-06 18:32:42.676,Bergen Ave & Sip Ave,JC109,West Side Ave & Stegman Pkwy,JC131,40.73100888698729,-74.06443700194359,40.71087,-74.09368,member
5562F234279716C9,classic_bike,2026-08-06 18:21:20.027,2026-08-06 18:26:03.969,River St & 1 St,HB609,6 St & Grand St,HB302,40.73721535335381,-74.02886540972803,40.744397833095604,-74.03450086712837,member
4E66BD9259546682,electric_bike,2026-08-06 18:21:53.254,2026-08-06 18:30:11.278,Bergen Ave & Sip Ave,JC109,Lincoln Park,JC053,40.73100888698729,-74.06443700194359,40.7246050998869,-74.07840594649315,casual
B7BC04C97A76F300,electric_bike,2026-08-06 18:22:01.211,2026-08-06 18:31:42.321,Grove St PATH,JC115,Hamilton Park,JC009,40.71941,-74.04309,40.727595966,-74.044247311,casual
0393F19CCC8B02D2,classic_bike,2026-08-06 18:22:19.599,2026-08-06 18:31:56.592,Grove St PATH,JC115,Lafayette Park,JC078,40.71941,-74.04309,40.71346382669195,-74.06285852193832,member
187EF7A9D254B956,electric_bike,2026-08-06 18:22:37.176,2026-08-06 18:25:43.810,River St & 1 St,HB609,Madison St & 1 St,HB402,40.73721535335381,-74.02886540972803,40.73879,-74.0393,member
F9378D37C24766B9,classic_bike,2026-08-06 18:22:56.344,2026-08-06 18:34:01.667,Grove St PATH,JC115,Dr. Lena Edwards Park,JC117,40.71941,-74.04309,40.713203,-74.058261,casual
827459C1412CEA1F,classic_bike,2026-08-06 18:23:50.816,2026-08-06 18:29:06.728,Grove St PATH,JC115,Van Vorst Park,JC035,40.71941,-74.04309,40.71848892,-74.047726625,member
DE0EFC5D70401A8A,electric_bike,2026-08-06 18:25:22.342,2026-08-06 18:33:11.971,Hamilton Park,JC009,York St & Marin Blvd,JC097,40.727595966,-74.044247311,40.716615000830494,-74.0424120426178,member
D3DD92DEA4930C01,electric_bike,2026-08-06 18:26:54.751,2026-08-06 18:34:39.655,Grove St PATH,JC115,Baldwin at Montgomery,JC020,40.71941,-74.04309,40.7236589,-74.0641943,casual
0646076395C449D1,classic_bike,2026-08-06 18:27:37.752,2026-08-06 18:34:22.619,Hudson Pl & Hoboken Terminal,HB107,12 St & Sinatra Dr N,HB201,40.73579286776364,-74.02837457573912,40.750604142368964,-74.02402013540268,member
93C1470B37817788,electric_bike,2026-08-06 18:27:44.356,2026-08-06 18:34:43.189,River St & 1 St,HB609,Adams St & 12 St,HB610,40.73721535335381,-74.02886540972803,40.751889392240685,-74.03329162748534,member
25C1A6D45E9D0CDE,classic_bike,2026-08-06 18:28:22.835,2026-08-06 18:29:37.948,Hudson Pl & Hoboken Terminal,HB107,River St & 1 St,HB609,40.73579286776364,-74.02837457573912,40.73721535335381,-74.02886540972803,member
1C0111345C5E0D68,classic_bike,2026-08-06 18:28:38.439,2026-08-06 20:56:19.282,South Waterfront Walkway - Sinatra Dr & 1 St,HB103,Hudson Pl & Hoboken Terminal,HB107,40.73698221818716,-74.02778059244156,40.73579286776364,-74.02837457573912,casual
1C1D33ECE7AF4ECD,classic_bike,2026-08-06 18:28:40.356,2026-08-06 18:31:09.227,River St & 1 St,HB609,Clinton St & Newark St,HB409,40.73721535335381,-74.02886540972803,40.73743,-74.03571,member
6A1B4FA2BE664C29,classic_bike,2026-08-06 18:28:41.579,2026-08-06 18:33:38.872,River St & 1 St,HB609,8 St & Washington St,HB603,40.73721535335381,-74.02886540972803,40.745983882915624,-74.02819901704788,member
BF41ED2D7440E6CF,classic_bike,2026-08-06 18:28:56.988,2026-08-06 18:46:30.211,Bergen Ave & Sip Ave,JC109,Grove St PATH,JC115,40.73100888698729,-74.06443700194359,40.71941,-74.04309,member
B2925972E3148AE7,electric_bike,2026-08-06 18:29:16.967,2026-08-06 18:39:38.842,River St & 1 St,HB609,Madison St & 10 St,HB503,40.73721535335381,-74.02886540972803,40.74994325412246,-74.03586477041245,member
1DB18C91465CED8B,classic_bike,2026-08-06 18:29:26.917,2026-08-06 20:56:55.022,South Waterfront Walkway - Sinatra Dr & 1 St,HB103,Hudson Pl & Hoboken Terminal,HB107,40.73698221818716,-74.02778059244156,40.73579286776364,-74.02837457573912,member
33501E0F610CE98C,electric_bike,2026-08-06 18:29:28.680,2026-08-06 18:32:13.760,River St & 1 St,HB609,8 St & Washington St,HB603,40.73721535335381,-74.02886540972803,40.745983882915624,-74.02819901704788,member
F09CD34B8882DC2F,electric_bike,2026-08-06 18:29:29.874,2026-08-06 18:37:21.264,River St & 1 St,HB609,Heights Elevator,JC059,40.73721535335381,-74.02886540972803,40.748715945380226,-74.04044330120087,member
15529D7242D83238,electric_bike,2026-08-06 18:29:35.504,2026-08-06 18:42:07.158,River St & 1 St,HB609,Madison St & 10 St,HB503,40.73721535335381,-74.02886540972803,40.74994325412246,-74.03586477041245,casual
33B90DB2F3605205,classic_bike,2026-08-06 18:29:37.710,2026-08-06 18:35:10.638,Grove St PATH,JC115,Dixon Mills,JC076,40.71941,-74.04309,40.721630142638354,-74.04996782541275,member
144CED5E27D57F68,electric_bike,2026-08-06 18:30:05.419,2026-08-06 18:35:38.393,River St & 1 St,HB609,Clinton St & 7 St,HB303,40.73721535335381,-74.02886540972803,40.74542,-74.03332,member
FF13C666CDA25354,electric_bike,2026-08-06 18:30:07.742,2026-08-06 18:35:21.975,River St & 1 St,HB609,7 St & Monroe St,HB304,40.73721535335381,-74.02886540972803,40.74641264837719,-74.03797701001167,member
EC540605221846AD,electric_bike,2026-08-06 18:30:20.723,2026-08-06 18:35:21.327,Hamilton Park,JC009,Van Vorst Park,JC035,40.727595966,-74.044247311,40.71848892,-74.047726625,casual
1402D18074A861D2,electric_bike,2026-08-06 18:31:43.523,2026-08-06 18:36:37.587,Grove St PATH,JC115,Dr. Lena Edwards Park,JC117,40.71941,-74.04309,40.713203,-74.058261,casual
8EE91E4CEA01B957,classic_bike,2026-08-06 18:32:52.200,2026-08-06 18:41:13.639,Hudson Pl & Hoboken Terminal,HB107,Mama Johnson Field - 4 St & Jackson St,HB404,40.73579286776364,-74.02837457573912,40.74313993965626,-74.04004096984863,member
A4F16B6B5E7F886D,classic_bike,2026-08-06 18:32:58.216,2026-08-06 18:35:11.962,River St & 1 St,HB609,4 St & River St,HB611,40.73721535335381,-74.02886540972803,40.7408139,-74.0274062,member
B84843CE31134F35,classic_bike,2026-08-06 18:33:10.832,2026-08-06 18:39:17.614,Bergen Ave & Sip Ave,JC109,Hilltop,JC019,40.73100888698729,-74.06443700194359,40.7311689,-74.0575736,member
4526EE5A85E523D7,classic_bike,2026-08-06 18:33:36.275,2026-08-06 18:39:50.215,Hudson Pl & Hoboken Terminal,HB107,Church Sq Park - 5 St & Park Ave,HB601,40.73579286776364,-74.02837457573912,40.74265933273143,-74.03223305940628,member
5E4FD1279BA1D253,electric_bike,2026-08-06 18:33:37.894,2026-08-06 18:40:41.906,Grove St PATH,JC115,Pacific Ave & Communipaw Ave,JC118,40.71941,-74.04309,40.711354,-74.062446,casual
FE3E357EFF1CCA33,classic_bike,2026-08-06 18:34:01.686,2026-08-06 18:43:33.130,River St & 1 St,HB609,14 St Ferry - 14 St & Shipyard Ln,HB202,40.73721535335381,-74.02886540972803,40.752960630464955,-74.02435272932053,member
40F9BA40B3F49961,electric_bike,2026-08-06 18:34:46.182,2026-08-06 18:42:28.409,River St & 1 St,HB609,River St & 1 St,HB609,40.73721535335381,-74.02886540972803,40.73721535335381,-74.02886540972803,member
AA3AEC6983B810EF,electric_bike,2026-08-06 18:34:47.945,2026-08-06 18:39:47.390,Bergen Ave & Sip Ave,JC109,Baldwin at Montgomery,JC020,40.73100888698729,-74.06443700194359,40.7236589,-74.0641943,member
0BE01F76DE841DE9,classic_bike,2026-08-06 18:35:15.360,2026-08-06 18:37:36.456,South Waterfront Walkway - Sinatra Dr & 1 St,HB103,4 St & River St,HB611,40.73698221818716,-74.02778059244156,40.7408139,-74.0274062,member
4D028634698B07DE,electric_bike,2026-08-06 18:35:34.532,2026-08-06 18:40:26.680,River St & 1 St,HB609,4 St & Grand St,HB301,40.73721535335381,-74.02886540972803,40.7422579775645,-74.03511106967926,member
92271A82458715CB,classic_bike,2026-08-06 18:36:18.428,2026-08-06 18:49:46.222,South Waterfront Walkway - Sinatra Dr & 1 St,HB103,11 St & Washington St,HB502,40.73698221818716,-74.02778059244156,40.74998490907138,-74.02715027332306,casual
B29884749FC0C02C,classic_bike,2026-08-06 18:38:43.883,2026-08-06 18:47:29.567,Grove St PATH,JC115,Pacific Ave & Communipaw Ave,JC118,40.71941,-74.04309,40.711354,-74.062446,member
3FA9FA2444B8EA85,classic_bike,2026-08-06 18:39:09.162,2026-08-06 18:52:09.723,Grove St PATH,JC115,Communipaw & Berry Lane,JC084,40.71941,-74.04309,40.71435836870427,-74.06661093235016,casual
37939A1DFAD04F73,electric_bike,2026-08-06 18:39:16.390,2026-08-06 18:42:22.311,Grove St PATH,JC115,JC Medical Center,JC110,40.71941,-74.04309,40.71539114317,-74.04969155788422,member
9C6CDD9FB2057895,electric_bike,2026-08-06 18:39:23.973,2026-08-06 18:47:56.880,Bergen Ave & Sip Ave,JC109,Leonard Gordon Park,JC080,40.73100888698729,-74.06443700194359,40.74590996631558,-74.0572714805603,member
5FF1CE7E8F5AB3FC,classic_bike,2026-08-06 18:39:35.086,2026-08-06 18:43:47.752,Grove St PATH,JC115,JC Medical Center,JC110,40.71941,-74.04309,40.71539114317,-74.04969155788422,member
853F2D6ED3F2C1A1,classic_bike,2026-08-06 18:39:36.330,2026-08-06 18:46:44.845,Grove St PATH,JC115,Exchange Pl,JC116,40.71941,-74.04309,40.71636596185077,-74.034343957901,casual
EE9497571313ADA9,classic_bike,2026-08-06 18:39:45.594,2026-08-06 18:49:23.180,Grove St PATH,JC115,Lafayette Park,JC078,40.71941,-74.04309,40.71346382669195,-74.06285852193832,member
1978420BF3F70E0B,classic_bike,2026-08-06 18:40:01.138,2026-08-06 18:46:26.738,Grove St PATH,JC115,Exchange Pl,JC116,40.71941,-74.04309,40.71636596185077,-74.034343957901,member
AE076868E6EA6B17,classic_bike,2026-08-06 18:40:04.146,2026-08-06 18:46:30.578,Grove St PATH,JC115,Exchange Pl,JC116,40.71941,-74.04309,40.71636596185077,-74.034343957901,member
7DE804FFEF1365C0,electric_bike,2026-08-06 18:40:16.198,2026-08-06 18:44:28.691,Grove St PATH,JC115,Brunswick St,JC023,40.71941,-74.04309,40.7241765,-74.0506564,member
17646199A326FB19,electric_bike,2026-08-06 18:42:41.544,2026-08-06 18:48:15.036,Grove St PATH,JC115,Dr. Lena Edwards Park,JC117,40.71941,-74.04309,40.713203,-74.058261,casual
7678C390B88527EB,classic_bike,2026-08-06 18:42:59.992,2026-08-06 18:48:26.049,River St & 1 St,HB609,Adams St & 2 St,HB407,40.73721535335381,-74.02886540972803,40.73981372311843,-74.03690412640572,member
B8B2287369CD3B1D,electric_bike,2026-08-06 18:43:57.891,2026-08-06 18:52:38.439,River St & 1 St,HB609,Grand St & 14 St,HB506,40.73721535335381,-74.02886540972803,40.75409,-74.0316,casual
E1FC68A3E143CB63,classic_bike,2026-08-06 18:44:08.171,2026-08-06 19:01:52.028,South Waterfront Walkway - Sinatra Dr & 1 St,HB103,14 St Ferry - 14 St & Shipyard Ln,HB202,40.73698221818716,-74.02778059244156,40.752960630464955,-74.02435272932053,casual
35AE823397722D53,classic_bike,2026-08-06 18:44:19.820,2026-08-06 18:50:27.116,Grove St PATH,JC115,Hamilton Park,JC009,40.71941,-74.04309,40.727595966,-74.044247311,member
EF83C78F40341E9F,classic_bike,2026-08-06 18:46:24.932,2026-08-06 18:56:35.688,Hamilton Park,JC009,Marshall St & 2 St,HB408,40.727595966,-74.044247311,40.740802,-74.042521,member
57D41398C2246D8F,electric_bike,2026-08-06 18:46:34.517,2026-08-06 18:53:58.414,River St & 1 St,HB609,Oakland Ave,JC022,40.73721535335381,-74.02886540972803,40.7376037,-74.0524783,member
281CAF6C3B42AA1B,classic_bike,2026-08-06 18:46:53.652,2026-08-06 19:01:31.052,South Waterfront Walkway - Sinatra Dr & 1 St,HB103,14 St Ferry - 14 St & Shipyard Ln,HB202,40.73698221818716,-74.02778059244156,40.752960630464955,-74.02435272932053,casual
CC7E6D8E5BF38A5A,electric_bike,2026-08-06 18:47:46.814,2026-08-06 18:55:24.993,Grove St PATH,JC115,Pacific Ave & Communipaw Ave,JC118,40.71941,-74.04309,40.711354,-74.062446,member
F96ADDDB6CD54988,classic_bike,2026-08-06 18:48:16.878,2026-08-06 19:02:05.481,Hamilton Park,JC009,Church Sq Park - 5 St & Park Ave,HB601,40.727595966,-74.044247311,40.74265933273143,-74.03223305940628,casual
E3F7BFE7A2B2EF08,electric_bike,2026-08-06 18:48:32.619,2026-08-06 18:51:07.635,Bergen Ave & Sip Ave,JC109,Glenwood Ave,JC094,40.73100888698729,-74.06443700194359,40.72755146730012,-74.07106071710587,member
B7FD3565EC111900,classic_bike,2026-08-06 18:49:50.521,2026-08-06 19:00:38.551,River St & 1 St,HB609,14 St Ferry - 14 St & Shipyard Ln,HB202,40.73721535335381,-74.02886540972803,40.752960630464955,-74.02435272932053,casual
DE982F35BB166C95,electric_bike,2026-08-06 18:51:22.393,2026-08-06 19:00:26.623,Hudson Pl & Hoboken Terminal,HB107,14 St Ferry - 14 St & Shipyard Ln,HB202,40.73579286776364,-74.02837457573912,40.752960630464955,-74.02435272932053,casual
E48E23CCC0646E41,classic_bike,2026-08-06 18:52:00.497,2026-08-06 18:59:42.664,South Waterfront Walkway - Sinatra Dr & 1 St,HB103,8 St & Washington St,HB603,40.73698221818716,-74.02778059244156,40.745983882915624,-74.02819901704788,casual
2F9C57D733BAE50D,classic_bike,2026-08-06 18:52:31.723,2026-08-06 18:59:27.732,South Waterfront Walkway - Sinatra Dr & 1 St,HB103,11 St & Washington St,HB502,40.73698221818716,-74.02778059244156,40.74998490907138,-74.02715027332306,member
F8EBECF278C17899,electric_bike,2026-08-06 18:52:42.685,2026-08-06 19:04:19.613,Grove St PATH,JC115,Pacific Ave & Communipaw Ave,JC118,40.71941,-74.04309,40.711354,-74.062446,casual
759AAAEAC60786FE,electric_bike,2026-08-06 18:54:05.067,2026-08-06 19:01:55.360,Grove St PATH,JC115,Lafayette Park,JC078,40.71941,-74.04309,40.71346382669195,-74.06285852193832,member
C620A01906B90438,classic_bike,2026-08-06 18:54:08.775,2026-08-06 19:05:53.841,River St & 1 St,HB609,4 St & River St,HB611,40.73721535335381,-74.02886540972803,40.7408139,-74.0274062,member
F6DF94B121A4447C,classic_bike,2026-08-06 18:54:50.149,2026-08-06 18:57:59.281,Grove St PATH,JC115,Marin Light Rail,JC013,40.71941,-74.04309,40.71458403535893,-74.04281705617905,member
74E64F558E69486D,electric_bike,2026-08-06 18:55:19.903,2026-08-06 18:59:46.542,Grove St PATH,JC115,Brunswick St,JC023,40.71941,-74.04309,40.7241765,-74.0506564,member
0DC5295A6170006E,electric_bike,2026-08-06 18:55:53.146,2026-08-06 19:04:25.551,Grove St PATH,JC115,Liberty Light Rail,JC052,40.71941,-74.04309,40.7112423,-74.0557013,member
6D41BAE94236E4E2,electric_bike,2026-08-06 18:56:11.562,2026-08-06 18:59:12.992,Grove St PATH,JC115,Montgomery St,JC099,40.71941,-74.04309,40.71942,-74.05099,member
A158E3238544807A,classic_bike,2026-08-06 18:56:11.819,2026-08-06 19:02:42.544,Hamilton Park,JC009,Newark Ave,JC032,40.727595966,-74.044247311,40.72152515,-74.046304543,member
CDB9A58387BA538C,electric_bike,2026-08-06 18:56:18.325,2026-08-06 18:59:48.435,Grove St PATH,JC115,Montgomery St,JC099,40.71941,-74.04309,40.71942,-74.05099,member
459330AEEDBED1BA,electric_bike,2026-08-06 18:56:28.055,2026-08-06 19:05:03.845,Grove St PATH,JC115,Communipaw & Berry Lane,JC084,40.71941,-74.04309,40.71435836870427,-74.06661093235016,member
902723452E59ECC5,electric_bike,2026-08-06 18:57:00.349,2026-08-06 19:15:40.864,Bergen Ave & Sip Ave,JC109,Mallory Ave & Roosevelt Ave,JC145,40.73100888698729,-74.06443700194359,40.72203,-74.08596,member
587AA212894DB579,electric_bike,2026-08-06 18:58:00.023,2026-08-06 19:01:10.093,Hudson Pl & Hoboken Terminal,HB107,Adams St & 2 St,HB407,40.73579286776364,-74.02837457573912,40.73981372311843,-74.03690412640572,member
CAE92CF56CA7CFD7,classic_bike,2026-08-06 18:58:17.962,2026-08-06 19:08:37.599,Grove St PATH,JC115,Pacific Ave & Communipaw Ave,JC118,40.71941,-74.04309,40.711354,-74.062446,member
905033E608780E09,electric_bike,2026-08-06 18:58:19.572,2026-08-06 19:04:18.906,Grove St PATH,JC115,Dr. Lena Edwards Park,JC117,40.71941,-74.04309,40.713203,-74.058261,member
72BCE0DAF67F77FB,electric_bike,2026-08-06 18:59:03.303,2026-08-06 19:10:57.408,Grove St PATH,JC115,Lafayette Park,JC078,40.71941,-74.04309,40.71346382669195,-74.06285852193832,casual
3C51AD37C95560E6,classic_bike,2026-08-06 19:00:19.055,2026-08-06 19:09:17.303,River St & 1 St,HB609,11 St & Washington St,HB502,40.73721535335381,-74.02886540972803,40.74998490907138,-74.02715027332306,casual
1E08B59779411933,electric_bike,2026-08-06 19:00:20.061,2026-08-06 19:08:18.893,River St & 1 St,HB609,7 St & Monroe St,HB304,40.73721535335381,-74.02886540972803,40.74641264837719,-74.03797701001167,casual
72ECBCA95EA582BC,classic_bike,2026-08-06 19:00:51.899,2026-08-06 19:11:29.727,Grove St PATH,JC115,Communipaw & Berry Lane,JC084,40.71941,-74.04309,40.71435836870427,-74.06661093235016,member
FF424EC8B67B1A3D,classic_bike,2026-08-06 19:01:09.105,2026-08-06 19:10:24.961,South Waterfront Walkway - Sinatra Dr & 1 St,HB103,Bloomfield St & 15 St,HB203,40.73698221818716,-74.02778059244156,40.75453,-74.02658,member
C3D3F370045638B8,classic_bike,2026-08-06 19:01:24.172,2026-08-06 19:14:54.584,South Waterfront Walkway - Sinatra Dr & 1 St,HB103,9 St HBLR - Jackson St & 8 St,HB305,40.73698221818716,-74.02778059244156,40.74790720968899,-74.03841152787209,member
225955C9646E5A93,electric_bike,2026-08-06 19:01:45.821,2026-08-06 19:05:05.388,Bergen Ave & Sip Ave,JC109,Fairmount Ave,JC093,40.73100888698729,-74.06443700194359,40.72572613742557,-74.07195925712585,member
1BBC666CF4561B34,classic_bike,2026-08-06 19:01:59.135,2026-08-06 19:08:06.285,Grove St PATH,JC115,Brunswick & 6th,JC081,40.71941,-74.04309,40.72601172964625,-74.05038893222809,member
A453925A99D0571F,classic_bike,2026-08-06 19:02:46.165,2026-08-06 19:26:12.362,River St & 1 St,HB609,Stevens - River Ter & 6 St,HB602,40.73721535335381,-74.02886540972803,40.74313282710551,-74.02698867022991,member
633971AF5D15413F,electric_bike,2026-08-06 19:03:13.900,2026-08-06 19:07:06.177,River St & 1 St,HB609,8 St & Washington St,HB603,40.73721535335381,-74.02886540972803,40.745983882915624,-74.02819901704788,member
F0DB82F11940638E,classic_bike,2026-08-06 19:03:23.265,2026-08-06 19:07:02.008,Grove St PATH,JC115,Marin Light Rail,JC013,40.71941,-74.04309,40.71458403535893,-74.04281705617905,member
F6C41E71EEF0D801,classic_bike,2026-08-06 19:04:17.819,2026-08-06 19:15:25.804,South Waterfront Walkway - Sinatra Dr & 1 St,HB103,Bloomfield St & 15 St,HB203,40.73698221818716,-74.02778059244156,40.75453,-74.02658,member
BD1B0334D4519D33,classic_bike,2026-08-06 19:04:57.144,2026-08-06 19:18:11.915,Grove St PATH,JC115,Pacific Ave & Communipaw Ave,JC118,40.71941,-74.04309,40.711354,-74.062446,casual
20F0EE8B1A3CE452,classic_bike,2026-08-06 19:08:10.272,2026-08-06 19:25:36.094,River St & 1 St,HB609,Stevens - River Ter & 6 St,HB602,40.73721535335381,-74.02886540972803,40.74313282710551,-74.02698867022991,casual
B627BDCC7CE93A22,electric_bike,2026-08-06 19:08:23.555,2026-08-06 19:15:34.555,Bergen Ave & Sip Ave,JC109,Lincoln Park,JC053,40.73100888698729,-74.06443700194359,40.7246050998869,-74.07840594649315,member
9AFC2D3FD540AD9D,electric_bike,2026-08-06 19:09:07.609,2026-08-06 19:14:08.843,Grove St PATH,JC115,JC Medical Center,JC110,40.71941,-74.04309,40.71539114317,-74.04969155788422,member
E4659AA0FD184057,classic_bike,2026-08-06 19:09:10.083,2026-08-06 19:18:45.590,South Waterfront Walkway - Sinatra Dr & 1 St,HB103,Willow Ave & 12 St,HB505,40.73698221818716,-74.02778059244156,40.7518674823282,-74.03037697076797,member
B89C8C34ACA1F95C,electric_bike,2026-08-06 19:13:58.058,2026-08-06 19:21:35.421,River St & 1 St,HB609,Hoboken Ave at Monmouth St,JC105,40.73721535335381,-74.02886540972803,40.73520838045357,-74.04696375131607,casual
6EDC34CFE7409250,electric_bike,2026-08-06 19:16:00.156,2026-08-06 19:23:23.745,Grove St PATH,JC115,JC Medical Center,JC110,40.71941,-74.04309,40.71539114317,-74.04969155788422,member
B1427DD32B3A13FA,electric_bike,2026-08-06 19:16:17.141,2026-08-06 19:22:09.725,Hamilton Park,JC009,Newark Ave,JC032,40.727595966,-74.044247311,40.72152515,-74.046304543,member
B03899663B926733,electric_bike,2026-08-06 19:16:23.277,2026-08-06 19:29:39.024,River St & 1 St,HB609,Stevens - River Ter & 6 St,HB602,40.73721535335381,-74.02886540972803,40.74313282710551,-74.02698867022991,casual
6710FF77BEA8A0C7,electric_bike,2026-08-06 19:20:26.436,2026-08-06 19:23:06.022,Grove St PATH,JC115,Washington St & Morgan St,JC149,40.71941,-74.04309,40.719445793042716,-74.03689158686865,member
709AB8D3F96E1E23,electric_bike,2026-08-06 19:20:47.265,2026-08-06 19:23:08.560,Grove St PATH,JC115,Washington St & Morgan St,JC149,40.71941,-74.04309,40.719445793042716,-74.03689158686865,casual
A311430C3FA7F6C5,classic_bike,2026-08-06 19:21:36.957,2026-08-06 20:00:40.313,Grove St PATH,JC115,Caven Point Recreation Fields,JC140,40.71941,-74.04309,40.69222,-74.08025,casual
E9408DD7C55D0DED,electric_bike,2026-08-06 19:22:44.716,2026-08-06 19:29:10.126,Grove St PATH,JC115,Pacific Ave & Communipaw Ave,JC118,40.71941,-74.04309,40.711354,-74.062446,casual
359FA1F58D9C62A9,electric_bike,2026-08-06 19:24:47.551,2026-08-06 19:27:06.053,Bergen Ave & Sip Ave,JC109,McGinley Square,JC055,40.73100888698729,-74.06443700194359,40.7253399253558,-74.06762212514877,member
BD2271871BB1452B,electric_bike,2026-08-06 19:25:48.744,2026-08-06 19:28:41.866,Hamilton Park,JC009,Manila & 1st,JC082,40.727595966,-74.044247311,40.721650724879986,-74.04288411140442,casual
CD9F8C39C7A1611A,electric_bike,2026-08-06 19:27:35.161,2026-08-06 19:31:57.591,Grove St PATH,JC115,Monmouth & 6th,JC075,40.71941,-74.04309,40.72568548362901,-74.04879033565521,member
EBD6D52AB61C2F96,classic_bike,2026-08-06 19:28:19.126,2026-08-06 19:36:52.007,River St & 1 St,HB609,Madison St & 10 St,HB503,40.73721535335381,-74.02886540972803,40.74994325412246,-74.03586477041245,casual
BD6DFA2141304AC6,electric_bike,2026-08-06 19:28:19.835,2026-08-06 19:36:03.446,Bergen Ave & Sip Ave,JC109,Hoboken Ave at Monmouth St,JC105,40.73100888698729,-74.06443700194359,40.73520838045357,-74.04696375131607,casual
CDE968565B3D08B5,classic_bike,2026-08-06 19:30:02.855,2026-08-06 19:36:03.560,River St & 1 St,HB609,Southwest Park - Jackson St & Observer Hwy,HB401,40.73721535335381,-74.02886540972803,40.73755127245804,-74.04166370630264,member
004542CDF5065B48,electric_bike,2026-08-06 19:30:28.781,2026-08-06 20:55:21.829,Hamilton Park,JC009,Grove St PATH,JC115,40.727595966,-74.044247311,40.71941,-74.04309,member
D5EBE4C3FDCF75E2,classic_bike,2026-08-06 19:33:40.396,2026-08-06 19:37:27.883,Grove St PATH,JC115,Dixon Mills,JC076,40.71941,-74.04309,40.721630142638354,-74.04996782541275,member
BAC690A75C714236,electric_bike,2026-08-06 19:33:43.159,2026-08-06 19:43:59.447,Grove St PATH,JC115,Pacific Ave & Communipaw Ave,JC118,40.71941,-74.04309,40.711354,-74.062446,member
902B4BEF0855EA28,classic_bike,2026-08-06 19:34:15.791,2026-08-06 19:45:02.863,Hamilton Park,JC009,Hamilton Park,JC009,40.727595966,-74.044247311,40.727595966,-74.044247311,member
DC7D5A26E32569F1,electric_bike,2026-08-06 19:35:00.987,2026-08-06 19:40:43.221,Bergen Ave & Sip Ave,JC109,Astor Place,JC077,40.73100888698729,-74.06443700194359,40.71928220070702,-74.07126188278198,member
E9EC6C306D81F2FA,classic_bike,2026-08-06 19:35:35.214,2026-08-06 19:39:08.281,Grove St PATH,JC115,Grand St,JC102,40.71941,-74.04309,40.71517767732029,-74.03768330812454,member
30943872716D05C1,electric_bike,2026-08-06 19:35:52.404,2026-08-06 19:41:48.507,Bergen Ave & Sip Ave,JC109,Fairmount Ave,JC093,40.73100888698729,-74.06443700194359,40.72572613742557,-74.07195925712585,member
77DE60D3F54BAC7B,classic_bike,2026-08-06 19:36:03.193,2026-08-06 19:42:09.274,Bergen Ave & Sip Ave,JC109,Bergen Ave,JC095,40.73100888698729,-74.06443700194359,40.722103786686034,-74.07145500183105,member
46E8AEA5183F21F1,classic_bike,2026-08-06 19:36:39.350,2026-08-06 19:51:59.210,South Waterfront Walkway - Sinatra Dr & 1 St,HB103,7 St & Monroe St,HB304,40.73698221818716,-74.02778059244156,40.74641264837719,-74.03797701001167,member
7574EF72CA257A1A,electric_bike,2026-08-06 19:38:50.326,2026-08-06 19:45:27.899,Grove St PATH,JC115,Liberty Light Rail,JC052,40.71941,-74.04309,40.7112423,-74.0557013,member
1AF297203139D6FB,classic_bike,2026-08-06 19:39:49.311,2026-08-06 19:55:11.848,Grove St PATH,JC115,Communipaw & Berry Lane,JC084,40.71941,-74.04309,40.71435836870427,-74.06661093235016,member
B81F88D8053298ED,classic_bike,2026-08-06 19:40:14.460,2026-08-06 19:44:02.127,Grove St PATH,JC115,JC Medical Center,JC110,40.71941,-74.04309,40.71539114317,-74.04969155788422,member
A72B757B6B5D13E4,electric_bike,2026-08-06 19:40:17.284,2026-08-06 19:43:08.308,Bergen Ave & Sip Ave,JC109,Glenwood Ave,JC094,40.73100888698729,-74.06443700194359,40.72755146730012,-74.07106071710587,member
B18B7C2EE569B590,electric_bike,2026-08-06 19:40:24.152,2026-08-06 19:46:33.046,Hamilton Park,JC009,City Hall,JC003,40.727595966,-74.044247311,40.7177325,-74.043845,casual
BB0EAF4474E39DD5,classic_bike,2026-08-06 19:40:52.854,2026-08-06 19:48:48.088,Hudson Pl & Hoboken Terminal,HB107,Marshall St & 2 St,HB408,40.73579286776364,-74.02837457573912,40.740802,-74.042521,member
570C95E88C66CC96,electric_bike,2026-08-06 19:40:55.042,2026-08-06 19:49:50.527,Hudson Pl & Hoboken Terminal,HB107,Stevens - River Ter & 6 St,HB602,40.73579286776364,-74.02837457573912,40.74313282710551,-74.02698867022991,casual
EBA642C50EF98F1B,electric_bike,2026-08-06 19:41:08.330,2026-08-06 19:56:59.882,Bergen Ave & Sip Ave,JC109,City Hall - Washington St & 1 St,HB105,40.73100888698729,-74.06443700194359,40.73736,-74.03097,member
96EAE28502917815,classic_bike,2026-08-06 19:45:11.882,2026-08-06 19:58:48.930,South Waterfront Walkway - Sinatra Dr & 1 St,HB103,14 St Ferry - 14 St & Shipyard Ln,HB202,40.73698221818716,-74.02778059244156,40.752960630464955,-74.02435272932053,casual
C692344B16422470,classic_bike,2026-08-06 19:45:19.432,2026-08-06 19:49:22.233,Grove St PATH,JC115,Hamilton Park,JC009,40.71941,-74.04309,40.727595966,-74.044247311,member
639FA339AEF67F2A,classic_bike,2026-08-06 19:46:15.782,2026-08-06 20:00:21.810,South Waterfront Walkway - Sinatra Dr & 1 St,HB103,14 St Ferry - 14 St & Shipyard Ln,HB202,40.73698221818716,-74.02778059244156,40.752960630464955,-74.02435272932053,member
908F6198A351568A,electric_bike,2026-08-06 19:46:40.575,2026-08-06 19:48:54.548,Bergen Ave & Sip Ave,JC109,McGinley Square,JC055,40.73100888698729,-74.06443700194359,40.7253399253558,-74.06762212514877,member
C24AAFABB754AE44,classic_bike,2026-08-06 19:47:17.031,2026-08-06 19:54:17.642,South Waterfront Walkway - Sinatra Dr & 1 St,HB103,Newport Pkwy,JC008,40.73698221818716,-74.02778059244156,40.7287448,-74.0321082,member
E6C61D2EDE53EEE2,electric_bike,2026-08-06 19:49:05.030,2026-08-06 19:54:37.083,South Waterfront Walkway - Sinatra Dr & 1 St,HB103,7 St & Monroe St,HB304,40.73698221818716,-74.02778059244156,40.74641264837719,-74.03797701001167,member
7B6EEA12A5C12F97,classic_bike,2026-08-06 19:49:25.418,2026-08-06 19:53:38.328,Grove St PATH,JC115,Jersey & 6th St,JC027,40.71941,-74.04309,40.72528910781132,-74.04557168483734,member
9D7B1EF650CCE3F9,classic_bike,2026-08-06 19:50:51.191,2026-08-06 19:55:43.760,Grove St PATH,JC115,JC Medical Center,JC110,40.71941,-74.04309,40.71539114317,-74.04969155788422,member
A2D56E3F9B8B0C31,electric_bike,2026-08-06 19:51:21.686,2026-08-06 20:03:51.105,River St & 1 St,HB609,Columbus Drive,JC014,40.73721535335381,-74.02886540972803,40.71835519823214,-74.03891444206238,casual
A60D567318984CAE,classic_bike,2026-08-06 19:52:08.148,2026-08-06 19:55:16.760,Hudson Pl & Hoboken Terminal,HB107,South Waterfront Walkway - Sinatra Dr & 1 St,HB103,40.73579286776364,-74.02837457573912,40.73698221818716,-74.02778059244156,member
5E6193D35125C98A,electric_bike,2026-08-06 19:53:23.987,2026-08-06 20:02:03.437,Grove St PATH,JC115,McGinley Square,JC055,40.71941,-74.04309,40.7253399253558,-74.06762212514877,member
258D0CD9379EB909,electric_bike,2026-08-06 19:55:55.948,2026-08-06 19:58:12.857,Bergen Ave & Sip Ave,JC109,McGinley Square,JC055,40.73100888698729,-74.06443700194359,40.7253399253558,-74.06762212514877,member
B661DBEE0574043E,classic_bike,2026-08-06 19:56:21.461,2026-08-06 20:01:11.331,South Waterfront Walkway - Sinatra Dr & 1 St,HB103,Hudson Pl & Hoboken Terminal,HB107,40.73698221818716,-74.02778059244156,40.73579286776364,-74.02837457573912,member
83EB13109AE99FE9,classic_bike,2026-08-06 19:58:11.010,2026-08-06 20:00:27.587,Hudson Pl & Hoboken Terminal,HB107,South Waterfront Walkway - Sinatra Dr & 1 St,HB103,40.73579286776364,-74.02837457573912,40.73698221818716,-74.02778059244156,member
FF67174B2D224847,electric_bike,2026-08-06 20:00:26.333,2026-08-06 20:11:23.265,Grove St PATH,JC115,Union St & Bergen Ave,JC122,40.71941,-74.04309,40.71575,-74.07887,member
D1D58CAAF8CF1333,classic_bike,2026-08-06 20:00:54.929,2026-08-06 20:08:02.970,South Waterfront Walkway - Sinatra Dr & 1 St,HB103,12 St & Sinatra Dr N,HB201,40.73698221818716,-74.02778059244156,40.750604142368964,-74.02402013540268,member
659A176C79E8EB85,classic_bike,2026-08-06 20:01:57.535,2026-08-06 20:13:30.027,South Waterfront Walkway - Sinatra Dr & 1 St,HB103,14 St Ferry - 14 St & Shipyard Ln,HB202,40.73698221818716,-74.02778059244156,40.752960630464955,-74.02435272932053,casual
E121625C7F8F30CA,classic_bike,2026-08-06 20:07:51.713,2026-08-06 20:17:05.078,Grove St PATH,JC115,Lafayette Park,JC078,40.71941,-74.04309,40.71346382669195,-74.06285852193832,casual
B7450C786751D70A,classic_bike,2026-08-06 20:09:53.394,2026-08-06 20:20:00.458,Hudson Pl & Hoboken Terminal,HB107,12 St & Sinatra Dr N,HB201,40.73579286776364,-74.02837457573912,40.750604142368964,-74.02402013540268,casual
8688138D334908BB,electric_bike,2026-08-06 20:11:50.653,2026-08-06 20:18:53.013,Bergen Ave & Sip Ave,JC109,Bergen Ave,JC095,40.73100888698729,-74.06443700194359,40.722103786686034,-74.07145500183105,member
6C08A4D1212CE22F,classic_bike,2026-08-06 20:12:02.234,2026-08-06 20:19:32.281,River St & 1 St,HB609,Madison St & 10 St,HB503,40.73721535335381,-74.02886540972803,40.74994325412246,-74.03586477041245,member
3528C9D18D0143F6,electric_bike,2026-08-06 20:12:57.651,2026-08-06 20:24:17.131,Bergen Ave & Sip Ave,JC109,Grove St PATH,JC115,40.73100888698729,-74.06443700194359,40.71941,-74.04309,casual
775D56153C7C7B09,electric_bike,2026-08-06 20:14:12.478,2026-08-06 20:19:49.197,River St & 1 St,HB609,11 St & Washington St,HB502,40.73721535335381,-74.02886540972803,40.74998490907138,-74.02715027332306,casual
0703EA1EA706D564,electric_bike,2026-08-06 20:15:54.630,2026-08-06 20:22:19.169,Grove St PATH,JC115,Pacific Ave & Communipaw Ave,JC118,40.71941,-74.04309,40.711354,-74.062446,casual
CB9C2211F7348762,electric_bike,2026-08-06 20:19:07.165,2026-08-06 20:26:13.249,River St & 1 St,HB609,Heights Elevator,JC059,40.73721535335381,-74.02886540972803,40.748715945380226,-74.04044330120087,member
DE3D712FA7364552,classic_bike,2026-08-06 20:19:32.774,2026-08-06 20:45:20.303,Hamilton Park,JC009,Hamilton Park,JC009,40.727595966,-74.044247311,40.727595966,-74.044247311,casual
8BB56A7F53D788C4,electric_bike,2026-08-06 20:20:55.522,2026-08-06 20:28:23.242,South Waterfront Walkway - Sinatra Dr & 1 St,HB103,12 St & Sinatra Dr N,HB201,40.73698221818716,-74.02778059244156,40.750604142368964,-74.02402013540268,member
B1402FDD06D2B376,electric_bike,2026-08-06 20:22:09.557,2026-08-06 20:26:18.016,South Waterfront Walkway - Sinatra Dr & 1 St,HB103,8 St & Washington St,HB603,40.73698221818716,-74.02778059244156,40.745983882915624,-74.02819901704788,casual
C8F0CC8658D7C49E,classic_bike,2026-08-06 20:22:37.928,2026-08-06 20:32:52.371,Grove St PATH,JC115,Dr. Lena Edwards Park,JC117,40.71941,-74.04309,40.713203,-74.058261,member
4CAD4B0D84DF297B,classic_bike,2026-08-06 20:22:39.021,2026-08-06 20:26:43.762,Grove St PATH,JC115,Brunswick St,JC023,40.71941,-74.04309,40.7241765,-74.0506564,member
BE463FEDA1B1E97F,classic_bike,2026-08-06 20:24:23.429,2026-08-06 20:30:02.260,Grove St PATH,JC115,Grand St,JC102,40.71941,-74.04309,40.71517767732029,-74.03768330812454,member
5E21E9C501044939,electric_bike,2026-08-06 20:26:43.143,2026-08-06 20:37:45.172,South Waterfront Walkway - Sinatra Dr & 1 St,HB103,Grand St & 14 St,HB506,40.73698221818716,-74.02778059244156,40.75409,-74.0316,member
E1D03BBB4AB95C55,electric_bike,2026-08-06 20:26:44.543,2026-08-06 20:34:02.234,Grove St PATH,JC115,Jersey & 6th St,JC027,40.71941,-74.04309,40.72528910781132,-74.04557168483734,casual
494106B867A63FC6,classic_bike,2026-08-06 20:27:47.860,2026-08-06 20:34:10.768,Grove St PATH,JC115,Brunswick & 6th,JC081,40.71941,-74.04309,40.72601172964625,-74.05038893222809,member
10EE472A1834852C,classic_bike,2026-08-06 20:28:31.726,2026-08-06 20:36:27.346,Grove St PATH,JC115,Newport Pkwy,JC008,40.71941,-74.04309,40.7287448,-74.0321082,casual
A08C9164DAA7CEC8,electric_bike,2026-08-06 20:30:51.527,2026-08-06 20:33:43.226,Bergen Ave & Sip Ave,JC109,McGinley Square,JC055,40.73100888698729,-74.06443700194359,40.7253399253558,-74.06762212514877,member
2C2A8973C824D3FC,electric_bike,2026-08-06 20:33:13.380,2026-08-06 20:41:32.369,Bergen Ave & Sip Ave,JC109,Lincoln Park,JC053,40.73100888698729,-74.06443700194359,40.7246050998869,-74.07840594649315,casual
78E63CF4278C68D2,electric_bike,2026-08-06 20:35:04.176,2026-08-06 20:39:19.425,Bergen Ave & Sip Ave,JC109,Baldwin at Montgomery,JC020,40.73100888698729,-74.06443700194359,40.7236589,-74.0641943,member
675402369666A5F4,classic_bike,2026-08-06 20:35:26.434,2026-08-06 20:41:22.054,Bergen Ave & Sip Ave,JC109,Lincoln Park,JC053,40.73100888698729,-74.06443700194359,40.7246050998869,-74.07840594649315,member
A14CEC7156161FEC,classic_bike,2026-08-06 20:37:09.222,2026-08-06 20:42:13.684,Hamilton Park,JC009,Manila & 1st,JC082,40.727595966,-74.044247311,40.721650724879986,-74.04288411140442,member
DEF9A18BE2DD7B09,classic_bike,2026-08-06 20:37:35.696,2026-08-06 20:42:37.100,Hamilton Park,JC009,Manila & 1st,JC082,40.727595966,-74.044247311,40.721650724879986,-74.04288411140442,member
15446279A1964A31,classic_bike,2026-08-06 20:37:39.039,2026-08-06 20:45:11.557,River St & 1 St,HB609,11 St & Washington St,HB502,40.73721535335381,-74.02886540972803,40.74998490907138,-74.02715027332306,member
E8F9832641886199,electric_bike,2026-08-06 20:39:30.401,2026-08-06 20:42:47.669,Bergen Ave & Sip Ave,JC109,Glenwood Ave,JC094,40.73100888698729,-74.06443700194359,40.72755146730012,-74.07106071710587,casual
9C71C37F13358641,electric_bike,2026-08-06 20:40:33.560,2026-08-06 20:46:03.033,Bergen Ave & Sip Ave,JC109,Brunswick St,JC023,40.73100888698729,-74.06443700194359,40.7241765,-74.0506564,member
D60523E23947A470,classic_bike,2026-08-06 20:43:39.736,2026-08-06 20:52:39.573,River St & 1 St,HB609,7 St & Monroe St,HB304,40.73721535335381,-74.02886540972803,40.74641264837719,-74.03797701001167,member
5AB9C949F44CCA9A,classic_bike,2026-08-06 20:44:42.732,2026-08-06 20:47:50.830,Grove St PATH,JC115,Van Vorst Park,JC035,40.71941,-74.04309,40.71848892,-74.047726625,member
BBC5EBDACE00BB47,electric_bike,2026-08-06 20:45:44.230,2026-08-06 20:51:12.779,Hamilton Park,JC009,Hilltop,JC019,40.727595966,-74.044247311,40.7311689,-74.0575736,member
A7A95314983C1C4D,classic_bike,2026-08-06 20:48:28.896,2026-08-06 21:07:01.183,Bergen Ave & Sip Ave,JC109,Astor Place,JC077,40.73100888698729,-74.06443700194359,40.71928220070702,-74.07126188278198,member
6E2EC160A5790D57,electric_bike,2026-08-06 20:50:10.365,2026-08-06 20:53:14.079,River St & 1 St,HB609,Adams St & 2 St,HB407,40.73721535335381,-74.02886540972803,40.73981372311843,-74.03690412640572,member
FA8B4846AF477755,electric_bike,2026-08-06 20:52:16.397,2026-08-06 20:56:04.869,Bergen Ave & Sip Ave,JC109,Bergen Ave,JC095,40.73100888698729,-74.06443700194359,40.722103786686034,-74.07145500183105,member
5466B277B002DAC6,electric_bike,2026-08-06 20:54:25.762,2026-08-06 21:02:55.249,Grove St PATH,JC115,Pacific Ave & Communipaw Ave,JC118,40.71941,-74.04309,40.711354,-74.062446,member
937A4189F64D19AA,electric_bike,2026-08-06 20:54:47.297,2026-08-06 21:00:47.904,Grove St PATH,JC115,Lafayette Park,JC078,40.71941,-74.04309,40.71346382669195,-74.06285852193832,member
A614CB9B4D9B5CA5,classic_bike,2026-08-06 20:55:01.900,2026-08-06 20:58:24.180,Hamilton Park,JC009,Monmouth & 6th,JC075,40.727595966,-74.044247311,40.72568548362901,-74.04879033565521,member
8D8CE3A29984B932,electric_bike,2026-08-06 20:57:37.523,2026-08-06 21:05:44.211,Grove St PATH,JC115,Baldwin at Montgomery,JC020,40.71941,-74.04309,40.7236589,-74.0641943,member
BD92C0AB799D199E,classic_bike,2026-08-06 21:00:45.487,2026-08-06 21:06:54.505,Hudson Pl & Hoboken Terminal,HB107,6 St & Grand St,HB302,40.73579286776364,-74.02837457573912,40.744397833095604,-74.03450086712837,member
8480E4EF46590D79,electric_bike,2026-08-06 21:00:55.582,2026-08-06 21:12:55.634,Hamilton Park,JC009,Marshall St & 2 St,HB408,40.727595966,-74.044247311,40.740802,-74.042521,member
045532F3079686CD,classic_bike,2026-08-06 21:01:48.527,2026-08-06 21:05:06.790,Hudson Pl & Hoboken Terminal,HB107,4 St & River St,HB611,40.73579286776364,-74.02837457573912,40.7408139,-74.0274062,member
218402CBDAA80025,electric_bike,2026-08-06 21:01:50.429,2026-08-06 21:13:06.371,Bergen Ave & Sip Ave,JC109,Monmouth & 6th,JC075,40.73100888698729,-74.06443700194359,40.72568548362901,-74.04879033565521,member
6E12E0B404A6FE42,electric_bike,2026-08-06 21:01:52.842,2026-08-06 21:04:30.427,Grove St PATH,JC115,Marin Light Rail,JC013,40.71941,-74.04309,40.71458403535893,-74.04281705617905,member
550699EC6A7A4E9F,classic_bike,2026-08-06 21:01:59.360,2026-08-06 21:04:22.514,Grove St PATH,JC115,Marin Light Rail,JC013,40.71941,-74.04309,40.71458403535893,-74.04281705617905,member
FF493992097ACA7E,classic_bike,2026-08-06 21:05:29.268,2026-08-06 21:11:28.234,Grove St PATH,JC115,JC Medical Center,JC110,40.71941,-74.04309,40.71539114317,-74.04969155788422,casual
8D41179EE02DC489,classic_bike,2026-08-06 21:05:51.287,2026-08-06 21:09:53.230,Grove St PATH,JC115,Newark Ave,JC032,40.71941,-74.04309,40.72152515,-74.046304543,member
707B1E8EA055E55D,electric_bike,2026-08-06 21:07:29.857,2026-08-06 21:51:24.877,River St & 1 St,HB609,Paulus Hook,JC002,40.73721535335381,-74.02886540972803,40.7141454,-74.0335519,casual
D00F3CBA72DC9488,electric_bike,2026-08-06 21:09:14.175,2026-08-06 21:12:34.564,Bergen Ave & Sip Ave,JC109,Fairmount Ave,JC093,40.73100888698729,-74.06443700194359,40.72572613742557,-74.07195925712585,member
A6104A342D19ECD9,electric_bike,2026-08-06 21:11:11.274,2026-08-06 21:14:13.416,Bergen Ave & Sip Ave,JC109,McGinley Square,JC055,40.73100888698729,-74.06443700194359,40.7253399253558,-74.06762212514877,member
CBA35BF750B48837,classic_bike,2026-08-06 21:11:41.065,2026-08-06 21:27:05.446,Hamilton Park,JC009,Marin Light Rail,JC013,40.727595966,-74.044247311,40.71458403535893,-74.04281705617905,member
75DF97E66BEFB407,classic_bike,2026-08-06 21:13:18.840,2026-08-06 21:28:36.711,Hamilton Park,JC009,4 St & River St,HB611,40.727595966,-74.044247311,40.7408139,-74.0274062,casual
9618F97242853850,classic_bike,2026-08-06 21:19:46.857,2026-08-06 21:24:02.646,Grove St PATH,JC115,Marin Light Rail,JC013,40.71941,-74.04309,40.71458403535893,-74.04281705617905,member
86AA2E45300E2128,classic_bike,2026-08-06 21:20:40.821,2026-08-06 21:37:02.805,Hudson Pl & Hoboken Terminal,HB107,Grand St & 14 St,HB506,40.73579286776364,-74.02837457573912,40.75409,-74.0316,member
FA0A65DC4E0F758B,electric_bike,2026-08-06 21:21:44.488,2026-08-06 21:28:22.837,South Waterfront Walkway - Sinatra Dr & 1 St,HB103,12 St & Sinatra Dr N,HB201,40.73698221818716,-74.02778059244156,40.750604142368964,-74.02402013540268,member
88B93F89409DE464,electric_bike,2026-08-06 21:21:54.062,2026-08-06 21:28:11.004,South Waterfront Walkway - Sinatra Dr & 1 St,HB103,12 St & Sinatra Dr N,HB201,40.73698221818716,-74.02778059244156,40.750604142368964,-74.02402013540268,member
9646A632F7914D1F,classic_bike,2026-08-06 21:26:50.094,2026-08-06 21:30:01.792,Grove St PATH,JC115,Newark Ave,JC032,40.71941,-74.04309,40.72152515,-74.046304543,member
850D1316A389DEBA,classic_bike,2026-08-06 21:26:57.747,2026-08-06 21:31:15.282,Grove St PATH,JC115,Montgomery St,JC099,40.71941,-74.04309,40.71942,-74.05099,member
6FC8E03F05CF9DA8,classic_bike,2026-08-06 21:27:49.079,2026-08-06 21:30:41.533,Grove St PATH,JC115,Van Vorst Park,JC035,40.71941,-74.04309,40.71848892,-74.047726625,member
A747DB73A90C59A9,classic_bike,2026-08-06 21:28:38.098,2026-08-06 21:36:42.388,Grove St PATH,JC115,Liberty Light Rail,JC052,40.71941,-74.04309,40.7112423,-74.0557013,casual
86480500F931A083,classic_bike,2026-08-06 21:34:53.649,2026-08-06 21:42:13.408,Grove St PATH,JC115,Jersey & 6th St,JC027,40.71941,-74.04309,40.72528910781132,-74.04557168483734,member
E82AEF34CE5007A5,electric_bike,2026-08-06 21:36:08.461,2026-08-06 21:39:43.073,River St & 1 St,HB609,4 St & Grand St,HB301,40.73721535335381,-74.02886540972803,40.7422579775645,-74.03511106967926,member
F39B5224EA21BA7B,classic_bike,2026-08-06 21:37:14.409,2026-08-06 21:43:48.540,South Waterfront Walkway - Sinatra Dr & 1 St,HB103,Marshall St & 2 St,HB408,40.73698221818716,-74.02778059244156,40.740802,-74.042521,casual
8883D520439BB5C8,classic_bike,2026-08-06 21:43:46.771,2026-08-06 21:44:57.428,Grove St PATH,JC115,City Hall,JC003,40.71941,-74.04309,40.7177325,-74.043845,member
26935073A5A22D61,classic_bike,2026-08-06 21:44:09.730,2026-08-06 21:47:59.265,Bergen Ave & Sip Ave,JC109,McGinley Square,JC055,40.73100888698729,-74.06443700194359,40.7253399253558,-74.06762212514877,casual
BA396CA0F865269A,classic_bike,2026-08-06 21:44:14.751,2026-08-06 21:56:23.550,Grove St PATH,JC115,Dixon Mills,JC076,40.71941,-74.04309,40.721630142638354,-74.04996782541275,casual
77B4BAEFAB049DF7,classic_bike,2026-08-06 21:45:35.074,2026-08-06 21:52:11.317,Bergen Ave & Sip Ave,JC109,Bergen Ave,JC095,40.73100888698729,-74.06443700194359,40.722103786686034,-74.07145500183105,member
C7FBC8F2A013BDE0,electric_bike,2026-08-06 21:49:07.517,2026-08-06 21:52:04.757,Bergen Ave & Sip Ave,JC109,McGinley Square,JC055,40.73100888698729,-74.06443700194359,40.7253399253558,-74.06762212514877,member
6B92B7E710094144,classic_bike,2026-08-06 21:50:06.373,2026-08-06 21:57:11.185,Hudson Pl & Hoboken Terminal,HB107,8 St & Washington St,HB603,40.73579286776364,-74.02837457573912,40.745983882915624,-74.02819901704788,member
9BE466CAB579202E,classic_bike,2026-08-06 21:50:26.841,2026-08-06 21:57:53.448,South Waterfront Walkway - Sinatra Dr & 1 St,HB103,6 St & Grand St,HB302,40.73698221818716,-74.02778059244156,40.744397833095604,-74.03450086712837,member
C8949EC39F226FFA,classic_bike,2026-08-06 21:51:27.843,2026-08-06 22:01:22.856,Grove St PATH,JC115,Newport PATH,JC066,40.71941,-74.04309,40.7272235,-74.0337589,member
BE9AC09395D7B7A0,classic_bike,2026-08-06 21:51:46.440,2026-08-06 21:55:58.359,Grove St PATH,JC115,JC Medical Center,JC110,40.71941,-74.04309,40.71539114317,-74.04969155788422,member
7FE25ACE6875AD0A,classic_bike,2026-08-06 21:52:25.023,2026-08-06 21:55:39.532,Grove St PATH,JC115,Marin Light Rail,JC013,40.71941,-74.04309,40.71458403535893,-74.04281705617905,member
CCAA8914685FAB4E,classic_bike,2026-08-06 21:53:40.764,2026-08-06 22:02:44.941,South Waterfront Walkway - Sinatra Dr & 1 St,HB103,12 St & Sinatra Dr N,HB201,40.73698221818716,-74.02778059244156,40.750604142368964,-74.02402013540268,casual
F3B4CEB5B7096C9F,classic_bike,2026-08-06 22:02:58.008,2026-08-06 22:07:19.402,Grove St PATH,JC115,Jersey & 6th St,JC027,40.71941,-74.04309,40.72528910781132,-74.04557168483734,member
E48BEFAF39F4D27C,electric_bike,2026-08-06 22:10:08.944,2026-08-06 22:25:47.999,Grove St PATH,JC115,Pershing Field,JC024,40.71941,-74.04309,40.742677141,-74.051788633,member
5F847AF307C6796E,classic_bike,2026-08-06 22:20:50.033,2026-08-06 22:26:05.871,Hudson Pl & Hoboken Terminal,HB107,4 St & Grand St,HB301,40.73579286776364,-74.02837457573912,40.7422579775645,-74.03511106967926,member
65E4A9B75523A779,classic_bike,2026-08-06 22:24:55.228,2026-08-06 22:27:35.365,Hamilton Park,JC009,Monmouth & 6th,JC075,40.727595966,-74.044247311,40.72568548362901,-74.04879033565521,member
820540B33DE1E43B,classic_bike,2026-08-06 22:30:27.671,2026-08-06 22:40:34.837,South Waterfront Walkway - Sinatra Dr & 1 St,HB103,6 St & Grand St,HB302,40.73698221818716,-74.02778059244156,40.744397833095604,-74.03450086712837,member
BD822A93510A2E09,classic_bike,2026-08-06 22:31:28.545,2026-08-06 22:33:38.745,South Waterfront Walkway - Sinatra Dr & 1 St,HB103,4 St & River St,HB611,40.73698221818716,-74.02778059244156,40.7408139,-74.0274062,member
63A627ED3067D48D,electric_bike,2026-08-06 22:39:02.148,2026-08-06 22:45:37.808,Hamilton Park,JC009,Grand St,JC102,40.727595966,-74.044247311,40.71517767732029,-74.03768330812454,member
22DFB496FE329C0E,electric_bike,2026-08-06 22:50:07.075,2026-08-06 22:57:10.797,Hamilton Park,JC009,Christ Hospital,JC034,40.727595966,-74.044247311,40.734785818,-74.050443636,member
416644742FD621F1,classic_bike,2026-08-06 22:55:40.295,2026-08-06 23:02:00.803,Grove St PATH,JC115,Brunswick St,JC023,40.71941,-74.04309,40.7241765,-74.0506564,member
29393993FD019C2D,classic_bike,2026-08-06 23:06:22.253,2026-08-06 23:13:26.372,Hudson Pl & Hoboken Terminal,HB107,Madison St & 1 St,HB402,40.73579286776364,-74.02837457573912,40.73879,-74.0393,member
CA1DEE7A44F33C48,classic_bike,2026-08-06 23:09:09.341,2026-08-06 23:18:11.150,Hudson Pl & Hoboken Terminal,HB107,9 St HBLR - Jackson St & 8 St,HB305,40.73579286776364,-74.02837457573912,40.74790720968899,-74.03841152787209,member
63ED2C4499A83B3C,classic_bike,2026-08-06 23:10:13.866,2026-08-06 23:15:08.965,Grove St PATH,JC115,Montgomery St,JC099,40.71941,-74.04309,40.71942,-74.05099,member
9CE1ECC4A2379180,classic_bike,2026-08-06 23:11:30.936,2026-08-06 23:15:25.382,Hudson Pl & Hoboken Terminal,HB107,Newark St & Washington St,HB612,40.73579286776364,-74.02837457573912,40.73681,-74.0309,casual
CC83AA978DB35421,electric_bike,2026-08-06 23:18:58.043,2026-08-06 23:23:11.877,South Waterfront Walkway - Sinatra Dr & 1 St,HB103,Southwest Park - Jackson St & Observer Hwy,HB401,40.73698221818716,-74.02778059244156,40.73755127245804,-74.04166370630264,member
9F6284A752D8DA75,classic_bike,2026-08-06 23:21:49.122,2026-08-06 23:34:15.052,Grove St PATH,JC115,Pacific Ave & Communipaw Ave,JC118,40.71941,-74.04309,40.711354,-74.062446,member
04B2434C50562FDD,classic_bike,2026-08-06 23:27:28.134,2026-08-06 23:40:33.181,Grove St PATH,JC115,Pacific Ave & Communipaw Ave,JC118,40.71941,-74.04309,40.711354,-74.062446,casual
89E4075A51525086,electric_bike,2026-08-06 23:29:57.826,2026-08-06 23:37:14.392,Grove St PATH,JC115,Communipaw & Berry Lane,JC084,40.71941,-74.04309,40.71435836870427,-74.06661093235016,member
C1060819ACFCBF98,classic_bike,2026-08-06 23:31:09.703,2026-08-06 23:42:06.716,Grove St PATH,JC115,Pacific Ave & Communipaw Ave,JC118,40.71941,-74.04309,40.711354,-74.062446,member
BF5C5063A7AD1953,classic_bike,2026-08-06 23:31:30.106,2026-08-06 23:36:23.266,Grove St PATH,JC115,Brunswick St,JC023,40.71941,-74.04309,40.7241765,-74.0506564,casual
A6A4D7FD6A4BD14F,electric_bike,2026-08-06 23:37:51.730,2026-08-06 23:44:07.238,South Waterfront Walkway - Sinatra Dr & 1 St,HB103,14 St Ferry - 14 St & Shipyard Ln,HB202,40.73698221818716,-74.02778059244156,40.752960630464955,-74.02435272932053,member
5DA2A6BAF5EA0F84,electric_bike,2026-08-06 23:43:51.195,2026-08-07 00:04:47.742,South Waterfront Walkway - Sinatra Dr & 1 St,HB103,South Waterfront Walkway - Sinatra Dr & 1 St,HB103,40.73698221818716,-74.02778059244156,40.73698221818716,-74.02778059244156,casual
5D6738AA34D51E6B,classic_bike,2026-08-06 23:44:59.241,2026-08-06 23:48:50.894,Grove St PATH,JC115,Jersey & 3rd,JC074,40.71941,-74.04309,40.72333158646436,-74.04595255851744,casual
D2127CEA3B7F6100,classic_bike,2026-08-06 23:45:32.913,2026-08-06 23:48:48.208,Grove St PATH,JC115,Jersey & 3rd,JC074,40.71941,-74.04309,40.72333158646436,-74.04595255851744,member
A89F8A0C77968401,electric_bike,2026-08-06 23:54:07.006,2026-08-06 23:59:36.254,Hudson Pl & Hoboken Terminal,HB107,12 St & Sinatra Dr N,HB201,40.73579286776364,-74.02837457573912,40.750604142368964,-74.02402013540268,member
0C8DF49B46DEEA7C,electric_bike,2026-08-06 23:55:55.386,2026-08-07 00:01:59.571,River St & 1 St,HB609,Clinton St & 7 St,HB303,40.73721535335381,-74.02886540972803,40.74542,-74.03332,member
B9055ED74469FB4E,electric_bike,2026-08-07 00:01:00.885,2026-08-07 00:08:01.187,Grove St PATH,JC115,Pacific Ave & Communipaw Ave,JC118,40.71941,-74.04309,40.711354,-74.062446,member
C9CADE13FC81D5B9,classic_bike,2026-08-07 00:04:16.168,2026-08-07 00:09:48.666,Grove St PATH,JC115,Brunswick & 6th,JC081,40.71941,-74.04309,40.72601172964625,-74.05038893222809,member
FB8828033DD1E3A8,classic_bike,2026-08-07 00:08:32.565,2026-08-07 00:10:25.274,Grove St PATH,JC115,Grove St PATH,JC115,40.71941,-74.04309,40.71941,-74.04309,casual
9FDB5A88AFC5774E,electric_bike,2026-08-07 00:09:23.211,2026-08-07 00:19:15.194,Bergen Ave & Sip Ave,JC109,Danforth Ave & JFK Blvd,JC144,40.73100888698729,-74.06443700194359,40.70056,-74.09474,member
864BFCA830FFA2B2,classic_bike,2026-08-07 00:10:27.299,2026-08-07 00:15:47.542,Bergen Ave & Sip Ave,JC109,Fairmount Ave,JC093,40.73100888698729,-74.06443700194359,40.72572613742557,-74.07195925712585,casual
578110C524C65362,classic_bike,2026-08-07 00:14:38.501,2026-08-07 00:22:25.169,River St & 1 St,HB609,9 St HBLR - Jackson St & 8 St,HB305,40.73721535335381,-74.02886540972803,40.74790720968899,-74.03841152787209,casual
42A71F051D72B09D,classic_bike,2026-08-07 00:14:44.822,2026-08-07 00:18:46.426,Grove St PATH,JC115,JC Medical Center,JC110,40.71941,-74.04309,40.71539114317,-74.04969155788422,member
069C0374211E0371,electric_bike,2026-08-07 00:15:32.621,2026-08-07 00:21:39.366,South Waterfront Walkway - Sinatra Dr & 1 St,HB103,12 St & Sinatra Dr N,HB201,40.73698221818716,-74.02778059244156,40.750604142368964,-74.02402013540268,member
785C3751DBF5DDA2,classic_bike,2026-08-07 00:22:31.458,2026-08-07 00:33:17.507,River St & 1 St,HB609,Heights Elevator,JC059,40.73721535335381,-74.02886540972803,40.748715945380226,-74.04044330120087,casual
21CE383128A9E14F,classic_bike,2026-08-07 00:38:20.184,2026-08-07 00:44:09.461,Grove St PATH,JC115,Brunswick St,JC023,40.71941,-74.04309,40.7241765,-74.0506564,member
8CE6BAF83F440266,classic_bike,2026-08-07 01:07:44.203,2026-08-07 01:15:38.840,Grove St PATH,JC115,Liberty Light Rail,JC052,40.71941,-74.04309,40.7112423,-74.0557013,member
29F5E15249F369C5,electric_bike,2026-08-07 04:47:52.655,2026-08-07 04:51:59.134,Bergen Ave & Sip Ave,JC109,Bergen Ave,JC095,40.73100888698729,-74.06443700194359,40.722103786686034,-74.07145500183105,member
0282B7B66C9DEAF4,classic_bike,2026-08-07 04:58:58.570,2026-08-07 05:19:23.061,Hamilton Park,JC009,Communipaw & Berry Lane,JC084,40.727595966,-74.044247311,40.71435836870427,-74.06661093235016,casual
045DD2E84B98E072,electric_bike,2026-08-07 05:02:28.037,2026-08-07 05:08:12.822,River St & 1 St,HB609,Newport PATH,JC066,40.73721535335381,-74.02886540972803,40.7272235,-74.0337589,member
00C60E751A888B08,electric_bike,2026-08-07 05:08:00.020,2026-08-07 05:10:56.440,Hamilton Park,JC009,Grove St PATH,JC115,40.727595966,-74.044247311,40.71941,-74.04309,casual
A6ACF65ABD94AC1A,electric_bike,2026-08-07 05:31:31.884,2026-08-07 05:45:31.993,Grove St PATH,JC115,Hoboken Terminal - Hudson St & Hudson Pl,HB101,40.71941,-74.04309,40.73593758446329,-74.03030455112457,casual
C4D2631DD9EE5843,electric_bike,2026-08-07 05:47:45.205,2026-08-07 05:58:21.831,Grove St PATH,JC115,Union St & Bergen Ave,JC122,40.71941,-74.04309,40.71575,-74.07887,member
017884DB553E0EEC,electric_bike,2026-08-07 06:16:21.268,2026-08-07 06:19:07.471,River St & 1 St,HB609,Madison St & 1 St,HB402,40.73721535335381,-74.02886540972803,40.73879,-74.0393,casual
6BF102973B7F92F8,electric_bike,2026-08-07 06:16:39.376,2026-08-07 06:19:20.703,Hamilton Park,JC009,Manila & 1st,JC082,40.727595966,-74.044247311,40.721650724879986,-74.04288411140442,casual
B9556F8D63652A73,electric_bike,2026-08-07 06:42:10.677,2026-08-07 06:45:23.171,Hamilton Park,JC009,Grove St PATH,JC115,40.727595966,-74.044247311,40.71941,-74.04309,member
7E1540616F34405E,electric_bike,2026-08-07 06:46:00.366,2026-08-07 06:48:18.007,Hamilton Park,JC009,Manila & 1st,JC082,40.727595966,-74.044247311,40.721650724879986,-74.04288411140442,member
852C545C61D0886D,classic_bike,2026-08-07 06:46:05.851,2026-08-07 06:50:58.730,Grove St PATH,JC115,JC Medical Center,JC110,40.71941,-74.04309,40.71539114317,-74.04969155788422,member
F2689204F6EFA7AE,electric_bike,2026-08-07 06:47:54.354,2026-08-07 06:50:13.524,Grove St PATH,JC115,Dixon Mills,JC076,40.71941,-74.04309,40.721630142638354,-74.04996782541275,member
0AD1268CCA8830FB,electric_bike,2026-08-07 06:50:50.800,2026-08-07 06:56:02.869,Grove St PATH,JC115,JC Medical Center,JC110,40.71941,-74.04309,40.71539114317,-74.04969155788422,member
7465BA18A6EA9B72,electric_bike,2026-08-07 06:53:18.524,2026-08-07 06:55:57.041,Hamilton Park,JC009,Manila & 1st,JC082,40.727595966,-74.044247311,40.721650724879986,-74.04288411140442,member
58AA44A0863578A0,classic_bike,2026-08-07 06:57:10.814,2026-08-07 07:04:35.277,South Waterfront Walkway - Sinatra Dr & 1 St,HB103,11 St & Washington St,HB502,40.73698221818716,-74.02778059244156,40.74998490907138,-74.02715027332306,casual
5F6265A27ED201E6,electric_bike,2026-08-07 06:57:13.827,2026-08-07 06:58:56.558,Hamilton Park,JC009,Brunswick & 6th,JC081,40.727595966,-74.044247311,40.72601172964625,-74.05038893222809,member
0BEAE5E89C60C3FD,classic_bike,2026-08-07 07:02:53.186,2026-08-07 07:05:32.222,Grove St PATH,JC115,Columbus Drive,JC014,40.71941,-74.04309,40.71835519823214,-74.03891444206238,member
CDE009BC32E074EA,electric_bike,2026-08-07 07:03:51.936,2026-08-07 07:09:00.116,Hamilton Park,JC009,Grove St PATH,JC115,40.727595966,-74.044247311,40.71941,-74.04309,casual
E4EF3E89388D40AA,electric_bike,2026-08-07 07:03:57.430,2026-08-07 07:09:02.858,Hamilton Park,JC009,Grove St PATH,JC115,40.727595966,-74.044247311,40.71941,-74.04309,casual
576D730F9FCCF614,classic_bike,2026-08-07 07:12:03.339,2026-08-07 07:16:19.164,Hamilton Park,JC009,Monmouth & 6th,JC075,40.727595966,-74.044247311,40.72568548362901,-74.04879033565521,member
CFB27A7E4D1FED62,electric_bike,2026-08-07 07:17:15.234,2026-08-07 07:19:38.811,Grove St PATH,JC115,Montgomery St,JC099,40.71941,-74.04309,40.71942,-74.05099,member
3B3D6F2A834B1450,electric_bike,2026-08-07 07:28:17.593,2026-08-07 07:31:57.219,Grove St PATH,JC115,JC Medical Center,JC110,40.71941,-74.04309,40.71539114317,-74.04969155788422,member
CDAFE7159F9901FD,classic_bike,2026-08-07 07:28:30.213,2026-08-07 07:31:25.925,Grove St PATH,JC115,York St & Marin Blvd,JC097,40.71941,-74.04309,40.716615000830494,-74.0424120426178,member
F154E49D521E1481,classic_bike,2026-08-07 07:30:20.667,2026-08-07 07:38:46.290,Hamilton Park,JC009,Washington St & Morgan St,JC149,40.727595966,-74.044247311,40.719445793042716,-74.03689158686865,member
A5B23CB358321B17,electric_bike,2026-08-07 07:32:23.426,2026-08-07 07:38:32.423,Grove St PATH,JC115,Liberty Light Rail,JC052,40.71941,-74.04309,40.7112423,-74.0557013,member
46C42A2E88680B95,electric_bike,2026-08-07 07:33:47.424,2026-08-07 07:38:10.277,Hamilton Park,JC009,Newport PATH,JC066,40.727595966,-74.044247311,40.7272235,-74.0337589,casual
4D0F22154C50BAE8,classic_bike,2026-08-07 07:40:40.416,2026-08-07 07:45:29.072,Hamilton Park,JC009,Grove St PATH,JC115,40.727595966,-74.044247311,40.71941,-74.04309,member
F85B41AE7B58CC75,electric_bike,2026-08-07 07:40:56.153,2026-08-07 07:47:52.484,Grove St PATH,JC115,Hoboken Ave at Monmouth St,JC105,40.71941,-74.04309,40.73520838045357,-74.04696375131607,member
B8D4C74ED5265BD0,electric_bike,2026-08-07 07:41:17.509,2026-08-07 07:45:23.918,Hamilton Park,JC009,Grove St PATH,JC115,40.727595966,-74.044247311,40.71941,-74.04309,member
507849944B9CFC77,classic_bike,2026-08-07 07:46:44.353,2026-08-07 08:02:14.716,Hamilton Park,JC009,Clinton St & 7 St,HB303,40.727595966,-74.044247311,40.74542,-74.03332,member
4DB29DB0D4021084,electric_bike,2026-08-07 08:01:12.635,2026-08-07 08:06:30.037,Hudson Pl & Hoboken Terminal,HB107,4 St & Grand St,HB301,40.73579286776364,-74.02837457573912,40.7422579775645,-74.03511106967926,casual
957C1B0E88CF198C,classic_bike,2026-08-07 08:01:46.669,2026-08-07 08:23:15.325,Bergen Ave & Sip Ave,JC109,River St & 1 St,HB609,40.73100888698729,-74.06443700194359,40.73721535335381,-74.02886540972803,member
BBBF3812DBD0BBB9,electric_bike,2026-08-07 08:08:12.506,2026-08-07 08:11:14.725,Bergen Ave & Sip Ave,JC109,Glenwood Ave,JC094,40.73100888698729,-74.06443700194359,40.72755146730012,-74.07106071710587,casual
7B4F9FD7149B20B9,electric_bike,2026-08-07 08:08:18.236,2026-08-07 08:11:43.699,River St & 1 St,HB609,Adams St & 2 St,HB407,40.73721535335381,-74.02886540972803,40.73981372311843,-74.03690412640572,member
AA7DAB6E4E18D35E,electric_bike,2026-08-07 08:09:58.947,2026-08-07 08:20:07.745,Hamilton Park,JC009,McGinley Square,JC055,40.727595966,-74.044247311,40.7253399253558,-74.06762212514877,member
239801C493ECC149,electric_bike,2026-08-07 08:11:01.786,2026-08-07 08:16:07.427,River St & 1 St,HB609,Marshall St & 2 St,HB408,40.73721535335381,-74.02886540972803,40.740802,-74.042521,casual
8AE9992F16C2E36E,classic_bike,2026-08-07 08:12:45.809,2026-08-07 08:17:13.465,Grove St PATH,JC115,Dixon Mills,JC076,40.71941,-74.04309,40.721630142638354,-74.04996782541275,member
6CB5FFE1703F9F61,electric_bike,2026-08-07 08:14:32.886,2026-08-07 08:20:23.523,River St & 1 St,HB609,14 St Ferry - 14 St & Shipyard Ln,HB202,40.73721535335381,-74.02886540972803,40.752960630464955,-74.02435272932053,member
2C0456F88E455827,electric_bike,2026-08-07 08:16:10.117,2026-08-07 08:19:45.277,River St & 1 St,HB609,4 St & Grand St,HB301,40.73721535335381,-74.02886540972803,40.7422579775645,-74.03511106967926,member
E63898236EB82F24,electric_bike,2026-08-07 08:16:36.866,2026-08-07 08:23:03.381,Hamilton Park,JC009,Hilltop,JC019,40.727595966,-74.044247311,40.7311689,-74.0575736,member
FC43039E12014AEF,electric_bike,2026-08-07 08:22:52.613,2026-08-07 08:27:45.145,River St & 1 St,HB609,11 St & Washington St,HB502,40.73721535335381,-74.02886540972803,40.74998490907138,-74.02715027332306,member
9E3F26A8EE126050,electric_bike,2026-08-07 08:25:30.686,2026-08-07 08:29:48.032,River St & 1 St,HB609,Columbus Park - Clinton St & 9 St,HB501,40.73721535335381,-74.02886540972803,40.74816121065146,-74.0324530005455,casual
3D79CF2BBCCBE424,electric_bike,2026-08-07 08:26:15.418,2026-08-07 08:33:13.346,South Waterfront Walkway - Sinatra Dr & 1 St,HB103,Adams St & 12 St,HB610,40.73698221818716,-74.02778059244156,40.751889392240685,-74.03329162748534,member
FDB4034FDEEB54AF,classic_bike,2026-08-07 08:29:47.778,2026-08-07 08:45:25.881,Hamilton Park,JC009,4 St & River St,HB611,40.727595966,-74.044247311,40.7408139,-74.0274062,member
506F80136110ED64,classic_bike,2026-08-07 08:30:52.750,2026-08-07 08:34:52.258,Hamilton Park,JC009,Manila & 1st,JC082,40.727595966,-74.044247311,40.721650724879986,-74.04288411140442,member
4FC189B095B7D86D,electric_bike,2026-08-07 08:35:45.417,2026-08-07 08:42:38.950,Bergen Ave & Sip Ave,JC109,McGinley Square,JC055,40.73100888698729,-74.06443700194359,40.7253399253558,-74.06762212514877,casual
59AFAA06F54DB442,electric_bike,2026-08-07 08:39:29.347,2026-08-07 08:44:52.578,South Waterfront Walkway - Sinatra Dr & 1 St,HB103,14 St Ferry - 14 St & Shipyard Ln,HB202,40.73698221818716,-74.02778059244156,40.752960630464955,-74.02435272932053,casual
A4DE65EA3B62B326,classic_bike,2026-08-07 08:39:32.738,2026-08-07 08:54:49.707,Hamilton Park,JC009,Hudson Pl & Hoboken Terminal,HB107,40.727595966,-74.044247311,40.73579286776364,-74.02837457573912,member
D566879FDAFE1650,electric_bike,2026-08-07 08:49:25.545,2026-08-07 08:56:49.884,South Waterfront Walkway - Sinatra Dr & 1 St,HB103,9 St HBLR - Jackson St & 8 St,HB305,40.73698221818716,-74.02778059244156,40.74790720968899,-74.03841152787209,member
185C687F10FCEF42,classic_bike,2026-08-07 08:50:47.073,2026-08-07 08:59:02.171,South Waterfront Walkway - Sinatra Dr & 1 St,HB103,Clinton St & 7 St,HB303,40.73698221818716,-74.02778059244156,40.74542,-74.03332,member
8EA02FA471833037,electric_bike,2026-08-07 08:50:58.118,2026-08-07 08:55:20.713,South Waterfront Walkway - Sinatra Dr & 1 St,HB103,12 St & Sinatra Dr N,HB201,40.73698221818716,-74.02778059244156,40.750604142368964,-74.02402013540268,member
22D26DF99DF20C49,electric_bike,2026-08-07 08:52:33.472,2026-08-07 09:09:11.230,South Waterfront Walkway - Sinatra Dr & 1 St,HB103,River St & 1 St,HB609,40.73698221818716,-74.02778059244156,40.73721535335381,-74.02886540972803,casual
A0EEC682D726E182,electric_bike,2026-08-07 08:53:55.018,2026-08-07 08:57:34.450,Hamilton Park,JC009,Newport PATH,JC066,40.727595966,-74.044247311,40.7272235,-74.0337589,member
AA8493FB94D33F30,electric_bike,2026-08-07 08:54:36.608,2026-08-07 09:09:21.544,South Waterfront Walkway - Sinatra Dr & 1 St,HB103,River St & 1 St,HB609,40.73698221818716,-74.02778059244156,40.73721535335381,-74.02886540972803,casual
6AA66F95D31B20E5,classic_bike,2026-08-07 08:55:07.994,2026-08-07 08:59:38.354,Grove St PATH,JC115,Jersey & 6th St,JC027,40.71941,-74.04309,40.72528910781132,-74.04557168483734,member
EAB32E50F3F53D6B,electric_bike,2026-08-07 08:55:24.398,2026-08-07 08:59:20.055,Hudson Pl & Hoboken Terminal,HB107,4 St & Grand St,HB301,40.73579286776364,-74.02837457573912,40.7422579775645,-74.03511106967926,casual
5C9C94262F0B48D6,classic_bike,2026-08-07 08:56:31.819,2026-08-07 09:08:29.405,Hamilton Park,JC009,6 St & Grand St,HB302,40.727595966,-74.044247311,40.744397833095604,-74.03450086712837,casual
894C350AD98EB299,electric_bike,2026-08-07 08:58:23.307,2026-08-07 09:08:28.592,River St & 1 St,HB609,Columbus Park - Clinton St & 9 St,HB501,40.73721535335381,-74.02886540972803,40.74816121065146,-74.0324530005455,member
9EEED76ECF203F46,electric_bike,2026-08-07 08:58:37.508,2026-08-07 09:01:21.469,Hamilton Park,JC009,Manila & 1st,JC082,40.727595966,-74.044247311,40.721650724879986,-74.04288411140442,member
23C8A7EDA46A5E01,classic_bike,2026-08-07 09:04:59.192,2026-08-07 09:11:32.088,Hamilton Park,JC009,Van Vorst Park,JC035,40.727595966,-74.044247311,40.71848892,-74.047726625,member
BD0B2415811CFC1C,classic_bike,2026-08-07 09:07:05.678,2026-08-07 09:10:07.345,Hudson Pl & Hoboken Terminal,HB107,4 St & River St,HB611,40.73579286776364,-74.02837457573912,40.7408139,-74.0274062,member
C088D427AB43ADC8,classic_bike,2026-08-07 09:08:21.274,2026-08-07 09:14:08.067,Hamilton Park,JC009,Grove St PATH,JC115,40.727595966,-74.044247311,40.71941,-74.04309,member
C99535375733ABE9,classic_bike,2026-08-07 09:11:09.517,2026-08-07 09:17:20.122,Hamilton Park,JC009,Washington St,JC098,40.727595966,-74.044247311,40.7242941,-74.0354826,member
52B35BC455868EDC,electric_bike,2026-08-07 09:11:57.032,2026-08-07 09:15:14.233,River St & 1 St,HB609,4 St & Grand St,HB301,40.73721535335381,-74.02886540972803,40.7422579775645,-74.03511106967926,member
377E00DAF9DD3D74,classic_bike,2026-08-07 09:13:07.893,2026-08-07 09:19:40.328,River St & 1 St,HB609,Mama Johnson Field - 4 St & Jackson St,HB404,40.73721535335381,-74.02886540972803,40.74313993965626,-74.04004096984863,member
464A3EABEBAA9305,electric_bike,2026-08-07 09:17:54.952,2026-08-07 09:30:08.153,River St & 1 St,HB609,12 St & Sinatra Dr N,HB201,40.73721535335381,-74.02886540972803,40.750604142368964,-74.02402013540268,member
1D26E087F5F59743,electric_bike,2026-08-07 09:24:10.941,2026-08-07 09:33:59.149,Hudson Pl & Hoboken Terminal,HB107,7 St & Monroe St,HB304,40.73579286776364,-74.02837457573912,40.74641264837719,-74.03797701001167,casual
35DEBBC37CD2180E,electric_bike,2026-08-07 09:25:33.554,2026-08-07 09:31:35.489,Grove St PATH,JC115,Liberty Light Rail,JC052,40.71941,-74.04309,40.7112423,-74.0557013,casual
83755AE898F94182,classic_bike,2026-08-07 09:32:38.600,2026-08-07 09:35:13.319,River St & 1 St,HB609,Clinton St & Newark St,HB409,40.73721535335381,-74.02886540972803,40.73743,-74.03571,member
BD323878DCED458B,electric_bike,2026-08-07 09:33:54.408,2026-08-07 09:39:23.400,River St & 1 St,HB609,Mama Johnson Field - 4 St & Jackson St,HB404,40.73721535335381,-74.02886540972803,40.74313993965626,-74.04004096984863,member
9D0D1A2D44FDDBA5,classic_bike,2026-08-07 09:42:12.533,2026-08-07 10:20:18.606,Grove St PATH,JC115,Morris Canal,JC072,40.71941,-74.04309,40.7124188237569,-74.03852552175522,casual
40EDBB6E5ABFE03D,electric_bike,2026-08-07 09:43:31.674,2026-08-07 10:03:53.379,Grove St PATH,JC115,Morris Canal,JC072,40.71941,-74.04309,40.7124188237569,-74.03852552175522,casual
E1862AF63735E25A,electric_bike,2026-08-07 09:45:37.761,2026-08-07 09:52:30.550,Hudson Pl & Hoboken Terminal,HB107,12 St & Sinatra Dr N,HB201,40.73579286776364,-74.02837457573912,40.750604142368964,-74.02402013540268,member
80B8D54CAEFD7E09,electric_bike,2026-08-07 09:47:43.172,2026-08-07 09:56:51.288,Hudson Pl & Hoboken Terminal,HB107,11 St & Washington St,HB502,40.73579286776364,-74.02837457573912,40.74998490907138,-74.02715027332306,casual
F32757B1109F540C,classic_bike,2026-08-07 09:48:03.756,2026-08-07 09:54:06.509,Hamilton Park,JC009,Van Vorst Park,JC035,40.727595966,-74.044247311,40.71848892,-74.047726625,member
9F744751E3961B18,electric_bike,2026-08-07 09:51:48.842,2026-08-07 09:59:42.940,River St & 1 St,HB609,Bloomfield St & 15 St,HB203,40.73721535335381,-74.02886540972803,40.75453,-74.02658,member
BE83DF57CC3DA17B,electric_bike,2026-08-07 09:52:25.683,2026-08-07 09:55:04.231,Grove St PATH,JC115,Montgomery St,JC099,40.71941,-74.04309,40.71942,-74.05099,casual
170A3B69E1A0ACD2,electric_bike,2026-08-07 09:53:15.840,2026-08-07 09:58:35.135,South Waterfront Walkway - Sinatra Dr & 1 St,HB103,12 St & Sinatra Dr N,HB201,40.73698221818716,-74.02778059244156,40.750604142368964,-74.02402013540268,member
91BADFB6F6720820,electric_bike,2026-08-07 09:55:01.587,2026-08-07 09:57:27.508,Bergen Ave & Sip Ave,JC109,McGinley Square,JC055,40.73100888698729,-74.06443700194359,40.7253399253558,-74.06762212514877,member
0266BB3A42C667F6,classic_bike,2026-08-07 10:01:02.880,2026-08-07 10:02:49.781,Bergen Ave & Sip Ave,JC109,Journal Square,JC103,40.73100888698729,-74.06443700194359,40.73367,-74.0625,member
9B883249F990A07C,electric_bike,2026-08-07 10:02:10.441,2026-08-07 10:06:20.646,River St & 1 St,HB609,Columbus Park - Clinton St & 9 St,HB501,40.73721535335381,-74.02886540972803,40.74816121065146,-74.0324530005455,casual
FB82B4D1D1D6EC60,electric_bike,2026-08-07 10:06:23.611,2026-08-07 10:09:28.990,River St & 1 St,HB609,Stevens - River Ter & 6 St,HB602,40.73721535335381,-74.02886540972803,40.74313282710551,-74.02698867022991,casual
346A8B77E1A71E62,classic_bike,2026-08-07 10:07:04.906,2026-08-07 10:09:02.790,Bergen Ave & Sip Ave,JC109,Journal Square,JC103,40.73100888698729,-74.06443700194359,40.73367,-74.0625,member
5BA570C1FC41DA6B,electric_bike,2026-08-07 10:07:06.408,2026-08-07 10:12:10.557,Grove St PATH,JC115,Morris Canal,JC072,40.71941,-74.04309,40.7124188237569,-74.03852552175522,casual
D470FD256515952A,classic_bike,2026-08-07 10:07:19.153,2026-08-07 10:09:39.112,Grove St PATH,JC115,Newark Ave,JC032,40.71941,-74.04309,40.72152515,-74.046304543,member
8BAA3C5E607EBE26,classic_bike,2026-08-07 10:08:20.052,2026-08-07 10:11:46.663,Hamilton Park,JC009,Manila & 1st,JC082,40.727595966,-74.044247311,40.721650724879986,-74.04288411140442,member
D5C91B3AF9B40B99,classic_bike,2026-08-07 10:13:14.090,2026-08-07 10:15:11.321,Bergen Ave & Sip Ave,JC109,Journal Square,JC103,40.73100888698729,-74.06443700194359,40.73367,-74.0625,member
81B88E8689E6227F,electric_bike,2026-08-07 10:19:58.129,2026-08-07 10:25:29.922,River St & 1 St,HB609,11 St & Washington St,HB502,40.73721535335381,-74.02886540972803,40.74998490907138,-74.02715027332306,casual
379BF3EC55855247,electric_bike,2026-08-07 10:20:01.936,2026-08-07 10:21:27.029,Bergen Ave & Sip Ave,JC109,Journal Square,JC103,40.73100888698729,-74.06443700194359,40.73367,-74.0625,member
7A3CE203A954F27C,classic_bike,2026-08-07 10:20:15.334,2026-08-07 10:27:42.665,Hudson Pl & Hoboken Terminal,HB107,Newport PATH,JC066,40.73579286776364,-74.02837457573912,40.7272235,-74.0337589,member
ED5310D3F35E0C85,electric_bike,2026-08-07 10:20:31.484,2026-08-07 10:22:19.807,Hudson Pl & Hoboken Terminal,HB107,City Hall - Washington St & 1 St,HB105,40.73579286776364,-74.02837457573912,40.73736,-74.03097,member
F03D2481210FD2AF,electric_bike,2026-08-07 10:23:34.531,2026-08-07 10:29:28.088,River St & 1 St,HB609,Newport PATH,JC066,40.73721535335381,-74.02886540972803,40.7272235,-74.0337589,member
A671D906B54B7FFD,electric_bike,2026-08-07 10:25:36.382,2026-08-07 10:26:53.888,Bergen Ave & Sip Ave,JC109,Journal Square,JC103,40.73100888698729,-74.06443700194359,40.73367,-74.0625,member
791D10D8FFE6A96A,electric_bike,2026-08-07 10:26:10.319,2026-08-07 10:37:25.514,Bergen Ave & Sip Ave,JC109,Danforth Ave & Sullivan Dr,JC135,40.73100888698729,-74.06443700194359,40.70436,-74.09811,member
F3E593CFBC7CCB0B,electric_bike,2026-08-07 10:28:25.003,2026-08-07 10:32:30.744,River St & 1 St,HB609,11 St & Washington St,HB502,40.73721535335381,-74.02886540972803,40.74998490907138,-74.02715027332306,member
20255A17D0071D4B,electric_bike,2026-08-07 10:31:39.651,2026-08-07 10:33:05.919,Bergen Ave & Sip Ave,JC109,Journal Square,JC103,40.73100888698729,-74.06443700194359,40.73367,-74.0625,member
F333FBF66B5C4652,classic_bike,2026-08-07 10:33:23.053,2026-08-07 10:40:13.324,Hamilton Park,JC009,Newport Pkwy,JC008,40.727595966,-74.044247311,40.7287448,-74.0321082,member
6C6B9F1AA1856750,electric_bike,2026-08-07 10:37:20.789,2026-08-07 10:38:50.161,Bergen Ave & Sip Ave,JC109,Journal Square,JC103,40.73100888698729,-74.06443700194359,40.73367,-74.0625,member
35F747818CAA9747,electric_bike,2026-08-07 10:37:55.232,2026-08-07 10:45:32.331,Grove St PATH,JC115,Exchange Pl,JC116,40.71941,-74.04309,40.71636596185077,-74.034343957901,member
A898A2C626EE9028,electric_bike,2026-08-07 10:40:48.327,2026-08-07 10:46:51.813,South Waterfront Walkway - Sinatra Dr & 1 St,HB103,11 St & Washington St,HB502,40.73698221818716,-74.02778059244156,40.74998490907138,-74.02715027332306,casual
41E620CE687E88A4,classic_bike,2026-08-07 10:40:48.662,2026-08-07 10:51:27.216,River St & 1 St,HB609,14 St Ferry - 14 St & Shipyard Ln,HB202,40.73721535335381,-74.02886540972803,40.752960630464955,-74.02435272932053,casual
B9F6D894F9F887A7,classic_bike,2026-08-07 10:42:54.171,2026-08-07 10:44:55.707,Bergen Ave & Sip Ave,JC109,Journal Square,JC103,40.73100888698729,-74.06443700194359,40.73367,-74.0625,member
7BA2884CEB1E4E42,classic_bike,2026-08-07 10:43:12.054,2026-08-07 10:47:24.066,River St & 1 St,HB609,Adams St & 2 St,HB407,40.73721535335381,-74.02886540972803,40.73981372311843,-74.03690412640572,member
F321880059857849,electric_bike,2026-08-07 10:45:22.298,2026-08-07 10:51:40.891,Bergen Ave & Sip Ave,JC109,Leonard Gordon Park,JC080,40.73100888698729,-74.06443700194359,40.74590996631558,-74.0572714805603,member
7930776D0948BCE6,electric_bike,2026-08-07 10:46:29.781,2026-08-07 10:52:28.842,Grove St PATH,JC115,Baldwin at Montgomery,JC020,40.71941,-74.04309,40.7236589,-74.0641943,member
C5A6CDD14F653485,electric_bike,2026-08-07 10:46:52.482,2026-08-07 10:53:20.811,Grove St PATH,JC115,Newport PATH,JC066,40.71941,-74.04309,40.7272235,-74.0337589,member
03B6BD7C02DBEEDE,electric_bike,2026-08-07 10:49:47.642,2026-08-07 10:51:28.744,Bergen Ave & Sip Ave,JC109,Journal Square,JC103,40.73100888698729,-74.06443700194359,40.73367,-74.0625,member
B3A1AA3EC63A6E2D,electric_bike,2026-08-07 10:50:30.824,2026-08-07 10:55:09.974,Grove St PATH,JC115,Exchange Pl,JC116,40.71941,-74.04309,40.71636596185077,-74.034343957901,member
50646EF2EE532B4B,electric_bike,2026-08-07 10:56:07.153,2026-08-07 11:07:47.101,Bergen Ave & Sip Ave,JC109,Dr. Lena Edwards Park,JC117,40.73100888698729,-74.06443700194359,40.713203,-74.058261,member
BAB899ED19E4EDF6,electric_bike,2026-08-07 10:57:23.171,2026-08-07 11:00:18.757,Bergen Ave & Sip Ave,JC109,Fairmount Ave,JC093,40.73100888698729,-74.06443700194359,40.72572613742557,-74.07195925712585,member
A5EB743161724E45,electric_bike,2026-08-07 11:01:01.586,2026-08-07 11:09:48.977,Bergen Ave & Sip Ave,JC109,Pershing Field,JC024,40.73100888698729,-74.06443700194359,40.742677141,-74.051788633,member
FB79600A286FC8BF,classic_bike,2026-08-07 11:01:17.702,2026-08-07 11:25:48.072,River St & 1 St,HB609,Warren St,JC006,40.73721535335381,-74.02886540972803,40.7211236,-74.03805095,casual
4284A350A026DAEC,classic_bike,2026-08-07 11:03:09.698,2026-08-07 11:21:26.121,Hamilton Park,JC009,Newport PATH,JC066,40.727595966,-74.044247311,40.7272235,-74.0337589,member
583FCF1BD799927E,electric_bike,2026-08-07 11:03:23.802,2026-08-07 11:48:36.833,River St & 1 St,HB609,Ferris Triangle Park,JC137,40.73721535335381,-74.02886540972803,40.69877,-74.09216,member
CAA5D31425822B90,electric_bike,2026-08-07 11:08:47.762,2026-08-07 11:13:09.707,River St & 1 St,HB609,Clinton St & 7 St,HB303,40.73721535335381,-74.02886540972803,40.74542,-74.03332,member
7FE37E4120B1DC38,classic_bike,2026-08-07 11:10:09.498,2026-08-07 11:26:29.613,Grove St PATH,JC115,City Hall,JC003,40.71941,-74.04309,40.7177325,-74.043845,member
45E0700841787F81,classic_bike,2026-08-07 11:11:54.974,2026-08-07 11:14:21.659,Grove St PATH,JC115,York St & Marin Blvd,JC097,40.71941,-74.04309,40.716615000830494,-74.0424120426178,member
965863032A08D037,electric_bike,2026-08-07 11:11:56.603,2026-08-07 11:22:26.318,River St & 1 St,HB609,Oakland Ave,JC022,40.73721535335381,-74.02886540972803,40.7376037,-74.0524783,member
98AD7F44D1B09D32,electric_bike,2026-08-07 11:14:41.773,2026-08-07 11:22:43.119,South Waterfront Walkway - Sinatra Dr & 1 St,HB103,12 St & Sinatra Dr N,HB201,40.73698221818716,-74.02778059244156,40.750604142368964,-74.02402013540268,member
ECD3F032A4E7943B,electric_bike,2026-08-07 11:14:43.952,2026-08-07 11:22:35.729,South Waterfront Walkway - Sinatra Dr & 1 St,HB103,12 St & Sinatra Dr N,HB201,40.73698221818716,-74.02778059244156,40.750604142368964,-74.02402013540268,member
D86CE10B9BABB187,electric_bike,2026-08-07 11:16:49.335,2026-08-07 11:19:02.294,Bergen Ave & Sip Ave,JC109,McGinley Square,JC055,40.73100888698729,-74.06443700194359,40.7253399253558,-74.06762212514877,member
0556342660E94B1E,electric_bike,2026-08-07 11:19:44.343,2026-08-07 11:26:18.778,Hamilton Park,JC009,City Hall,JC003,40.727595966,-74.044247311,40.7177325,-74.043845,casual
492A49EEA62DFDAA,classic_bike,2026-08-07 11:21:33.622,2026-08-07 11:30:45.287,Grove St PATH,JC115,Pacific Ave & Communipaw Ave,JC118,40.71941,-74.04309,40.711354,-74.062446,member
4982877257B6E2B3,electric_bike,2026-08-07 11:25:32.755,2026-08-07 11:33:12.310,Grove St PATH,JC115,Baldwin at Montgomery,JC020,40.71941,-74.04309,40.7236589,-74.0641943,casual
153733D470EA2FFF,classic_bike,2026-08-07 11:26:05.018,2026-08-07 11:30:36.241,River St & 1 St,HB609,4 St & Grand St,HB301,40.73721535335381,-74.02886540972803,40.7422579775645,-74.03511106967926,member
93EA64072C09BC4F,classic_bike,2026-08-07 11:26:08.904,2026-08-07 11:32:49.437,Hudson Pl & Hoboken Terminal,HB107,8 St & Washington St,HB603,40.73579286776364,-74.02837457573912,40.745983882915624,-74.02819901704788,member
4978D23980308923,classic_bike,2026-08-07 11:26:51.197,2026-08-07 11:28:06.208,Grove St PATH,JC115,City Hall,JC003,40.71941,-74.04309,40.7177325,-74.043845,member
4BDD294B0CF5301B,classic_bike,2026-08-07 11:28:03.530,2026-08-07 11:39:21.419,Bergen Ave & Sip Ave,JC109,Communipaw & Berry Lane,JC084,40.73100888698729,-74.06443700194359,40.71435836870427,-74.06661093235016,casual
DDE7990C8B4EDD31,electric_bike,2026-08-07 11:32:27.252,2026-08-07 11:38:02.962,Grove St PATH,JC115,Hamilton Park,JC009,40.71941,-74.04309,40.727595966,-74.044247311,casual
9322F80B95E95091,classic_bike,2026-08-07 11:33:05.418,2026-08-07 11:43:42.020,Grove St PATH,JC115,Bergen Ave & Sip Ave,JC109,40.71941,-74.04309,40.73100888698729,-74.06443700194359,member
C11A0870788B02A2,electric_bike,2026-08-07 11:37:50.898,2026-08-07 11:41:52.249,River St & 1 St,HB609,11 St & Washington St,HB502,40.73721535335381,-74.02886540972803,40.74998490907138,-74.02715027332306,member
E711F64AB4EDA22C,electric_bike,2026-08-07 11:38:34.721,2026-08-07 11:40:42.981,River St & 1 St,HB609,Stevens - River Ter & 6 St,HB602,40.73721535335381,-74.02886540972803,40.74313282710551,-74.02698867022991,casual
841675D5D971078C,electric_bike,2026-08-07 11:40:55.259,2026-08-07 11:55:00.908,Grove St PATH,JC115,Pershing Field,JC024,40.71941,-74.04309,40.742677141,-74.051788633,member
547E3184256C980F,electric_bike,2026-08-07 11:41:21.521,2026-08-07 12:09:43.585,River St & 1 St,HB609,11 St & Washington St,HB502,40.73721535335381,-74.02886540972803,40.74998490907138,-74.02715027332306,member
84FC6F3E7938E209,electric_bike,2026-08-07 11:49:36.156,2026-08-07 11:53:09.443,Bergen Ave & Sip Ave,JC109,Baldwin at Montgomery,JC020,40.73100888698729,-74.06443700194359,40.7236589,-74.0641943,member
97F0CF2855B5A3A9,classic_bike,2026-08-07 11:49:56.227,2026-08-07 12:01:08.501,Grove St PATH,JC115,Baldwin at Montgomery,JC020,40.71941,-74.04309,40.7236589,-74.0641943,casual
4042CD1C8DC867E6,classic_bike,2026-08-07 11:50:50.057,2026-08-07 12:01:46.349,South Waterfront Walkway - Sinatra Dr & 1 St,HB103,Church Sq Park - 5 St & Park Ave,HB601,40.73698221818716,-74.02778059244156,40.74265933273143,-74.03223305940628,member
1BADBEA0F7D36462,classic_bike,2026-08-07 11:59:26.924,2026-08-07 12:04:26.885,Hamilton Park,JC009,Hoboken Ave at Monmouth St,JC105,40.727595966,-74.044247311,40.73520838045357,-74.04696375131607,member
00AE370296F111D4,classic_bike,2026-08-07 12:00:15.010,2026-08-07 12:02:10.971,River St & 1 St,HB609,4 St & River St,HB611,40.73721535335381,-74.02886540972803,40.7408139,-74.0274062,member
3C445A75AEACD100,electric_bike,2026-08-07 12:02:01.930,2026-08-07 12:08:09.868,Bergen Ave & Sip Ave,JC109,Lincoln Park,JC053,40.73100888698729,-74.06443700194359,40.7246050998869,-74.07840594649315,member
012D814A98820A3B,electric_bike,2026-08-07 12:04:33.973,2026-08-07 12:12:51.412,River St & 1 St,HB609,Columbus Park - Clinton St & 9 St,HB501,40.73721535335381,-74.02886540972803,40.74816121065146,-74.0324530005455,casual
7538B121F2513DA2,electric_bike,2026-08-07 12:08:29.475,2026-08-07 12:13:10.384,Hamilton Park,JC009,Hoboken Ave at Monmouth St,JC105,40.727595966,-74.044247311,40.73520838045357,-74.04696375131607,casual
D6385B830C9DB999,electric_bike,2026-08-07 12:11:40.123,2026-08-07 12:16:13.804,South Waterfront Walkway - Sinatra Dr & 1 St,HB103,12 St & Sinatra Dr N,HB201,40.73698221818716,-74.02778059244156,40.750604142368964,-74.02402013540268,casual
B0B779AB33529501,electric_bike,2026-08-07 12:17:05.779,2026-08-07 12:25:54.936,Bergen Ave & Sip Ave,JC109,Newark Ave,JC032,40.73100888698729,-74.06443700194359,40.72152515,-74.046304543,member
3B12DF5E5FD03BED,electric_bike,2026-08-07 12:21:52.521,2026-08-07 12:34:33.636,South Waterfront Walkway - Sinatra Dr & 1 St,HB103,11 St & Washington St,HB502,40.73698221818716,-74.02778059244156,40.74998490907138,-74.02715027332306,member
054E6A228C445B5C,electric_bike,2026-08-07 12:22:08.980,2026-08-07 12:33:10.760,Hudson Pl & Hoboken Terminal,HB107,Morris Canal,JC072,40.73579286776364,-74.02837457573912,40.7124188237569,-74.03852552175522,member
B2B72CDEEDC2D160,electric_bike,2026-08-07 12:23:15.353,2026-08-07 12:43:01.801,Bergen Ave & Sip Ave,JC109,Madison St & 1 St,HB402,40.73100888698729,-74.06443700194359,40.73879,-74.0393,casual
E475962588E8F8B5,electric_bike,2026-08-07 12:23:31.413,2026-08-07 12:29:26.708,River St & 1 St,HB609,7 St & Monroe St,HB304,40.73721535335381,-74.02886540972803,40.74641264837719,-74.03797701001167,casual
89A053F5BD6BDAFD,electric_bike,2026-08-07 12:23:45.613,2026-08-07 12:29:47.350,Bergen Ave & Sip Ave,JC109,Baldwin at Montgomery,JC020,40.73100888698729,-74.06443700194359,40.7236589,-74.0641943,member
E46BF71A2C975192,electric_bike,2026-08-07 12:24:28.117,2026-08-07 12:28:17.507,Hudson Pl & Hoboken Terminal,HB107,Southwest Park - Jackson St & Observer Hwy,HB401,40.73579286776364,-74.02837457573912,40.73755127245804,-74.04166370630264,casual
DC9F0623D46EEB7B,electric_bike,2026-08-07 12:26:39.431,2026-08-07 12:29:12.911,Hamilton Park,JC009,Manila & 1st,JC082,40.727595966,-74.044247311,40.721650724879986,-74.04288411140442,member
953C5F759B40789B,electric_bike,2026-08-07 12:27:48.949,2026-08-07 12:36:00.646,Hudson Pl & Hoboken Terminal,HB107,Warren St,JC006,40.73579286776364,-74.02837457573912,40.7211236,-74.03805095,casual
AA6F8EDFCB00ECB5,electric_bike,2026-08-07 12:28:31.426,2026-08-07 12:33:43.982,Grove St PATH,JC115,,,40.71941,-74.04309,,,member
3F334EBBFE2D365F,classic_bike,2026-08-07 12:29:45.844,2026-08-07 12:35:57.651,Grove St PATH,JC115,Monmouth & 6th,JC075,40.71941,-74.04309,40.72568548362901,-74.04879033565521,member
7462598E2008105F,classic_bike,2026-08-07 12:31:41.667,2026-08-07 12:37:22.712,Bergen Ave & Sip Ave,JC109,Baldwin at Montgomery,JC020,40.73100888698729,-74.06443700194359,40.7236589,-74.0641943,member
BA6EA631F9CB68E4,classic_bike,2026-08-07 12:33:00.245,2026-08-07 12:36:54.066,Bergen Ave & Sip Ave,JC109,McGinley Square,JC055,40.73100888698729,-74.06443700194359,40.7253399253558,-74.06762212514877,member
0D006E271CE3D6E8,electric_bike,2026-08-07 12:34:08.413,2026-08-07 12:43:54.660,Hamilton Park,JC009,Stevens - River Ter & 6 St,HB602,40.727595966,-74.044247311,40.74313282710551,-74.02698867022991,member
9481CD414EA92082,electric_bike,2026-08-07 12:37:36.778,2026-08-07 12:47:37.687,Hudson Pl & Hoboken Terminal,HB107,Pershing Field,JC024,40.73579286776364,-74.02837457573912,40.742677141,-74.051788633,member
2D462DF19B7A970E,electric_bike,2026-08-07 12:37:44.011,2026-08-07 12:45:37.047,Bergen Ave & Sip Ave,JC109,Baldwin at Montgomery,JC020,40.73100888698729,-74.06443700194359,40.7236589,-74.0641943,casual
68E486617B5E6E02,electric_bike,2026-08-07 12:39:12.321,2026-08-07 12:42:18.522,River St & 1 St,HB609,Clinton St & 7 St,HB303,40.73721535335381,-74.02886540972803,40.74542,-74.03332,casual
19F96B8231B438A0,electric_bike,2026-08-07 12:41:06.653,2026-08-07 12:46:26.181,South Waterfront Walkway - Sinatra Dr & 1 St,HB103,Church Sq Park - 5 St & Park Ave,HB601,40.73698221818716,-74.02778059244156,40.74265933273143,-74.03223305940628,casual
26D96139C76F7944,classic_bike,2026-08-07 12:43:32.117,2026-08-07 12:45:23.862,Grove St PATH,JC115,City Hall,JC003,40.71941,-74.04309,40.7177325,-74.043845,member
2612D6864369647F,electric_bike,2026-08-07 12:46:41.163,2026-08-07 12:50:56.841,River St & 1 St,HB609,4 St & Grand St,HB301,40.73721535335381,-74.02886540972803,40.7422579775645,-74.03511106967926,member
CCF20D150C0D59B4,electric_bike,2026-08-07 12:55:58.142,2026-08-07 12:59:21.443,Hudson Pl & Hoboken Terminal,HB107,Stevens - River Ter & 6 St,HB602,40.73579286776364,-74.02837457573912,40.74313282710551,-74.02698867022991,member
22734E3E7EB8AD30,electric_bike,2026-08-07 13:00:58.988,2026-08-07 13:09:00.941,River St & 1 St,HB609,Riverview Park,JC057,40.73721535335381,-74.02886540972803,40.7443187,-74.0439909,member
58CEAC37FC793DDE,electric_bike,2026-08-07 13:02:04.223,2026-08-07 13:10:22.756,Hamilton Park,JC009,Washington St & Morgan St,JC149,40.727595966,-74.044247311,40.719445793042716,-74.03689158686865,member
5A68306E70B63D09,electric_bike,2026-08-07 13:02:45.982,2026-08-07 13:17:46.207,Grove St PATH,JC115,Garfield Light Rail,JC119,40.71941,-74.04309,40.710526,-74.070112,member
29AC6B90099C2DA6,electric_bike,2026-08-07 13:04:21.404,2026-08-07 13:07:46.237,Grove St PATH,JC115,Exchange Pl,JC116,40.71941,-74.04309,40.71636596185077,-74.034343957901,member
E68947F7772150B1,classic_bike,2026-08-07 13:05:33.281,2026-08-07 13:12:42.971,Bergen Ave & Sip Ave,JC109,Newark Ave,JC032,40.73100888698729,-74.06443700194359,40.72152515,-74.046304543,member
DCA59ED1EDF36FD7,electric_bike,2026-08-07 13:08:27.061,2026-08-07 13:15:29.719,Hudson Pl & Hoboken Terminal,HB107,Hoboken Ave at Monmouth St,JC105,40.73579286776364,-74.02837457573912,40.73520838045357,-74.04696375131607,casual
2FAF19542CB61252,electric_bike,2026-08-07 13:09:29.682,2026-08-07 13:15:01.732,River St & 1 St,HB609,12 St & Sinatra Dr N,HB201,40.73721535335381,-74.02886540972803,40.750604142368964,-74.02402013540268,casual
A26D895966560432,electric_bike,2026-08-07 13:11:15.049,2026-08-07 13:13:48.531,Hamilton Park,JC009,Brunswick & 6th,JC081,40.727595966,-74.044247311,40.72601172964625,-74.05038893222809,casual
02BE7E116411EBC1,electric_bike,2026-08-07 13:11:37.937,2026-08-07 13:17:04.734,Hudson Pl & Hoboken Terminal,HB107,Adams St & 2 St,HB407,40.73579286776364,-74.02837457573912,40.73981372311843,-74.03690412640572,member
A7F6111278C9A687,electric_bike,2026-08-07 13:11:45.628,2026-08-07 13:20:27.316,Hudson Pl & Hoboken Terminal,HB107,9 St HBLR - Jackson St & 8 St,HB305,40.73579286776364,-74.02837457573912,40.74790720968899,-74.03841152787209,casual
4553026A28A5FAC8,electric_bike,2026-08-07 13:13:03.982,2026-08-07 13:20:44.676,River St & 1 St,HB609,Adams St & 12 St,HB610,40.73721535335381,-74.02886540972803,40.751889392240685,-74.03329162748534,member
86F4AD6492417A02,electric_bike,2026-08-07 13:16:04.755,2026-08-07 13:24:50.872,Grove St PATH,JC115,Lafayette Park,JC078,40.71941,-74.04309,40.71346382669195,-74.06285852193832,casual
E6CC48BE2FA015C7,electric_bike,2026-08-07 13:17:27.628,2026-08-07 13:27:11.707,Hudson Pl & Hoboken Terminal,HB107,Willow Ave & 12 St,HB505,40.73579286776364,-74.02837457573912,40.7518674823282,-74.03037697076797,member
AABC65B934001BF7,classic_bike,2026-08-07 13:18:59.261,2026-08-07 13:23:37.803,Bergen Ave & Sip Ave,JC109,Fairmount Ave,JC093,40.73100888698729,-74.06443700194359,40.72572613742557,-74.07195925712585,member
DDACD37017DC820E,electric_bike,2026-08-07 13:22:00.954,2026-08-07 13:26:45.374,River St & 1 St,HB609,Church Sq Park - 5 St & Park Ave,HB601,40.73721535335381,-74.02886540972803,40.74265933273143,-74.03223305940628,member
6B2BC8814C5D82EB,electric_bike,2026-08-07 13:24:05.120,2026-08-07 13:29:07.954,Hudson Pl & Hoboken Terminal,HB107,11 St & Washington St,HB502,40.73579286776364,-74.02837457573912,40.74998490907138,-74.02715027332306,member
6CD39DEFBF9F2FFD,electric_bike,2026-08-07 13:24:45.972,2026-08-07 13:29:52.787,Hudson Pl & Hoboken Terminal,HB107,4 St & Grand St,HB301,40.73579286776364,-74.02837457573912,40.7422579775645,-74.03511106967926,casual
084694A1625DA9D7,electric_bike,2026-08-07 13:25:02.735,2026-08-07 13:29:18.777,Hamilton Park,JC009,Grove St PATH,JC115,40.727595966,-74.044247311,40.71941,-74.04309,member
900C94C76FA9C258,electric_bike,2026-08-07 13:26:02.022,2026-08-07 13:29:06.921,Bergen Ave & Sip Ave,JC109,Baldwin at Montgomery,JC020,40.73100888698729,-74.06443700194359,40.7236589,-74.0641943,member
0F62F4ACCFA77FDE,electric_bike,2026-08-07 13:26:38.993,2026-08-07 13:33:35.947,River St & 1 St,HB609,Willow Ave & 12 St,HB505,40.73721535335381,-74.02886540972803,40.7518674823282,-74.03037697076797,member
2C9398E286C6BCAC,electric_bike,2026-08-07 13:27:36.802,2026-08-07 13:36:52.101,River St & 1 St,HB609,Washington St & Morgan St,JC149,40.73721535335381,-74.02886540972803,40.719445793042716,-74.03689158686865,member
33C427649282F8BA,electric_bike,2026-08-07 13:32:58.062,2026-08-07 13:38:55.707,Bergen Ave & Sip Ave,JC109,Astor Place,JC077,40.73100888698729,-74.06443700194359,40.71928220070702,-74.07126188278198,casual
170BB22A0A01BB09,electric_bike,2026-08-07 13:36:47.972,2026-08-07 13:40:34.653,Hamilton Park,JC009,Washington St,JC098,40.727595966,-74.044247311,40.7242941,-74.0354826,member
9B38FCABABAB75EB,electric_bike,2026-08-07 13:37:58.825,2026-08-07 13:41:36.845,Bergen Ave & Sip Ave,JC109,Bergen Ave,JC095,40.73100888698729,-74.06443700194359,40.722103786686034,-74.07145500183105,member
1075C99AE472358F,electric_bike,2026-08-07 13:38:16.372,2026-08-07 13:44:24.014,Grove St PATH,JC115,Pacific Ave & Communipaw Ave,JC118,40.71941,-74.04309,40.711354,-74.062446,casual
35FB83993738BF15,electric_bike,2026-08-07 13:39:11.309,2026-08-07 13:47:47.880,Hamilton Park,JC009,Riverview Park,JC057,40.727595966,-74.044247311,40.7443187,-74.0439909,member
9C0E40537D62C091,electric_bike,2026-08-07 13:39:14.273,2026-08-07 13:42:31.618,Hudson Pl & Hoboken Terminal,HB107,Adams St & 2 St,HB407,40.73579286776364,-74.02837457573912,40.73981372311843,-74.03690412640572,member
5B5CDDB95B65BDE7,electric_bike,2026-08-07 13:40:21.803,2026-08-07 13:48:01.468,Bergen Ave & Sip Ave,JC109,Pershing Field,JC024,40.73100888698729,-74.06443700194359,40.742677141,-74.051788633,member
308386C889CF4164,electric_bike,2026-08-07 13:41:05.173,2026-08-07 13:46:04.169,Hudson Pl & Hoboken Terminal,HB107,Church Sq Park - 5 St & Park Ave,HB601,40.73579286776364,-74.02837457573912,40.74265933273143,-74.03223305940628,member
CFB6BBB6BEF3FD60,electric_bike,2026-08-07 13:47:48.696,2026-08-07 13:54:01.541,River St & 1 St,HB609,Madison St & 1 St,HB402,40.73721535335381,-74.02886540972803,40.73879,-74.0393,member
DFF890163AB9A65A,classic_bike,2026-08-07 13:48:57.381,2026-08-07 13:52:40.906,Grove St PATH,JC115,Marin Light Rail,JC013,40.71941,-74.04309,40.71458403535893,-74.04281705617905,member
9D8E7FF584634AC5,electric_bike,2026-08-07 13:49:11.763,2026-08-07 13:57:05.478,Grove St PATH,JC115,Communipaw & Berry Lane,JC084,40.71941,-74.04309,40.71435836870427,-74.06661093235016,member
BC24286A23AD3A9E,electric_bike,2026-08-07 13:52:31.093,2026-08-07 13:56:20.820,Grove St PATH,JC115,Brunswick St,JC023,40.71941,-74.04309,40.7241765,-74.0506564,casual
E17E2C5A23E3846A,electric_bike,2026-08-07 13:59:57.173,2026-08-07 14:08:30.498,Hudson Pl & Hoboken Terminal,HB107,Heights Elevator,JC059,40.73579286776364,-74.02837457573912,40.748715945380226,-74.04044330120087,member
6C56E38BD7327738,electric_bike,2026-08-07 14:01:23.859,2026-08-07 14:11:55.989,Grove St PATH,JC115,Carteret Ave & Arlington Ave,JC123,40.71941,-74.04309,40.709142,-74.074553,member
F4D82A819CF369B4,electric_bike,2026-08-07 14:02:59.087,2026-08-07 14:12:10.412,Hudson Pl & Hoboken Terminal,HB107,Grand St & 14 St,HB506,40.73579286776364,-74.02837457573912,40.75409,-74.0316,casual
12D34841311B89A4,electric_bike,2026-08-07 14:06:46.386,2026-08-07 14:08:57.075,Bergen Ave & Sip Ave,JC109,McGinley Square,JC055,40.73100888698729,-74.06443700194359,40.7253399253558,-74.06762212514877,member
3FFF5757635C355F,electric_bike,2026-08-07 14:07:36.765,2026-08-07 14:14:55.544,River St & 1 St,HB609,Warren St,JC006,40.73721535335381,-74.02886540972803,40.7211236,-74.03805095,member
6D8E2795479510A8,electric_bike,2026-08-07 14:08:03.766,2026-08-07 14:12:52.075,Hudson Pl & Hoboken Terminal,HB107,Hoboken Ave at Monmouth St,JC105,40.73579286776364,-74.02837457573912,40.73520838045357,-74.04696375131607,member
B7D0AC5A0CBBBD46,electric_bike,2026-08-07 14:08:41.768,2026-08-07 14:19:46.181,Hudson Pl & Hoboken Terminal,HB107,Van Vorst Park,JC035,40.73579286776364,-74.02837457573912,40.71848892,-74.047726625,casual
178B4DEE21A61050,classic_bike,2026-08-07 14:09:39.970,2026-08-07 14:17:39.186,River St & 1 St,HB609,Columbus Park - Clinton St & 9 St,HB501,40.73721535335381,-74.02886540972803,40.74816121065146,-74.0324530005455,member
36C985C57583F873,electric_bike,2026-08-07 14:09:53.493,2026-08-07 14:27:03.723,Hudson Pl & Hoboken Terminal,HB107,Hilltop,JC019,40.73579286776364,-74.02837457573912,40.7311689,-74.0575736,casual
B9E54DBA012A10FE,classic_bike,2026-08-07 14:10:31.117,2026-08-07 14:13:18.670,Grove St PATH,JC115,Marin Light Rail,JC013,40.71941,-74.04309,40.71458403535893,-74.04281705617905,member
3F87990D7F3284AB,classic_bike,2026-08-07 14:10:39.847,2026-08-07 14:14:21.704,Hamilton Park,JC009,Newark Ave,JC032,40.727595966,-74.044247311,40.72152515,-74.046304543,member
344777BF24C50AAA,electric_bike,2026-08-07 14:11:05.545,2026-08-07 14:15:41.548,South Waterfront Walkway - Sinatra Dr & 1 St,HB103,12 St & Sinatra Dr N,HB201,40.73698221818716,-74.02778059244156,40.750604142368964,-74.02402013540268,member
59D4A2FFEF0C90A6,electric_bike,2026-08-07 14:12:25.849,2026-08-07 14:14:30.472,Hudson Pl & Hoboken Terminal,HB107,Newark St & Washington St,HB612,40.73579286776364,-74.02837457573912,40.73681,-74.0309,casual
C4E84BA835A2F731,classic_bike,2026-08-07 14:13:54.599,2026-08-07 14:19:27.903,Grove St PATH,JC115,Grand St,JC102,40.71941,-74.04309,40.71517767732029,-74.03768330812454,member
461E15A12A674F32,electric_bike,2026-08-07 14:16:51.364,2026-08-07 14:22:45.432,Hudson Pl & Hoboken Terminal,HB107,Clinton St & 7 St,HB303,40.73579286776364,-74.02837457573912,40.74542,-74.03332,member
AD6D84B0D900CC07,electric_bike,2026-08-07 14:17:15.808,2026-08-07 14:23:45.060,Grove St PATH,JC115,Newport Pkwy,JC008,40.71941,-74.04309,40.7287448,-74.0321082,member
5FE76C05E27EC3C1,electric_bike,2026-08-07 14:18:15.103,2026-08-07 14:29:18.129,Hamilton Park,JC009,Lafayette Park,JC078,40.727595966,-74.044247311,40.71346382669195,-74.06285852193832,casual
F1BA82294D1674F8,electric_bike,2026-08-07 14:20:23.349,2026-08-07 14:25:31.350,South Waterfront Walkway - Sinatra Dr & 1 St,HB103,Church Sq Park - 5 St & Park Ave,HB601,40.73698221818716,-74.02778059244156,40.74265933273143,-74.03223305940628,member
59ED70DC8F1C9DFC,electric_bike,2026-08-07 14:21:06.679,2026-08-07 14:25:13.946,Hudson Pl & Hoboken Terminal,HB107,4 St & Grand St,HB301,40.73579286776364,-74.02837457573912,40.7422579775645,-74.03511106967926,member
4F29E1891F0FF0D9,classic_bike,2026-08-07 14:21:42.869,2026-08-07 14:32:56.788,Grove St PATH,JC115,Grove St PATH,JC115,40.71941,-74.04309,40.71941,-74.04309,member
306D1EBCB474E4F2,electric_bike,2026-08-07 14:21:55.276,2026-08-07 14:23:01.478,Hudson Pl & Hoboken Terminal,HB107,South Waterfront Walkway - Sinatra Dr & 1 St,HB103,40.73579286776364,-74.02837457573912,40.73698221818716,-74.02778059244156,member
B8B2F093E443A965,electric_bike,2026-08-07 14:22:56.798,2026-08-07 14:29:03.286,Grove St PATH,JC115,Liberty Light Rail,JC052,40.71941,-74.04309,40.7112423,-74.0557013,member
3F34F756675599B9,electric_bike,2026-08-07 14:23:16.091,2026-08-07 14:28:31.336,River St & 1 St,HB609,6 St & Grand St,HB302,40.73721535335381,-74.02886540972803,40.744397833095604,-74.03450086712837,casual
E1561B8A880C6A8D,electric_bike,2026-08-07 14:23:27.970,2026-08-07 14:25:24.520,South Waterfront Walkway - Sinatra Dr & 1 St,HB103,4 St & River St,HB611,40.73698221818716,-74.02778059244156,40.7408139,-74.0274062,member
86039715FFEDC7B9,classic_bike,2026-08-07 14:25:22.581,2026-08-07 14:38:06.381,Hamilton Park,JC009,Grand St,JC102,40.727595966,-74.044247311,40.71517767732029,-74.03768330812454,casual
C4CB37005D67E592,classic_bike,2026-08-07 14:25:31.307,2026-08-07 14:38:00.919,Hamilton Park,JC009,Grand St,JC102,40.727595966,-74.044247311,40.71517767732029,-74.03768330812454,casual
33F91E5F6BB94002,electric_bike,2026-08-07 14:31:31.275,2026-08-07 14:34:32.703,Grove St PATH,JC115,Marin Light Rail,JC013,40.71941,-74.04309,40.71458403535893,-74.04281705617905,casual
E82E21E25348A6BD,electric_bike,2026-08-07 14:34:35.722,2026-08-07 14:45:25.086,South Waterfront Walkway - Sinatra Dr & 1 St,HB103,14 St Ferry - 14 St & Shipyard Ln,HB202,40.73698221818716,-74.02778059244156,40.752960630464955,-74.02435272932053,member
1D76321AE26283A1,electric_bike,2026-08-07 14:34:37.819,2026-08-07 14:45:59.704,South Waterfront Walkway - Sinatra Dr & 1 St,HB103,14 St Ferry - 14 St & Shipyard Ln,HB202,40.73698221818716,-74.02778059244156,40.752960630464955,-74.02435272932053,member
22F26C5BA38A09E9,classic_bike,2026-08-07 14:39:03.271,2026-08-07 14:44:05.598,Grove St PATH,JC115,Brunswick St,JC023,40.71941,-74.04309,40.7241765,-74.0506564,member
F526CCCE486C748D,classic_bike,2026-08-07 14:41:32.952,2026-08-07 14:44:51.431,Grove St PATH,JC115,Van Vorst Park,JC035,40.71941,-74.04309,40.71848892,-74.047726625,member
9468272DA7170893,electric_bike,2026-08-07 14:42:27.246,2026-08-07 14:50:39.991,Bergen Ave & Sip Ave,JC109,Union St,JC051,40.73100888698729,-74.06443700194359,40.7182113,-74.0836394,member
B85B989D88AF9B7D,electric_bike,2026-08-07 14:43:18.388,2026-08-07 14:59:12.849,Bergen Ave & Sip Ave,JC109,Glenwood Ave,JC094,40.73100888698729,-74.06443700194359,40.72755146730012,-74.07106071710587,casual
33B32F45719A0648,classic_bike,2026-08-07 14:43:46.833,2026-08-07 14:55:04.636,South Waterfront Walkway - Sinatra Dr & 1 St,HB103,11 St & Washington St,HB502,40.73698221818716,-74.02778059244156,40.74998490907138,-74.02715027332306,casual
C8258ADCE2E9424E,electric_bike,2026-08-07 14:44:12.746,2026-08-07 14:54:37.557,Bergen Ave & Sip Ave,JC109,Brunswick St,JC023,40.73100888698729,-74.06443700194359,40.7241765,-74.0506564,casual
260C7B9256E7CC40,electric_bike,2026-08-07 14:44:34.791,2026-08-07 14:54:25.101,Bergen Ave & Sip Ave,JC109,Brunswick St,JC023,40.73100888698729,-74.06443700194359,40.7241765,-74.0506564,member
E5D05BFF8754FF02,classic_bike,2026-08-07 14:46:31.039,2026-08-07 15:02:04.923,South Waterfront Walkway - Sinatra Dr & 1 St,HB103,South Waterfront Walkway - Sinatra Dr & 1 St,HB103,40.73698221818716,-74.02778059244156,40.73698221818716,-74.02778059244156,casual
0A1B4CA3DB98F1F8,classic_bike,2026-08-07 14:48:56.444,2026-08-07 14:52:17.803,South Waterfront Walkway - Sinatra Dr & 1 St,HB103,South Waterfront Walkway - Sinatra Dr & 1 St,HB103,40.73698221818716,-74.02778059244156,40.73698221818716,-74.02778059244156,casual
A2852CBBFEE2E152,electric_bike,2026-08-07 14:49:18.681,2026-08-07 14:55:44.931,Hamilton Park,JC009,City Hall,JC003,40.727595966,-74.044247311,40.7177325,-74.043845,member
60DCCA390B936F31,electric_bike,2026-08-07 14:55:51.647,2026-08-07 15:13:57.305,South Waterfront Walkway - Sinatra Dr & 1 St,HB103,Church Sq Park - 5 St & Park Ave,HB601,40.73698221818716,-74.02778059244156,40.74265933273143,-74.03223305940628,casual
9D43893730E7B0E1,classic_bike,2026-08-07 14:58:48.378,2026-08-07 15:20:47.934,River St & 1 St,HB609,8 St & Washington St,HB603,40.73721535335381,-74.02886540972803,40.745983882915624,-74.02819901704788,member
CE08DE7FC4B2A8D1,electric_bike,2026-08-07 14:59:09.951,2026-08-07 15:05:49.140,South Waterfront Walkway - Sinatra Dr & 1 St,HB103,Willow Ave & 12 St,HB505,40.73698221818716,-74.02778059244156,40.7518674823282,-74.03037697076797,casual
A01E19FEB046A509,electric_bike,2026-08-07 15:01:03.855,2026-08-07 15:03:20.156,Grove St PATH,JC115,Warren St,JC006,40.71941,-74.04309,40.7211236,-74.03805095,member
CC8033B8673108FB,classic_bike,2026-08-07 15:02:46.005,2026-08-07 15:08:03.017,Grove St PATH,JC115,Jersey & 6th St,JC027,40.71941,-74.04309,40.72528910781132,-74.04557168483734,member
68A338938E736D38,electric_bike,2026-08-07 15:04:01.387,2026-08-07 15:06:39.869,Hamilton Park,JC009,Jersey & 3rd,JC074,40.727595966,-74.044247311,40.72333158646436,-74.04595255851744,casual
57893739CCF31F0E,electric_bike,2026-08-07 15:05:10.311,2026-08-07 15:11:13.427,River St & 1 St,HB609,Willow Ave & 12 St,HB505,40.73721535335381,-74.02886540972803,40.7518674823282,-74.03037697076797,member
7E7D713E77FE0933,classic_bike,2026-08-07 15:06:28.677,2026-08-07 15:09:29.960,Grove St PATH,JC115,Dixon Mills,JC076,40.71941,-74.04309,40.721630142638354,-74.04996782541275,member
C3C0F2E378FB348C,electric_bike,2026-08-07 15:06:56.011,2026-08-07 15:17:26.791,Hudson Pl & Hoboken Terminal,HB107,9 St HBLR - Jackson St & 8 St,HB305,40.73579286776364,-74.02837457573912,40.74790720968899,-74.03841152787209,member
81C301EF630B9A35,electric_bike,2026-08-07 15:06:57.749,2026-08-07 15:17:55.762,Hudson Pl & Hoboken Terminal,HB107,9 St HBLR - Jackson St & 8 St,HB305,40.73579286776364,-74.02837457573912,40.74790720968899,-74.03841152787209,member
4DF0836DEBEB8DFE,electric_bike,2026-08-07 15:07:30.877,2026-08-07 15:12:17.019,Hudson Pl & Hoboken Terminal,HB107,14 St Ferry - 14 St & Shipyard Ln,HB202,40.73579286776364,-74.02837457573912,40.752960630464955,-74.02435272932053,member
01A674B18C9F2041,electric_bike,2026-08-07 15:07:44.147,2026-08-07 15:19:28.540,Grove St PATH,JC115,4 St & Grand St,HB301,40.71941,-74.04309,40.7422579775645,-74.03511106967926,member
0FF68B5360D56138,electric_bike,2026-08-07 15:08:20.968,2026-08-07 15:12:14.689,Hamilton Park,JC009,Hoboken Ave at Monmouth St,JC105,40.727595966,-74.044247311,40.73520838045357,-74.04696375131607,member
DFC8D059718F7853,classic_bike,2026-08-07 15:08:27.830,2026-08-07 15:15:05.644,Grove St PATH,JC115,Hamilton Park,JC009,40.71941,-74.04309,40.727595966,-74.044247311,member
85A696D7F638A0A3,electric_bike,2026-08-07 15:09:02.060,2026-08-07 15:12:11.921,Grove St PATH,JC115,Hamilton Park,JC009,40.71941,-74.04309,40.727595966,-74.044247311,member
EB175CC999B60BB8,electric_bike,2026-08-07 15:10:20.616,2026-08-07 15:17:23.620,Grove St PATH,JC115,Baldwin at Montgomery,JC020,40.71941,-74.04309,40.7236589,-74.0641943,casual
1735DFA725CBE0DB,electric_bike,2026-08-07 15:10:22.158,2026-08-07 15:14:16.462,Grove St PATH,JC115,Hamilton Park,JC009,40.71941,-74.04309,40.727595966,-74.044247311,casual
870FD844BA29A629,electric_bike,2026-08-07 15:10:41.568,2026-08-07 15:16:11.872,South Waterfront Walkway - Sinatra Dr & 1 St,HB103,Columbus Park - Clinton St & 9 St,HB501,40.73698221818716,-74.02778059244156,40.74816121065146,-74.0324530005455,member
B4D6B9BA18A6FB63,classic_bike,2026-08-07 15:12:49.510,2026-08-07 15:21:13.715,Grove St PATH,JC115,Liberty Light Rail,JC052,40.71941,-74.04309,40.7112423,-74.0557013,member
D2A838E9CC827F84,classic_bike,2026-08-07 15:12:59.135,2026-08-07 15:17:21.175,Grove St PATH,JC115,Hamilton Park,JC009,40.71941,-74.04309,40.727595966,-74.044247311,member
4194086B474F7728,classic_bike,2026-08-07 15:13:42.706,2026-08-07 15:22:59.158,Hudson Pl & Hoboken Terminal,HB107,14 St Ferry - 14 St & Shipyard Ln,HB202,40.73579286776364,-74.02837457573912,40.752960630464955,-74.02435272932053,member
39951C71B5A1EA5E,electric_bike,2026-08-07 15:15:52.145,2026-08-07 15:21:32.335,Grove St PATH,JC115,Baldwin at Montgomery,JC020,40.71941,-74.04309,40.7236589,-74.0641943,member
16E8DA65B9B55E26,electric_bike,2026-08-07 15:16:13.408,2026-08-07 15:21:32.081,Grove St PATH,JC115,Essex Light Rail,JC038,40.71941,-74.04309,40.7127742,-74.0364857,member
4A6814040C6E9987,electric_bike,2026-08-07 15:21:14.046,2026-08-07 15:26:10.781,River St & 1 St,HB609,Columbus Park - Clinton St & 9 St,HB501,40.73721535335381,-74.02886540972803,40.74816121065146,-74.0324530005455,member
0D0DDE4A51D548D1,classic_bike,2026-08-07 15:21:48.527,2026-08-07 15:44:02.725,Bergen Ave & Sip Ave,JC109,4 St & River St,HB611,40.73100888698729,-74.06443700194359,40.7408139,-74.0274062,member
D2FF3E371D0B0225,electric_bike,2026-08-07 15:22:12.543,2026-08-07 15:27:58.560,South Waterfront Walkway - Sinatra Dr & 1 St,HB103,12 St & Sinatra Dr N,HB201,40.73698221818716,-74.02778059244156,40.750604142368964,-74.02402013540268,member
AA41B7065A1F4147,electric_bike,2026-08-07 15:22:21.091,2026-08-07 15:31:00.199,South Waterfront Walkway - Sinatra Dr & 1 St,HB103,12 St & Sinatra Dr N,HB201,40.73698221818716,-74.02778059244156,40.750604142368964,-74.02402013540268,member
4D36021B3216B078,classic_bike,2026-08-07 15:25:06.372,2026-08-07 15:37:31.293,Hamilton Park,JC009,Church Sq Park - 5 St & Park Ave,HB601,40.727595966,-74.044247311,40.74265933273143,-74.03223305940628,member
08D5D20ED4AA7EEE,electric_bike,2026-08-07 15:26:34.188,2026-08-07 15:29:24.316,Hamilton Park,JC009,Newark Ave,JC032,40.727595966,-74.044247311,40.72152515,-74.046304543,member
BECCE65D22E64224,electric_bike,2026-08-07 15:26:53.254,2026-08-07 15:29:53.265,Grove St PATH,JC115,Marin Light Rail,JC013,40.71941,-74.04309,40.71458403535893,-74.04281705617905,member
5102F4CD1A977700,electric_bike,2026-08-07 15:30:03.383,2026-08-07 15:34:46.427,South Waterfront Walkway - Sinatra Dr & 1 St,HB103,12 St & Sinatra Dr N,HB201,40.73698221818716,-74.02778059244156,40.750604142368964,-74.02402013540268,member
83000035DF2D27C8,electric_bike,2026-08-07 15:30:22.973,2026-08-07 15:39:35.797,South Waterfront Walkway - Sinatra Dr & 1 St,HB103,Grand St & 14 St,HB506,40.73698221818716,-74.02778059244156,40.75409,-74.0316,casual
A930F208C7BD1AD8,electric_bike,2026-08-07 15:30:54.298,2026-08-07 15:36:10.456,South Waterfront Walkway - Sinatra Dr & 1 St,HB103,12 St & Sinatra Dr N,HB201,40.73698221818716,-74.02778059244156,40.750604142368964,-74.02402013540268,member
6B77F64D99FD2601,electric_bike,2026-08-07 15:31:37.226,2026-08-07 15:36:08.132,South Waterfront Walkway - Sinatra Dr & 1 St,HB103,12 St & Sinatra Dr N,HB201,40.73698221818716,-74.02778059244156,40.750604142368964,-74.02402013540268,casual
05396FB51FF09863,classic_bike,2026-08-07 15:33:35.469,2026-08-07 15:37:11.272,River St & 1 St,HB609,Madison St & 1 St,HB402,40.73721535335381,-74.02886540972803,40.73879,-74.0393,member
4E7D45EB34337BC6,classic_bike,2026-08-07 15:37:56.038,2026-08-07 16:07:17.155,Hamilton Park,JC009,Glenwood Ave,JC094,40.727595966,-74.044247311,40.72755146730012,-74.07106071710587,member
88E38C0A26B1FA8E,electric_bike,2026-08-07 15:38:03.243,2026-08-07 15:42:45.786,Bergen Ave & Sip Ave,JC109,McGinley Square,JC055,40.73100888698729,-74.06443700194359,40.7253399253558,-74.06762212514877,casual
4F79D6AA500B6FBD,electric_bike,2026-08-07 15:38:26.198,2026-08-07 15:41:58.722,Grove St PATH,JC115,Hamilton Park,JC009,40.71941,-74.04309,40.727595966,-74.044247311,member
18C31A9B54F4E84E,electric_bike,2026-08-07 15:40:57.276,2026-08-07 15:44:15.492,River St & 1 St,HB609,4 St & Grand St,HB301,40.73721535335381,-74.02886540972803,40.7422579775645,-74.03511106967926,member
5FC39541FDC9954C,electric_bike,2026-08-07 15:42:30.205,2026-08-07 15:47:19.175,Hamilton Park,JC009,Brunswick St,JC023,40.727595966,-74.044247311,40.7241765,-74.0506564,member
9959746487B95651,electric_bike,2026-08-07 15:42:42.616,2026-08-07 15:46:29.736,Hamilton Park,JC009,Newport Pkwy,JC008,40.727595966,-74.044247311,40.7287448,-74.0321082,casual
42B25947C4727461,classic_bike,2026-08-07 15:42:44.527,2026-08-07 15:45:26.358,Hudson Pl & Hoboken Terminal,HB107,4 St & River St,HB611,40.73579286776364,-74.02837457573912,40.7408139,-74.0274062,member
46D840CDF33CDA49,classic_bike,2026-08-07 15:47:48.323,2026-08-07 15:51:45.220,Hudson Pl & Hoboken Terminal,HB107,4 St & River St,HB611,40.73579286776364,-74.02837457573912,40.7408139,-74.0274062,member
CC7A7C18B60014B4,electric_bike,2026-08-07 15:48:10.862,2026-08-07 15:52:01.655,Grove St PATH,JC115,Van Vorst Park,JC035,40.71941,-74.04309,40.71848892,-74.047726625,casual
171018A8941D6FD0,electric_bike,2026-08-07 15:50:01.248,2026-08-07 15:56:29.996,River St & 1 St,HB609,11 St & Washington St,HB502,40.73721535335381,-74.02886540972803,40.74998490907138,-74.02715027332306,casual
C2743C29B6A8CB2E,electric_bike,2026-08-07 15:50:59.056,2026-08-07 15:55:39.235,South Waterfront Walkway - Sinatra Dr & 1 St,HB103,12 St & Sinatra Dr N,HB201,40.73698221818716,-74.02778059244156,40.750604142368964,-74.02402013540268,member
72E55B5BEAD6A02B,classic_bike,2026-08-07 15:50:59.427,2026-08-07 16:47:57.984,Hudson Pl & Hoboken Terminal,HB107,8 St & Washington St,HB603,40.73579286776364,-74.02837457573912,40.745983882915624,-74.02819901704788,casual
F6E8F93965D2B1E4,electric_bike,2026-08-07 15:51:30.907,2026-08-07 15:57:43.048,River St & 1 St,HB609,14 St Ferry - 14 St & Shipyard Ln,HB202,40.73721535335381,-74.02886540972803,40.752960630464955,-74.02435272932053,casual
02B7C3DDDF01D308,electric_bike,2026-08-07 15:53:15.040,2026-08-07 15:58:19.164,River St & 1 St,HB609,12 St & Sinatra Dr N,HB201,40.73721535335381,-74.02886540972803,40.750604142368964,-74.02402013540268,casual
B4B2F063E101D389,classic_bike,2026-08-07 15:54:18.589,2026-08-07 15:59:44.481,River St & 1 St,HB609,Madison St & 1 St,HB402,40.73721535335381,-74.02886540972803,40.73879,-74.0393,member
8FF13E09B0C737E0,classic_bike,2026-08-07 15:54:22.176,2026-08-07 16:09:33.641,Grove St PATH,JC115,Communipaw & Berry Lane,JC084,40.71941,-74.04309,40.71435836870427,-74.06661093235016,member
4ED719D27454F613,electric_bike,2026-08-07 15:56:54.500,2026-08-07 15:59:36.691,Grove St PATH,JC115,Marin Light Rail,JC013,40.71941,-74.04309,40.71458403535893,-74.04281705617905,member
EAC51AA1B4B40984,electric_bike,2026-08-07 15:57:16.818,2026-08-07 16:05:17.561,Grove St PATH,JC115,Lafayette Park,JC078,40.71941,-74.04309,40.71346382669195,-74.06285852193832,member
936D1EE7ECDBFCA6,classic_bike,2026-08-07 15:59:36.221,2026-08-07 16:25:29.534,Hudson Pl & Hoboken Terminal,HB107,Columbus Drive,JC014,40.73579286776364,-74.02837457573912,40.71835519823214,-74.03891444206238,casual
0A499B3DD81F5632,classic_bike,2026-08-07 15:59:41.348,2026-08-07 16:26:47.810,Hudson Pl & Hoboken Terminal,HB107,Washington St & Morgan St,JC149,40.73579286776364,-74.02837457573912,40.719445793042716,-74.03689158686865,casual
0D99CB6F24BBDBAE,electric_bike,2026-08-07 16:00:42.898,2026-08-07 16:05:47.752,Hudson Pl & Hoboken Terminal,HB107,4 St & Grand St,HB301,40.73579286776364,-74.02837457573912,40.7422579775645,-74.03511106967926,casual
F4507FC54D6B8495,classic_bike,2026-08-07 16:01:41.438,2026-08-07 16:06:58.976,Grove St PATH,JC115,Hamilton Park,JC009,40.71941,-74.04309,40.727595966,-74.044247311,member
0A9DDD25687F4AE9,electric_bike,2026-08-07 16:04:22.683,2026-08-07 16:09:56.031,Grove St PATH,JC115,Pacific Ave & Communipaw Ave,JC118,40.71941,-74.04309,40.711354,-74.062446,member
F56CB4854138EDC9,electric_bike,2026-08-07 16:06:05.322,2026-08-07 16:08:36.582,River St & 1 St,HB609,Stevens - River Ter & 6 St,HB602,40.73721535335381,-74.02886540972803,40.74313282710551,-74.02698867022991,member
B6ACA855EC20F3A0,electric_bike,2026-08-07 16:09:35.331,2026-08-07 16:14:43.747,Hamilton Park,JC009,Van Vorst Park,JC035,40.727595966,-74.044247311,40.71848892,-74.047726625,member
9BD5984262961D74,electric_bike,2026-08-07 16:10:32.114,2026-08-07 16:15:41.540,River St & 1 St,HB609,Mama Johnson Field - 4 St & Jackson St,HB404,40.73721535335381,-74.02886540972803,40.74313993965626,-74.04004096984863,member
6F537ED904908BE4,electric_bike,2026-08-07 16:12:57.350,2026-08-07 16:16:00.073,Grove St PATH,JC115,Brunswick St,JC023,40.71941,-74.04309,40.7241765,-74.0506564,member
637EFE70CEEA3B3B,electric_bike,2026-08-07 16:14:13.189,2026-08-07 16:21:42.575,River St & 1 St,HB609,Willow Ave & 12 St,HB505,40.73721535335381,-74.02886540972803,40.7518674823282,-74.03037697076797,casual
8BAAA7AD43A6165E,electric_bike,2026-08-07 16:17:52.820,2026-08-07 16:21:16.704,Hamilton Park,JC009,Newark Ave,JC032,40.727595966,-74.044247311,40.72152515,-74.046304543,member
A16008EB2DD87EFA,electric_bike,2026-08-07 16:18:34.525,2026-08-07 16:23:21.711,South Waterfront Walkway - Sinatra Dr & 1 St,HB103,12 St & Sinatra Dr N,HB201,40.73698221818716,-74.02778059244156,40.750604142368964,-74.02402013540268,member
C7F0B6A259E90AA1,electric_bike,2026-08-07 16:19:15.132,2026-08-07 16:23:34.241,River St & 1 St,HB609,8 St & Washington St,HB603,40.73721535335381,-74.02886540972803,40.745983882915624,-74.02819901704788,member
7ADAA3E1171DEE72,classic_bike,2026-08-07 16:19:16.907,2026-08-07 16:24:05.419,Bergen Ave & Sip Ave,JC109,Baldwin at Montgomery,JC020,40.73100888698729,-74.06443700194359,40.7236589,-74.0641943,member
AB7BB026904647BC,electric_bike,2026-08-07 16:20:05.007,2026-08-07 16:23:13.221,Hudson Pl & Hoboken Terminal,HB107,Stevens - River Ter & 6 St,HB602,40.73579286776364,-74.02837457573912,40.74313282710551,-74.02698867022991,casual
C961FCA38FBD5218,classic_bike,2026-08-07 16:20:22.811,2026-08-07 16:35:57.139,Bergen Ave & Sip Ave,JC109,Bergen Ave & Sip Ave,JC109,40.73100888698729,-74.06443700194359,40.73100888698729,-74.06443700194359,member
9F3CE9684038D20A,electric_bike,2026-08-07 16:20:52.689,2026-08-07 16:30:58.524,River St & 1 St,HB609,7 St & Monroe St,HB304,40.73721535335381,-74.02886540972803,40.74641264837719,-74.03797701001167,member
DC8D962A12B3D005,classic_bike,2026-08-07 16:21:04.249,2026-08-07 16:25:59.949,Bergen Ave & Sip Ave,JC109,Baldwin at Montgomery,JC020,40.73100888698729,-74.06443700194359,40.7236589,-74.0641943,member
97DB62B4EFE74280,classic_bike,2026-08-07 16:23:43.867,2026-08-07 16:30:45.493,Hudson Pl & Hoboken Terminal,HB107,12 St & Sinatra Dr N,HB201,40.73579286776364,-74.02837457573912,40.750604142368964,-74.02402013540268,casual
9F6B903482B4D0A1,electric_bike,2026-08-07 16:23:49.151,2026-08-07 16:28:21.705,Bergen Ave & Sip Ave,JC109,Fairmount Ave,JC093,40.73100888698729,-74.06443700194359,40.72572613742557,-74.07195925712585,member
C4E9C64A648A0C27,electric_bike,2026-08-07 16:27:48.329,2026-08-07 16:32:33.234,Grove St PATH,JC115,Hamilton Park,JC009,40.71941,-74.04309,40.727595966,-74.044247311,member
CD71E9699EB4F4CB,classic_bike,2026-08-07 16:28:15.368,2026-08-07 16:33:48.571,Grove St PATH,JC115,Jersey & 3rd,JC074,40.71941,-74.04309,40.72333158646436,-74.04595255851744,member
E9D09CB4C9720A05,classic_bike,2026-08-07 16:28:18.577,2026-08-07 16:33:05.247,Bergen Ave & Sip Ave,JC109,Hilltop,JC019,40.73100888698729,-74.06443700194359,40.7311689,-74.0575736,member
002BBC79FB801DB3,electric_bike,2026-08-07 16:30:54.323,2026-08-07 16:33:48.349,Bergen Ave & Sip Ave,JC109,Baldwin at Montgomery,JC020,40.73100888698729,-74.06443700194359,40.7236589,-74.0641943,member
536DF5E288A031A1,electric_bike,2026-08-07 16:31:43.744,2026-08-07 16:41:14.252,Hamilton Park,JC009,Pershing Field,JC024,40.727595966,-74.044247311,40.742677141,-74.051788633,member
536C8DD1E1AC5E32,electric_bike,2026-08-07 16:32:03.566,2026-08-07 16:36:36.752,Bergen Ave & Sip Ave,JC109,Baldwin at Montgomery,JC020,40.73100888698729,-74.06443700194359,40.7236589,-74.0641943,casual
87400A9498301DEB,classic_bike,2026-08-07 16:33:10.568,2026-08-07 16:36:58.042,Bergen Ave & Sip Ave,JC109,McGinley Square,JC055,40.73100888698729,-74.06443700194359,40.7253399253558,-74.06762212514877,member
84C6A7A8B00818A0,electric_bike,2026-08-07 16:33:10.983,2026-08-07 16:41:48.437,Grove St PATH,JC115,Newport PATH,JC066,40.71941,-74.04309,40.7272235,-74.0337589,member
CA4C3B56E437AFD2,electric_bike,2026-08-07 16:34:25.612,2026-08-07 16:59:16.548,Hudson Pl & Hoboken Terminal,HB107,Fairmount Ave,JC093,40.73579286776364,-74.02837457573912,40.72572613742557,-74.07195925712585,member
32CD889C3C279676,electric_bike,2026-08-07 16:35:29.059,2026-08-07 16:41:44.213,Grove St PATH,JC115,Newport PATH,JC066,40.71941,-74.04309,40.7272235,-74.0337589,member
D7D71BCE513392D2,electric_bike,2026-08-07 16:38:26.198,2026-08-07 16:47:06.106,Grove St PATH,JC115,Liberty Light Rail,JC052,40.71941,-74.04309,40.7112423,-74.0557013,member
7F82ABB788DF2EEB,electric_bike,2026-08-07 16:40:28.625,2026-08-07 16:45:56.757,River St & 1 St,HB609,11 St & Washington St,HB502,40.73721535335381,-74.02886540972803,40.74998490907138,-74.02715027332306,casual
633B0B74FD8531CA,electric_bike,2026-08-07 16:40:44.355,2026-08-07 16:45:28.472,South Waterfront Walkway - Sinatra Dr & 1 St,HB103,Columbus Park - Clinton St & 9 St,HB501,40.73698221818716,-74.02778059244156,40.74816121065146,-74.0324530005455,member
BAF2287FF4DC61BE,classic_bike,2026-08-07 16:41:14.623,2026-08-07 16:51:45.448,Hamilton Park,JC009,Marin Light Rail,JC013,40.727595966,-74.044247311,40.71458403535893,-74.04281705617905,casual
9960D246489A5E83,classic_bike,2026-08-07 16:41:41.633,2026-08-07 16:47:05.284,Grove St PATH,JC115,Brunswick St,JC023,40.71941,-74.04309,40.7241765,-74.0506564,member
B63ABC5778754953,electric_bike,2026-08-07 16:41:57.260,2026-08-07 16:53:35.819,Hamilton Park,JC009,6 St & Grand St,HB302,40.727595966,-74.044247311,40.744397833095604,-74.03450086712837,casual
6A8C457F9113A70D,electric_bike,2026-08-07 16:42:47.067,2026-08-07 16:49:59.378,Grove St PATH,JC115,Oakland Ave,JC022,40.71941,-74.04309,40.7376037,-74.0524783,member
52BBFBA625812D4A,electric_bike,2026-08-07 16:42:55.381,2026-08-07 16:47:39.679,South Waterfront Walkway - Sinatra Dr & 1 St,HB103,14 St Ferry - 14 St & Shipyard Ln,HB202,40.73698221818716,-74.02778059244156,40.752960630464955,-74.02435272932053,member
E2875D8F2E538240,electric_bike,2026-08-07 16:42:56.309,2026-08-07 16:47:08.215,River St & 1 St,HB609,Clinton St & Newark St,HB409,40.73721535335381,-74.02886540972803,40.73743,-74.03571,member
2BD2F663DDD473B2,classic_bike,2026-08-07 16:43:21.494,2026-08-07 17:02:14.578,River St & 1 St,HB609,Newport Pkwy,JC008,40.73721535335381,-74.02886540972803,40.7287448,-74.0321082,casual
126E648EE9BC53AB,electric_bike,2026-08-07 16:44:06.156,2026-08-07 16:47:20.972,Grove St PATH,JC115,Dixon Mills,JC076,40.71941,-74.04309,40.721630142638354,-74.04996782541275,member
29E573586C6F90C5,classic_bike,2026-08-07 16:45:17.615,2026-08-07 16:59:15.224,Bergen Ave & Sip Ave,JC109,Columbus Drive,JC014,40.73100888698729,-74.06443700194359,40.71835519823214,-74.03891444206238,member
6FDE297CBB886782,electric_bike,2026-08-07 16:48:15.937,2026-08-07 16:52:12.510,Grove St PATH,JC115,Monmouth & 6th,JC075,40.71941,-74.04309,40.72568548362901,-74.04879033565521,member
0C2B04ABCF8518B6,classic_bike,2026-08-07 16:49:04.832,2026-08-07 16:55:15.812,Grove St PATH,JC115,Brunswick & 6th,JC081,40.71941,-74.04309,40.72601172964625,-74.05038893222809,member
1839E3902D4F0C0E,classic_bike,2026-08-07 16:49:29.408,2026-08-07 17:23:51.429,Hudson Pl & Hoboken Terminal,HB107,12 St & Sinatra Dr N,HB201,40.73579286776364,-74.02837457573912,40.750604142368964,-74.02402013540268,casual
79D340C6CD82DFC7,classic_bike,2026-08-07 16:49:31.088,2026-08-07 17:00:45.575,Hudson Pl & Hoboken Terminal,HB107,11 St & Washington St,HB502,40.73579286776364,-74.02837457573912,40.74998490907138,-74.02715027332306,casual
BBB9E61A9D193A7A,electric_bike,2026-08-07 16:49:35.629,2026-08-07 17:00:44.126,River St & 1 St,HB609,Grove St PATH,JC115,40.73721535335381,-74.02886540972803,40.71941,-74.04309,casual
77658F715184A6FB,classic_bike,2026-08-07 16:51:21.069,2026-08-07 17:04:50.581,Hamilton Park,JC009,Warren St,JC006,40.727595966,-74.044247311,40.7211236,-74.03805095,member
D13DF82E15233764,electric_bike,2026-08-07 16:51:58.726,2026-08-07 16:55:17.532,Hamilton Park,JC009,Grove St PATH,JC115,40.727595966,-74.044247311,40.71941,-74.04309,member
B3725F481CB70D37,classic_bike,2026-08-07 16:52:26.863,2026-08-07 16:57:09.976,River St & 1 St,HB609,Clinton St & 7 St,HB303,40.73721535335381,-74.02886540972803,40.74542,-74.03332,member
01CC806DCA1C1F56,classic_bike,2026-08-07 16:52:47.727,2026-08-07 17:01:23.843,River St & 1 St,HB609,14 St Ferry - 14 St & Shipyard Ln,HB202,40.73721535335381,-74.02886540972803,40.752960630464955,-74.02435272932053,member
805C1CED7C3EC5C9,electric_bike,2026-08-07 16:52:48.061,2026-08-07 16:55:19.866,Bergen Ave & Sip Ave,JC109,Glenwood Ave,JC094,40.73100888698729,-74.06443700194359,40.72755146730012,-74.07106071710587,member
7C32872E390E3A77,electric_bike,2026-08-07 16:52:52.311,2026-08-07 16:57:14.126,Bergen Ave & Sip Ave,JC109,Glenwood Ave,JC094,40.73100888698729,-74.06443700194359,40.72755146730012,-74.07106071710587,member
CA4223AB5433AB76,classic_bike,2026-08-07 16:53:09.702,2026-08-07 17:03:54.470,Hamilton Park,JC009,Marin Light Rail,JC013,40.727595966,-74.044247311,40.71458403535893,-74.04281705617905,member
530E47E527C85ADF,classic_bike,2026-08-07 16:53:10.271,2026-08-07 16:56:09.628,Hudson Pl & Hoboken Terminal,HB107,South Waterfront Walkway - Sinatra Dr & 1 St,HB103,40.73579286776364,-74.02837457573912,40.73698221818716,-74.02778059244156,casual
15939951936742E3,classic_bike,2026-08-07 16:53:16.263,2026-08-07 17:20:55.682,Hudson Pl & Hoboken Terminal,HB107,12 St & Sinatra Dr N,HB201,40.73579286776364,-74.02837457573912,40.750604142368964,-74.02402013540268,casual
A49465311FCD4BE9,classic_bike,2026-08-07 16:56:01.993,2026-08-07 16:58:43.064,Grove St PATH,JC115,Van Vorst Park,JC035,40.71941,-74.04309,40.71848892,-74.047726625,member
3F76BD5BF185DC6A,classic_bike,2026-08-07 16:56:08.497,2026-08-07 17:02:02.603,Grove St PATH,JC115,Liberty Light Rail,JC052,40.71941,-74.04309,40.7112423,-74.0557013,member
836A9F4877A9604B,classic_bike,2026-08-07 16:56:35.361,2026-08-07 17:00:56.558,Grove St PATH,JC115,Dixon Mills,JC076,40.71941,-74.04309,40.721630142638354,-74.04996782541275,member
4B6BFFB6467134C2,electric_bike,2026-08-07 16:57:00.109,2026-08-07 17:36:54.607,South Waterfront Walkway - Sinatra Dr & 1 St,HB103,4 St & River St,HB611,40.73698221818716,-74.02778059244156,40.7408139,-74.0274062,casual
5D72AA0FBB633A95,electric_bike,2026-08-07 16:57:38.563,2026-08-07 17:02:43.426,River St & 1 St,HB609,9 St HBLR - Jackson St & 8 St,HB305,40.73721535335381,-74.02886540972803,40.74790720968899,-74.03841152787209,member
B3D28D06BCDF6EEE,electric_bike,2026-08-07 16:57:44.108,2026-08-07 17:02:40.743,Hudson Pl & Hoboken Terminal,HB107,Clinton St & 7 St,HB303,40.73579286776364,-74.02837457573912,40.74542,-74.03332,member
46D4998D2305404B,electric_bike,2026-08-07 16:58:54.580,2026-08-07 17:02:22.402,River St & 1 St,HB609,Church Sq Park - 5 St & Park Ave,HB601,40.73721535335381,-74.02886540972803,40.74265933273143,-74.03223305940628,member
30653B6D1DE55515,electric_bike,2026-08-07 17:01:35.473,2026-08-07 17:10:13.653,River St & 1 St,HB609,8 St & Washington St,HB603,40.73721535335381,-74.02886540972803,40.745983882915624,-74.02819901704788,member
CC9C1AE9501002B7,classic_bike,2026-08-07 17:02:39.411,2026-08-07 17:09:20.662,Hudson Pl & Hoboken Terminal,HB107,Madison St & 1 St,HB402,40.73579286776364,-74.02837457573912,40.73879,-74.0393,member
A0A0D8BA266C57A0,electric_bike,2026-08-07 17:04:09.407,2026-08-07 17:06:34.610,Grove St PATH,JC115,Jersey & 3rd,JC074,40.71941,-74.04309,40.72333158646436,-74.04595255851744,member
AFFA408C9BC986D5,electric_bike,2026-08-07 17:04:50.409,2026-08-07 17:25:23.571,Bergen Ave & Sip Ave,JC109,Hamilton Park,JC009,40.73100888698729,-74.06443700194359,40.727595966,-74.044247311,casual
89414A208A39159B,classic_bike,2026-08-07 17:06:36.388,2026-08-07 17:18:22.681,Bergen Ave & Sip Ave,JC109,Hoboken Ave at Monmouth St,JC105,40.73100888698729,-74.06443700194359,40.73520838045357,-74.04696375131607,member
BC9A735B1D316349,classic_bike,2026-08-07 17:07:16.839,2026-08-07 17:08:27.833,Grove St PATH,JC115,City Hall,JC003,40.71941,-74.04309,40.7177325,-74.043845,member
8E40BEE3F92DCB6B,electric_bike,2026-08-07 17:07:37.899,2026-08-07 17:12:50.187,River St & 1 St,HB609,Southwest Park - Jackson St & Observer Hwy,HB401,40.73721535335381,-74.02886540972803,40.73755127245804,-74.04166370630264,member
7FF56F8AE8E6008A,electric_bike,2026-08-07 17:09:16.293,2026-08-07 17:18:04.472,Bergen Ave & Sip Ave,JC109,Pershing Field,JC024,40.73100888698729,-74.06443700194359,40.742677141,-74.051788633,member
FD2460D71C8C817F,electric_bike,2026-08-07 17:09:33.481,2026-08-07 17:14:52.179,Bergen Ave & Sip Ave,JC109,Bergen Ave,JC095,40.73100888698729,-74.06443700194359,40.722103786686034,-74.07145500183105,member
53966B4471AEEEDE,classic_bike,2026-08-07 17:10:56.344,2026-08-07 17:14:41.571,Grove St PATH,JC115,Marin Light Rail,JC013,40.71941,-74.04309,40.71458403535893,-74.04281705617905,member
0EF62D965F89F893,electric_bike,2026-08-07 17:12:46.256,2026-08-07 17:17:54.350,Grove St PATH,JC115,Dr. Lena Edwards Park,JC117,40.71941,-74.04309,40.713203,-74.058261,member
8362B5D788917F6D,electric_bike,2026-08-07 17:12:58.818,2026-08-07 17:20:10.650,Hudson Pl & Hoboken Terminal,HB107,Columbus Park - Clinton St & 9 St,HB501,40.73579286776364,-74.02837457573912,40.74816121065146,-74.0324530005455,member
54C2FF5DC38C3C92,electric_bike,2026-08-07 17:13:40.683,2026-08-07 17:17:34.922,Bergen Ave & Sip Ave,JC109,McGinley Square,JC055,40.73100888698729,-74.06443700194359,40.7253399253558,-74.06762212514877,member
049B68E957937CC9,classic_bike,2026-08-07 17:14:33.121,2026-08-07 17:21:56.864,River St & 1 St,HB609,12 St & Sinatra Dr N,HB201,40.73721535335381,-74.02886540972803,40.750604142368964,-74.02402013540268,member
2D5764D37C9633DF,electric_bike,2026-08-07 17:16:07.218,2026-08-07 17:25:16.718,South Waterfront Walkway - Sinatra Dr & 1 St,HB103,12 St & Sinatra Dr N,HB201,40.73698221818716,-74.02778059244156,40.750604142368964,-74.02402013540268,member
CE3E75F6E7DB18AE,electric_bike,2026-08-07 17:17:45.311,2026-08-07 17:42:01.894,Grove St PATH,JC115,Jackson Square,JC063,40.71941,-74.04309,40.71113,-74.0789,member
170D1772983CDE31,electric_bike,2026-08-07 17:18:31.630,2026-08-07 17:21:14.887,Grove St PATH,JC115,Jersey & 6th St,JC027,40.71941,-74.04309,40.72528910781132,-74.04557168483734,member
1E11D55B0D50C166,electric_bike,2026-08-07 17:18:34.220,2026-08-07 17:45:54.954,River St & 1 St,HB609,Clinton St & Newark St,HB409,40.73721535335381,-74.02886540972803,40.73743,-74.03571,member
670DD8578F5E751D,electric_bike,2026-08-07 17:18:38.004,2026-08-07 17:24:00.381,Hamilton Park,JC009,Newport PATH,JC066,40.727595966,-74.044247311,40.7272235,-74.0337589,member
23CC4A84D1F8357B,electric_bike,2026-08-07 17:19:43.370,2026-08-07 17:29:20.784,Bergen Ave & Sip Ave,JC109,West Side Ave & Stegman Pkwy,JC131,40.73100888698729,-74.06443700194359,40.71087,-74.09368,member
201A5A6AFAD33F60,electric_bike,2026-08-07 17:20:14.426,2026-08-07 17:27:15.020,Grove St PATH,JC115,Liberty Light Rail,JC052,40.71941,-74.04309,40.7112423,-74.0557013,casual
D2F7B5638DC8AD4D,classic_bike,2026-08-07 17:21:13.360,2026-08-07 17:28:12.457,Hudson Pl & Hoboken Terminal,HB107,Clinton St & 7 St,HB303,40.73579286776364,-74.02837457573912,40.74542,-74.03332,casual
E04099E4087C184B,electric_bike,2026-08-07 17:21:42.860,2026-08-07 17:27:04.332,River St & 1 St,HB609,Clinton St & 7 St,HB303,40.73721535335381,-74.02886540972803,40.74542,-74.03332,member
39822F7733CA2107,electric_bike,2026-08-07 17:21:44.284,2026-08-07 17:27:25.700,South Waterfront Walkway - Sinatra Dr & 1 St,HB103,14 St Ferry - 14 St & Shipyard Ln,HB202,40.73698221818716,-74.02778059244156,40.752960630464955,-74.02435272932053,member
AFC0EA17E24466F4,electric_bike,2026-08-07 17:23:16.985,2026-08-07 17:36:51.180,Grove St PATH,JC115,Arlington Ave & Bramhall Ave,JC120,40.71941,-74.04309,40.713225,-74.070645,member
7D0230C8735F5DFB,classic_bike,2026-08-07 17:23:29.735,2026-08-07 17:31:28.120,River St & 1 St,HB609,Southwest Park - Jackson St & Observer Hwy,HB401,40.73721535335381,-74.02886540972803,40.73755127245804,-74.04166370630264,casual
E49FC26F84A6A527,electric_bike,2026-08-07 17:23:37.026,2026-08-07 17:28:53.689,Bergen Ave & Sip Ave,JC109,Fairmount Ave,JC093,40.73100888698729,-74.06443700194359,40.72572613742557,-74.07195925712585,casual
16B71B2E3A5BC2D4,classic_bike,2026-08-07 17:23:48.110,2026-08-07 17:25:06.518,Grove St PATH,JC115,City Hall,JC003,40.71941,-74.04309,40.7177325,-74.043845,member
6C728C3BB0DB021E,electric_bike,2026-08-07 17:24:21.412,2026-08-07 17:36:48.556,Grove St PATH,JC115,Arlington Ave & Bramhall Ave,JC120,40.71941,-74.04309,40.713225,-74.070645,casual
DB20FCF2ED5E70EF,electric_bike,2026-08-07 17:25:31.716,2026-08-07 17:28:42.467,Hamilton Park,JC009,Grove St PATH,JC115,40.727595966,-74.044247311,40.71941,-74.04309,member
6110860C14CB58FA,electric_bike,2026-08-07 17:25:45.228,2026-08-07 17:29:30.947,Bergen Ave & Sip Ave,JC109,Bergen Ave,JC095,40.73100888698729,-74.06443700194359,40.722103786686034,-74.07145500183105,member
842E89795A77D654,classic_bike,2026-08-07 17:25:49.819,2026-08-07 17:31:22.392,Hamilton Park,JC009,City Hall,JC003,40.727595966,-74.044247311,40.7177325,-74.043845,member
C2156B5F68CF67C8,electric_bike,2026-08-07 17:26:23.297,2026-08-07 17:32:44.882,South Waterfront Walkway - Sinatra Dr & 1 St,HB103,Willow Ave & 12 St,HB505,40.73698221818716,-74.02778059244156,40.7518674823282,-74.03037697076797,member
D772990DE8B7A0B8,classic_bike,2026-08-07 17:26:39.258,2026-08-07 17:38:20.116,Grove St PATH,JC115,Liberty Light Rail,JC052,40.71941,-74.04309,40.7112423,-74.0557013,member
493B89AE218E8D84,classic_bike,2026-08-07 17:27:50.527,2026-08-07 17:29:07.212,Grove St PATH,JC115,City Hall,JC003,40.71941,-74.04309,40.7177325,-74.043845,member
A8CA92ACF63F6999,electric_bike,2026-08-07 17:28:49.550,2026-08-07 17:32:19.163,Grove St PATH,JC115,Monmouth & 6th,JC075,40.71941,-74.04309,40.72568548362901,-74.04879033565521,member
E21A9F50F1AE5A46,classic_bike,2026-08-07 17:29:19.167,2026-08-07 17:37:32.228,River St & 1 St,HB609,Clinton St & 7 St,HB303,40.73721535335381,-74.02886540972803,40.74542,-74.03332,member
A51D8CE0152FF577,electric_bike,2026-08-07 17:31:38.135,2026-08-07 17:36:05.221,River St & 1 St,HB609,4 St & Grand St,HB301,40.73721535335381,-74.02886540972803,40.7422579775645,-74.03511106967926,member
3828C519EED0D460,classic_bike,2026-08-07 17:31:40.735,2026-08-07 17:36:08.492,Hudson Pl & Hoboken Terminal,HB107,8 St & Washington St,HB603,40.73579286776364,-74.02837457573912,40.745983882915624,-74.02819901704788,member
A79577D5777A763A,classic_bike,2026-08-07 17:33:03.517,2026-08-07 17:36:43.849,Grove St PATH,JC115,Marin Light Rail,JC013,40.71941,-74.04309,40.71458403535893,-74.04281705617905,member
0B01AE8428DA7757,classic_bike,2026-08-07 17:33:04.724,2026-08-07 17:36:09.473,Grove St PATH,JC115,Marin Light Rail,JC013,40.71941,-74.04309,40.71458403535893,-74.04281705617905,member
35F644621AE88394,classic_bike,2026-08-07 17:33:21.628,2026-08-07 17:39:09.732,River St & 1 St,HB609,8 St & Washington St,HB603,40.73721535335381,-74.02886540972803,40.745983882915624,-74.02819901704788,member
328EAB32579DDD7A,classic_bike,2026-08-07 17:33:41.597,2026-08-07 17:41:07.227,Grove St PATH,JC115,Liberty Light Rail,JC052,40.71941,-74.04309,40.7112423,-74.0557013,member
19F7D364A355A28B,electric_bike,2026-08-07 17:33:58.495,2026-08-07 17:38:32.161,South Waterfront Walkway - Sinatra Dr & 1 St,HB103,Clinton St & 7 St,HB303,40.73698221818716,-74.02778059244156,40.74542,-74.03332,member
83F3D87F58BC93FB,electric_bike,2026-08-07 17:34:41.098,2026-08-07 17:37:55.477,Grove St PATH,JC115,Marin Light Rail,JC013,40.71941,-74.04309,40.71458403535893,-74.04281705617905,member
3E19904DF140D9EE,electric_bike,2026-08-07 17:34:46.233,2026-08-07 17:37:58.464,Grove St PATH,JC115,Jersey & 6th St,JC027,40.71941,-74.04309,40.72528910781132,-74.04557168483734,member
6D5D7B7D8E36B527,classic_bike,2026-08-07 17:35:07.833,2026-08-07 18:26:25.141,Hamilton Park,JC009,Journal Square,JC103,40.727595966,-74.044247311,40.73367,-74.0625,member
8B484DDF2553E5E7,classic_bike,2026-08-07 17:35:52.324,2026-08-07 17:41:46.982,Hamilton Park,JC009,Newport Pkwy,JC008,40.727595966,-74.044247311,40.7287448,-74.0321082,member
3EE6A617660E4B0C,electric_bike,2026-08-07 17:37:57.699,2026-08-07 17:40:15.083,Grove St PATH,JC115,Van Vorst Park,JC035,40.71941,-74.04309,40.71848892,-74.047726625,member
0B89309DD13494A8,classic_bike,2026-08-07 17:39:01.027,2026-08-07 17:47:51.563,Grove St PATH,JC115,Lafayette Park,JC078,40.71941,-74.04309,40.71346382669195,-74.06285852193832,member
CBDEB8E8301CA7E3,electric_bike,2026-08-07 17:39:23.671,2026-08-07 17:46:13.247,Grove St PATH,JC115,Lafayette Park,JC078,40.71941,-74.04309,40.71346382669195,-74.06285852193832,member
5E55E5A0347C010B,classic_bike,2026-08-07 17:39:34.863,2026-08-07 17:46:59.213,Hudson Pl & Hoboken Terminal,HB107,Stevens - River Ter & 6 St,HB602,40.73579286776364,-74.02837457573912,40.74313282710551,-74.02698867022991,member
6D5D932B05FCF442,electric_bike,2026-08-07 17:39:57.935,2026-08-07 17:43:54.183,Bergen Ave & Sip Ave,JC109,Glenwood Ave,JC094,40.73100888698729,-74.06443700194359,40.72755146730012,-74.07106071710587,member
3DA98A890E16C73B,classic_bike,2026-08-07 17:40:12.603,2026-08-07 17:48:44.751,Grove St PATH,JC115,Dr. Lena Edwards Park,JC117,40.71941,-74.04309,40.713203,-74.058261,member
1EF68EF057638747,classic_bike,2026-08-07 17:40:29.211,2026-08-07 17:43:44.769,Hamilton Park,JC009,Newark Ave,JC032,40.727595966,-74.044247311,40.72152515,-74.046304543,member
C18EB57D1D7C5D55,electric_bike,2026-08-07 17:40:37.713,2026-08-07 17:46:37.373,Bergen Ave & Sip Ave,JC109,Lincoln Park,JC053,40.73100888698729,-74.06443700194359,40.7246050998869,-74.07840594649315,member
ADB9FBDD1F880985,electric_bike,2026-08-07 17:40:59.772,2026-08-07 17:44:54.214,South Waterfront Walkway - Sinatra Dr & 1 St,HB103,12 St & Sinatra Dr N,HB201,40.73698221818716,-74.02778059244156,40.750604142368964,-74.02402013540268,member
46B5975C152882A6,electric_bike,2026-08-07 17:41:31.506,2026-08-07 17:45:47.595,River St & 1 St,HB609,12 St & Sinatra Dr N,HB201,40.73721535335381,-74.02886540972803,40.750604142368964,-74.02402013540268,member
E597FFE60A3C36CC,electric_bike,2026-08-07 17:42:06.628,2026-08-07 17:46:30.293,Hamilton Park,JC009,Manila & 1st,JC082,40.727595966,-74.044247311,40.721650724879986,-74.04288411140442,member
861F485B7B987D04,classic_bike,2026-08-07 17:42:18.788,2026-08-07 18:00:09.461,Bergen Ave & Sip Ave,JC109,Washington St,JC098,40.73100888698729,-74.06443700194359,40.7242941,-74.0354826,member
21779FDDC90E82C6,electric_bike,2026-08-07 17:42:23.540,2026-08-07 17:46:32.316,Hamilton Park,JC009,Manila & 1st,JC082,40.727595966,-74.044247311,40.721650724879986,-74.04288411140442,casual
A2435F2AC24A1CEF,classic_bike,2026-08-07 17:43:56.200,2026-08-07 17:55:24.509,Hudson Pl & Hoboken Terminal,HB107,Mama Johnson Field - 4 St & Jackson St,HB404,40.73579286776364,-74.02837457573912,40.74313993965626,-74.04004096984863,casual
590728DB69A6C86E,electric_bike,2026-08-07 17:43:57.825,2026-08-07 17:48:22.042,Grove St PATH,JC115,Brunswick & 6th,JC081,40.71941,-74.04309,40.72601172964625,-74.05038893222809,member
7858448D749042A2,electric_bike,2026-08-07 17:47:35.276,2026-08-07 17:54:24.202,Hamilton Park,JC009,JC Medical Center,JC110,40.727595966,-74.044247311,40.71539114317,-74.04969155788422,casual
CE49C9585A65F158,electric_bike,2026-08-07 17:47:58.359,2026-08-07 17:54:39.360,Hamilton Park,JC009,JC Medical Center,JC110,40.727595966,-74.044247311,40.71539114317,-74.04969155788422,member
3E6D3AABAE2715EB,electric_bike,2026-08-07 17:48:18.023,2026-08-07 17:52:14.123,Bergen Ave & Sip Ave,JC109,McGinley Square,JC055,40.73100888698729,-74.06443700194359,40.7253399253558,-74.06762212514877,member
0F798398705D9E31,electric_bike,2026-08-07 17:49:29.042,2026-08-07 17:57:42.383,River St & 1 St,HB609,14 St Ferry - 14 St & Shipyard Ln,HB202,40.73721535335381,-74.02886540972803,40.752960630464955,-74.02435272932053,member
BDD1638963D557CB,electric_bike,2026-08-07 17:49:52.724,2026-08-07 17:54:07.535,South Waterfront Walkway - Sinatra Dr & 1 St,HB103,11 St & Washington St,HB502,40.73698221818716,-74.02778059244156,40.74998490907138,-74.02715027332306,member
7130FFCDA1503F38,classic_bike,2026-08-07 17:50:36.868,2026-08-07 17:57:35.078,River St & 1 St,HB609,8 St & Washington St,HB603,40.73721535335381,-74.02886540972803,40.745983882915624,-74.02819901704788,member
903F65FB45C307DA,electric_bike,2026-08-07 17:51:31.977,2026-08-07 17:58:49.305,River St & 1 St,HB609,14 St Ferry - 14 St & Shipyard Ln,HB202,40.73721535335381,-74.02886540972803,40.752960630464955,-74.02435272932053,casual
CED4B9CA9A3D67CF,electric_bike,2026-08-07 17:51:45.478,2026-08-07 17:57:05.498,South Waterfront Walkway - Sinatra Dr & 1 St,HB103,6 St & Grand St,HB302,40.73698221818716,-74.02778059244156,40.744397833095604,-74.03450086712837,casual
C226583131FD596D,electric_bike,2026-08-07 17:52:56.735,2026-08-07 17:57:29.958,Grove St PATH,JC115,Dr. Lena Edwards Park,JC117,40.71941,-74.04309,40.713203,-74.058261,member
F4D76CB79DD87C4B,electric_bike,2026-08-07 17:53:52.673,2026-08-07 17:59:18.135,Hudson Pl & Hoboken Terminal,HB107,Columbus Park - Clinton St & 9 St,HB501,40.73579286776364,-74.02837457573912,40.74816121065146,-74.0324530005455,member
84BCD8DBEBA39997,electric_bike,2026-08-07 17:54:41.599,2026-08-07 18:00:31.130,Grove St PATH,JC115,Pacific Ave & Communipaw Ave,JC118,40.71941,-74.04309,40.711354,-74.062446,member
55F93E16F8361112,electric_bike,2026-08-07 17:55:53.484,2026-08-07 18:03:00.882,South Waterfront Walkway - Sinatra Dr & 1 St,HB103,14 St Ferry - 14 St & Shipyard Ln,HB202,40.73698221818716,-74.02778059244156,40.752960630464955,-74.02435272932053,member
51E59959EA17836C,classic_bike,2026-08-07 17:56:09.562,2026-08-07 18:02:45.170,River St & 1 St,HB609,12 St & Sinatra Dr N,HB201,40.73721535335381,-74.02886540972803,40.750604142368964,-74.02402013540268,casual
DCCA56D4F25419B1,electric_bike,2026-08-07 17:57:15.023,2026-08-07 18:05:36.311,Grove St PATH,JC115,Baldwin at Montgomery,JC020,40.71941,-74.04309,40.7236589,-74.0641943,casual
E82B4DCA3B6E9DF4,classic_bike,2026-08-07 17:58:28.453,2026-08-07 18:05:32.279,Grove St PATH,JC115,Liberty Light Rail,JC052,40.71941,-74.04309,40.7112423,-74.0557013,member
D26AE437FDB576E7,electric_bike,2026-08-07 18:00:26.240,2026-08-07 18:03:13.791,Grove St PATH,JC115,Grand St,JC102,40.71941,-74.04309,40.71517767732029,-74.03768330812454,member
1DD92BFE9756B7E5,electric_bike,2026-08-07 18:30:26.088,2026-08-07 18:36:20.977,River St & 1 St,HB609,Columbus Park - Clinton St & 9 St,HB501,40.73721535335381,-74.02886540972803,40.74816121065146,-74.0324530005455,member
A9AC7E1D8D819F4B,electric_bike,2026-08-07 18:32:29.315,2026-08-07 18:35:51.147,River St & 1 St,HB609,Church Sq Park - 5 St & Park Ave,HB601,40.73721535335381,-74.02886540972803,40.74265933273143,-74.03223305940628,member
14EF0466E3BB93CF,classic_bike,2026-08-07 18:36:23.698,2026-08-07 18:46:25.059,Hudson Pl & Hoboken Terminal,HB107,Columbus Park - Clinton St & 9 St,HB501,40.73579286776364,-74.02837457573912,40.74816121065146,-74.0324530005455,casual
8FC5D66BD6457960,classic_bike,2026-08-07 18:36:45.175,2026-08-07 18:46:19.714,Hudson Pl & Hoboken Terminal,HB107,Columbus Park - Clinton St & 9 St,HB501,40.73579286776364,-74.02837457573912,40.74816121065146,-74.0324530005455,casual
AE1D4965F61ACCDB,classic_bike,2026-08-07 18:36:59.248,2026-08-07 18:46:17.722,Hudson Pl & Hoboken Terminal,HB107,Columbus Park - Clinton St & 9 St,HB501,40.73579286776364,-74.02837457573912,40.74816121065146,-74.0324530005455,casual
39A60EC5E11CA4E7,classic_bike,2026-08-07 18:37:53.844,2026-08-07 18:39:39.651,Hudson Pl & Hoboken Terminal,HB107,Newark St & Washington St,HB612,40.73579286776364,-74.02837457573912,40.73681,-74.0309,member
EF6D795771F0C42E,electric_bike,2026-08-07 18:39:39.590,2026-08-07 18:45:22.362,Grove St PATH,JC115,Liberty Light Rail,JC052,40.71941,-74.04309,40.7112423,-74.0557013,member
ADAF2DFCCE13C4B8,classic_bike,2026-08-07 18:43:12.017,2026-08-07 18:49:31.306,Hudson Pl & Hoboken Terminal,HB107,Clinton St & 7 St,HB303,40.73579286776364,-74.02837457573912,40.74542,-74.03332,member
D8ACDFDF48572B46,electric_bike,2026-08-07 18:43:22.797,2026-08-07 18:45:42.520,Bergen Ave & Sip Ave,JC109,McGinley Square,JC055,40.73100888698729,-74.06443700194359,40.7253399253558,-74.06762212514877,member
B3CA2E8CB21B3CBB,classic_bike,2026-08-07 18:47:14.461,2026-08-07 18:49:16.515,River St & 1 St,HB609,4 St & River St,HB611,40.73721535335381,-74.02886540972803,40.7408139,-74.0274062,member
12D1810B3F326432,electric_bike,2026-08-07 18:48:55.374,2026-08-07 18:53:35.622,Bergen Ave & Sip Ave,JC109,Lincoln Park,JC053,40.73100888698729,-74.06443700194359,40.7246050998869,-74.07840594649315,member
AC12BD4D6328D5A1,electric_bike,2026-08-07 18:57:19.903,2026-08-07 19:03:55.338,Grove St PATH,JC115,Liberty Light Rail,JC052,40.71941,-74.04309,40.7112423,-74.0557013,member
3B78AEB6B7E042C3,electric_bike,2026-08-07 19:04:10.018,2026-08-07 20:02:20.337,Grove St PATH,JC115,,,40.71941,-74.04309,,,member
29F29D554BE6DB30,electric_bike,2026-08-07 19:08:24.653,2026-08-07 19:14:41.317,Grove St PATH,JC115,Washington St,JC098,40.71941,-74.04309,40.7242941,-74.0354826,member
C25013AC0763FC6E,classic_bike,2026-08-07 19:12:44.782,2026-08-07 19:22:20.622,Hudson Pl & Hoboken Terminal,HB107,9 St HBLR - Jackson St & 8 St,HB305,40.73579286776364,-74.02837457573912,40.74790720968899,-74.03841152787209,casual
BCBB5DF3CDFDF0FD,electric_bike,2026-08-07 19:15:14.226,2026-08-07 19:19:09.160,Bergen Ave & Sip Ave,JC109,Fairmount Ave,JC093,40.73100888698729,-74.06443700194359,40.72572613742557,-74.07195925712585,member
44D6058680D4D191,classic_bike,2026-08-07 19:17:00.691,2026-08-07 19:24:59.533,River St & 1 St,HB609,Columbus Park - Clinton St & 9 St,HB501,40.73721535335381,-74.02886540972803,40.74816121065146,-74.0324530005455,casual
0004BA17E00DA9A6,classic_bike,2026-08-07 19:17:18.089,2026-08-07 19:20:31.541,Grove St PATH,JC115,JC Medical Center,JC110,40.71941,-74.04309,40.71539114317,-74.04969155788422,member
C850C7639D729298,electric_bike,2026-08-07 19:19:15.132,2026-08-07 19:28:11.616,Bergen Ave & Sip Ave,JC109,Dixon Mills,JC076,40.73100888698729,-74.06443700194359,40.721630142638354,-74.04996782541275,member
6099B38CF1F858C7,electric_bike,2026-08-07 19:23:32.426,2026-08-07 19:31:05.057,Grove St PATH,JC115,Communipaw & Berry Lane,JC084,40.71941,-74.04309,40.71435836870427,-74.06661093235016,member
13ED446169801FBF,electric_bike,2026-08-07 19:29:25.939,2026-08-07 19:36:23.109,Grove St PATH,JC115,Pacific Ave & Communipaw Ave,JC118,40.71941,-74.04309,40.711354,-74.062446,casual
928B6458F7D99CAB,classic_bike,2026-08-07 19:31:11.624,2026-08-07 19:40:33.060,Grove St PATH,JC115,Dr. Lena Edwards Park,JC117,40.71941,-74.04309,40.713203,-74.058261,member
67EDB09ACCBB7D29,electric_bike,2026-08-07 19:36:57.441,2026-08-07 19:40:52.206,River St & 1 St,HB609,Marshall St & 2 St,HB408,40.73721535335381,-74.02886540972803,40.740802,-74.042521,member
324B7EBCAAC551BA,classic_bike,2026-08-07 19:37:52.469,2026-08-07 19:42:57.127,Grove St PATH,JC115,Monmouth & 6th,JC075,40.71941,-74.04309,40.72568548362901,-74.04879033565521,member
1D53560F2A22BF34,electric_bike,2026-08-07 19:38:18.396,2026-08-07 19:42:07.871,River St & 1 St,HB609,8 St & Washington St,HB603,40.73721535335381,-74.02886540972803,40.745983882915624,-74.02819901704788,member
F993DBE464A3734A,electric_bike,2026-08-07 19:41:25.695,2026-08-07 19:47:02.746,Grove St PATH,JC115,Baldwin at Montgomery,JC020,40.71941,-74.04309,40.7236589,-74.0641943,casual
2546F9FED6CAAE17,electric_bike,2026-08-07 19:44:03.982,2026-08-07 19:46:56.381,Bergen Ave & Sip Ave,JC109,McGinley Square,JC055,40.73100888698729,-74.06443700194359,40.7253399253558,-74.06762212514877,member
26A4470E0D4859FD,electric_bike,2026-08-07 19:45:57.643,2026-08-07 19:51:22.561,Bergen Ave & Sip Ave,JC109,Fairmount Ave,JC093,40.73100888698729,-74.06443700194359,40.72572613742557,-74.07195925712585,member
CDA20455CCFA8F8B,classic_bike,2026-08-07 19:49:26.800,2026-08-07 19:57:13.031,Grove St PATH,JC115,Montgomery St,JC099,40.71941,-74.04309,40.71942,-74.05099,member
DDD632CE26E7701E,classic_bike,2026-08-07 19:57:43.599,2026-08-07 20:07:48.065,Grove St PATH,JC115,Dr. Lena Edwards Park,JC117,40.71941,-74.04309,40.713203,-74.058261,member
A11583DCABD3538D,electric_bike,2026-08-07 20:00:36.479,2026-08-07 20:11:45.318,Grove St PATH,JC115,Brunswick & 6th,JC081,40.71941,-74.04309,40.72601172964625,-74.05038893222809,casual
DCD0E3B358F9E1CF,electric_bike,2026-08-07 20:00:40.845,2026-08-07 20:19:02.995,Hudson Pl & Hoboken Terminal,HB107,Stevens - River Ter & 6 St,HB602,40.73579286776364,-74.02837457573912,40.74313282710551,-74.02698867022991,member
A64FF3486B53B1B8,electric_bike,2026-08-07 20:00:48.086,2026-08-07 20:05:13.976,River St & 1 St,HB609,12 St & Sinatra Dr N,HB201,40.73721535335381,-74.02886540972803,40.750604142368964,-74.02402013540268,member
206AD6E749678C76,electric_bike,2026-08-07 20:04:00.216,2026-08-07 20:12:09.792,Grove St PATH,JC115,Lafayette Park,JC078,40.71941,-74.04309,40.71346382669195,-74.06285852193832,member
4DB454D49FD6B890,electric_bike,2026-08-07 20:05:22.178,2026-08-07 20:14:27.130,Bergen Ave & Sip Ave,JC109,Culver Ave & JFK Blvd,JC142,40.73100888698729,-74.06443700194359,40.71005,-74.08576,casual
B69E69C0DC2F413C,classic_bike,2026-08-07 20:10:10.030,2026-08-07 20:15:59.742,Grove St PATH,JC115,Montgomery St,JC099,40.71941,-74.04309,40.71942,-74.05099,member
D001786108692ED3,classic_bike,2026-08-07 20:13:44.201,2026-08-07 20:20:50.938,River St & 1 St,HB609,Marshall St & 2 St,HB408,40.73721535335381,-74.02886540972803,40.740802,-74.042521,member
66A8D9BF3EFF8602,classic_bike,2026-08-07 20:17:13.371,2026-08-07 20:24:54.492,Bergen Ave & Sip Ave,JC109,Baldwin at Montgomery,JC020,40.73100888698729,-74.06443700194359,40.7236589,-74.0641943,member
958579B0F4427A28,electric_bike,2026-08-07 20:23:27.915,2026-08-07 20:30:55.192,Bergen Ave & Sip Ave,JC109,Pershing Field,JC024,40.73100888698729,-74.06443700194359,40.742677141,-74.051788633,member
CBCC66B22F5AB3ED,classic_bike,2026-08-07 20:23:42.287,2026-08-07 20:29:07.102,South Waterfront Walkway - Sinatra Dr & 1 St,HB103,8 St & Washington St,HB603,40.73698221818716,-74.02778059244156,40.745983882915624,-74.02819901704788,member
EA310CC5049E92D7,electric_bike,2026-08-07 20:26:00.110,2026-08-07 20:28:08.413,Bergen Ave & Sip Ave,JC109,McGinley Square,JC055,40.73100888698729,-74.06443700194359,40.7253399253558,-74.06762212514877,member
9A8CD7051423B439,electric_bike,2026-08-07 20:28:31.065,2026-08-07 20:31:43.694,Bergen Ave & Sip Ave,JC109,McGinley Square,JC055,40.73100888698729,-74.06443700194359,40.7253399253558,-74.06762212514877,casual
57A3BD1A40CC1844,electric_bike,2026-08-07 20:30:15.021,2026-08-07 20:33:30.884,Bergen Ave & Sip Ave,JC109,McGinley Square,JC055,40.73100888698729,-74.06443700194359,40.7253399253558,-74.06762212514877,member
FD463A555365D17B,classic_bike,2026-08-07 20:36:28.487,2026-08-07 20:46:31.181,Bergen Ave & Sip Ave,JC109,Astor Place,JC077,40.73100888698729,-74.06443700194359,40.71928220070702,-74.07126188278198,member
934F1BBC2D8DD306,classic_bike,2026-08-07 20:37:50.134,2026-08-07 20:50:16.279,Grove St PATH,JC115,Baldwin at Montgomery,JC020,40.71941,-74.04309,40.7236589,-74.0641943,member
B4CC118107DF2F3D,electric_bike,2026-08-07 20:45:19.609,2026-08-07 20:54:01.518,Grove St PATH,JC115,Communipaw & Berry Lane,JC084,40.71941,-74.04309,40.71435836870427,-74.06661093235016,member
3277C7958CE9B33C,electric_bike,2026-08-07 20:51:58.429,2026-08-07 21:09:22.989,Grove St PATH,JC115,Caven Point Recreation Fields,JC140,40.71941,-74.04309,40.69222,-74.08025,casual
7AAA2FEBF4F4CA79,electric_bike,2026-08-07 20:54:41.604,2026-08-07 20:57:37.464,Grove St PATH,JC115,JC Medical Center,JC110,40.71941,-74.04309,40.71539114317,-74.04969155788422,member
642EF8D650BCEB76,classic_bike,2026-08-07 20:55:08.290,2026-08-07 21:03:48.617,Hamilton Park,JC009,Grove St PATH,JC115,40.727595966,-74.044247311,40.71941,-74.04309,member
F9A813DA5FF4B322,classic_bike,2026-08-07 20:56:16.673,2026-08-07 21:05:06.315,Hudson Pl & Hoboken Terminal,HB107,11 St & Washington St,HB502,40.73579286776364,-74.02837457573912,40.74998490907138,-74.02715027332306,casual
68380EE848FC41E4,electric_bike,2026-08-07 20:58:47.135,2026-08-07 21:05:30.718,Bergen Ave & Sip Ave,JC109,Fairmount Ave,JC093,40.73100888698729,-74.06443700194359,40.72572613742557,-74.07195925712585,member
04EEF061FD7D087D,classic_bike,2026-08-07 21:03:57.276,2026-08-07 21:12:02.992,Grove St PATH,JC115,Brunswick St,JC023,40.71941,-74.04309,40.7241765,-74.0506564,member
2712F2BD30A48456,electric_bike,2026-08-07 21:10:40.805,2026-08-07 21:13:42.320,Bergen Ave & Sip Ave,JC109,McGinley Square,JC055,40.73100888698729,-74.06443700194359,40.7253399253558,-74.06762212514877,member
29F91C3D8BE158DD,classic_bike,2026-08-07 21:19:44.092,2026-08-07 21:26:14.428,Hamilton Park,JC009,City Hall,JC003,40.727595966,-74.044247311,40.7177325,-74.043845,member
A64ABB24C4F9655F,classic_bike,2026-08-07 21:20:11.549,2026-08-07 21:31:09.504,Grove St PATH,JC115,Columbus Drive,JC014,40.71941,-74.04309,40.71835519823214,-74.03891444206238,casual
AF26E2F47CCF78A7,electric_bike,2026-08-07 21:21:18.879,2026-08-07 21:24:57.350,Bergen Ave & Sip Ave,JC109,Fairmount Ave,JC093,40.73100888698729,-74.06443700194359,40.72572613742557,-74.07195925712585,member
A9E2B2A0851A85BE,electric_bike,2026-08-07 21:22:47.548,2026-08-07 21:27:55.032,Hamilton Park,JC009,Southwest Park - Jackson St & Observer Hwy,HB401,40.727595966,-74.044247311,40.73755127245804,-74.04166370630264,member
3425366B205E332E,electric_bike,2026-08-07 21:23:25.415,2026-08-07 21:37:53.750,Grove St PATH,JC115,Caven Point Recreation Fields,JC140,40.71941,-74.04309,40.69222,-74.08025,casual
61BD2B3B79DDC529,electric_bike,2026-08-07 21:25:11.153,2026-08-07 21:33:27.574,Hamilton Park,JC009,McGinley Square,JC055,40.727595966,-74.044247311,40.7253399253558,-74.06762212514877,casual
53DE9DE848BB082C,electric_bike,2026-08-07 21:30:10.822,2026-08-07 21:36:30.564,Bergen Ave & Sip Ave,JC109,Union St,JC051,40.73100888698729,-74.06443700194359,40.7182113,-74.0836394,member
E0E1378A477997D1,electric_bike,2026-08-07 21:35:02.456,2026-08-07 21:39:45.483,River St & 1 St,HB609,4 St & Grand St,HB301,40.73721535335381,-74.02886540972803,40.7422579775645,-74.03511106967926,member
9DB1E5A91BCD129E,electric_bike,2026-08-07 21:35:29.162,2026-08-07 21:50:05.637,Hamilton Park,JC009,Garfield Light Rail,JC119,40.727595966,-74.044247311,40.710526,-74.070112,casual
93FBF40E6AD1C555,electric_bike,2026-08-07 21:36:29.916,2026-08-07 21:43:52.919,River St & 1 St,HB609,Columbus Park - Clinton St & 9 St,HB501,40.73721535335381,-74.02886540972803,40.74816121065146,-74.0324530005455,member
CF8594F2C1E98677,electric_bike,2026-08-07 21:37:18.664,2026-08-07 21:42:58.144,South Waterfront Walkway - Sinatra Dr & 1 St,HB103,Church Sq Park - 5 St & Park Ave,HB601,40.73698221818716,-74.02778059244156,40.74265933273143,-74.03223305940628,member
8144C983B791CEE0,electric_bike,2026-08-07 21:51:19.895,2026-08-07 21:57:32.893,Grove St PATH,JC115,Hamilton Park,JC009,40.71941,-74.04309,40.727595966,-74.044247311,casual
770518C65E1A38B5,electric_bike,2026-08-07 21:51:42.210,2026-08-07 21:56:59.405,Grove St PATH,JC115,Hamilton Park,JC009,40.71941,-74.04309,40.727595966,-74.044247311,member
C46F0D54F23B4E80,electric_bike,2026-08-07 21:52:26.740,2026-08-07 21:57:04.339,River St & 1 St,HB609,Adams St & 2 St,HB407,40.73721535335381,-74.02886540972803,40.73981372311843,-74.03690412640572,member
8D535CCCBBC51C73,electric_bike,2026-08-07 21:53:13.445,2026-08-07 22:11:28.396,Grove St PATH,JC115,8 St & Washington St,HB603,40.71941,-74.04309,40.745983882915624,-74.02819901704788,member
30287FCDF458A9F8,classic_bike,2026-08-07 22:01:01.777,2026-08-07 22:07:34.014,Grove St PATH,JC115,York St & Marin Blvd,JC097,40.71941,-74.04309,40.716615000830494,-74.0424120426178,member
6AE8581A36B0CF81,classic_bike,2026-08-07 22:02:36.670,2026-08-07 22:05:24.537,Hamilton Park,JC009,Brunswick & 6th,JC081,40.727595966,-74.044247311,40.72601172964625,-74.05038893222809,member
58905C3253D52796,electric_bike,2026-08-07 22:06:28.864,2026-08-07 22:09:16.326,Hamilton Park,JC009,Newark Ave,JC032,40.727595966,-74.044247311,40.72152515,-74.046304543,member
70C10D94A02E1175,electric_bike,2026-08-07 22:07:03.763,2026-08-07 22:09:56.665,Bergen Ave & Sip Ave,JC109,Glenwood Ave,JC094,40.73100888698729,-74.06443700194359,40.72755146730012,-74.07106071710587,casual
43C237AC87E86B63,electric_bike,2026-08-07 22:07:59.612,2026-08-07 22:13:37.659,Bergen Ave & Sip Ave,JC109,Bergen Ave,JC095,40.73100888698729,-74.06443700194359,40.722103786686034,-74.07145500183105,member
FA3EFDFAED0716F5,electric_bike,2026-08-07 22:08:37.743,2026-08-07 22:17:23.598,Bergen Ave & Sip Ave,JC109,Lincoln Park,JC053,40.73100888698729,-74.06443700194359,40.7246050998869,-74.07840594649315,member
EBCBF56BFB10E42D,electric_bike,2026-08-07 22:09:23.958,2026-08-07 22:22:19.113,Hamilton Park,JC009,Lafayette Park,JC078,40.727595966,-74.044247311,40.71346382669195,-74.06285852193832,casual
6263F4C01EB93D8B,electric_bike,2026-08-07 22:09:45.351,2026-08-07 22:17:36.997,Hamilton Park,JC009,Southwest Park - Jackson St & Observer Hwy,HB401,40.727595966,-74.044247311,40.73755127245804,-74.04166370630264,member
4D926E49737B96A1,electric_bike,2026-08-07 22:09:50.562,2026-08-07 22:17:50.699,Hamilton Park,JC009,Southwest Park - Jackson St & Observer Hwy,HB401,40.727595966,-74.044247311,40.73755127245804,-74.04166370630264,casual
88CF2DEE8DF9929F,classic_bike,2026-08-07 22:14:22.021,2026-08-07 22:18:40.380,Grove St PATH,JC115,Jersey & 6th St,JC027,40.71941,-74.04309,40.72528910781132,-74.04557168483734,member
2B0D24E7271771C5,electric_bike,2026-08-07 22:16:53.678,2026-08-07 22:39:40.173,River St & 1 St,HB609,Pacific Ave & Communipaw Ave,JC118,40.73721535335381,-74.02886540972803,40.711354,-74.062446,member
78555A4B6BC3AB54,classic_bike,2026-08-07 22:23:26.280,2026-08-07 22:33:19.863,South Waterfront Walkway - Sinatra Dr & 1 St,HB103,11 St & Washington St,HB502,40.73698221818716,-74.02778059244156,40.74998490907138,-74.02715027332306,member
72F1A9863CF21FC3,classic_bike,2026-08-07 22:23:48.749,2026-08-07 22:32:47.669,Grove St PATH,JC115,Monmouth & 6th,JC075,40.71941,-74.04309,40.72568548362901,-74.04879033565521,member
361E9A46A6E3A618,electric_bike,2026-08-07 22:24:49.009,2026-08-07 22:31:23.643,Bergen Ave & Sip Ave,JC109,Union St & Bergen Ave,JC122,40.73100888698729,-74.06443700194359,40.71575,-74.07887,casual
7437EDF2C141FDC4,electric_bike,2026-08-07 22:29:24.756,2026-08-07 22:42:20.800,Grove St PATH,JC115,Baldwin at Montgomery,JC020,40.71941,-74.04309,40.7236589,-74.0641943,casual
C04C1D09E5CF95B7,classic_bike,2026-08-07 22:30:28.397,2026-08-07 23:02:03.666,Grove St PATH,JC115,West Side Ave Light Rail,JC124,40.71941,-74.04309,40.714964,-74.08829,casual
7B2411432DD1B0D3,electric_bike,2026-08-07 22:34:14.379,2026-08-07 22:44:47.807,Bergen Ave & Sip Ave,JC109,MLK Dr & Bayview Ave,JC143,40.73100888698729,-74.06443700194359,40.7071,-74.08335,casual
D8940614929D820D,classic_bike,2026-08-07 22:40:27.174,2026-08-07 22:51:35.762,South Waterfront Walkway - Sinatra Dr & 1 St,HB103,12 St & Sinatra Dr N,HB201,40.73698221818716,-74.02778059244156,40.750604142368964,-74.02402013540268,casual
E4A65A99E6FFE29D,electric_bike,2026-08-07 22:41:29.331,2026-08-07 22:47:39.658,Bergen Ave & Sip Ave,JC109,Christ Hospital,JC034,40.73100888698729,-74.06443700194359,40.734785818,-74.050443636,member
7252AB4AA775C079,electric_bike,2026-08-07 22:41:30.679,2026-08-07 22:48:35.142,Grove St PATH,JC115,Communipaw & Berry Lane,JC084,40.71941,-74.04309,40.71435836870427,-74.06661093235016,member
22457CDAFC3A43F0,classic_bike,2026-08-07 22:41:31.767,2026-08-07 22:51:33.559,South Waterfront Walkway - Sinatra Dr & 1 St,HB103,12 St & Sinatra Dr N,HB201,40.73698221818716,-74.02778059244156,40.750604142368964,-74.02402013540268,casual
EBEC768FEACAFE4D,electric_bike,2026-08-07 22:45:34.866,2026-08-07 23:27:42.270,Bergen Ave & Sip Ave,JC109,Bergen Ave & Sip Ave,JC109,40.73100888698729,-74.06443700194359,40.73100888698729,-74.06443700194359,casual
F614D3284ABB9AB0,electric_bike,2026-08-07 22:47:13.293,2026-08-07 22:53:19.176,Bergen Ave & Sip Ave,JC109,Fairmount Ave,JC093,40.73100888698729,-74.06443700194359,40.72572613742557,-74.07195925712585,casual
15BE57B44064527A,electric_bike,2026-08-07 22:48:50.087,2026-08-07 22:54:20.319,Bergen Ave & Sip Ave,JC109,Bergen Ave,JC095,40.73100888698729,-74.06443700194359,40.722103786686034,-74.07145500183105,member
A0780364A08D8094,electric_bike,2026-08-07 22:49:19.013,2026-08-07 22:55:29.903,Bergen Ave & Sip Ave,JC109,Lincoln Park,JC053,40.73100888698729,-74.06443700194359,40.7246050998869,-74.07840594649315,member
EE41205833229CEC,electric_bike,2026-08-07 22:49:32.453,2026-08-07 22:52:32.174,Bergen Ave & Sip Ave,JC109,Glenwood Ave,JC094,40.73100888698729,-74.06443700194359,40.72755146730012,-74.07106071710587,member
64AB7CC7BC02C30C,electric_bike,2026-08-07 22:50:02.626,2026-08-07 23:02:31.514,Bergen Ave & Sip Ave,JC109,Journal Square,JC103,40.73100888698729,-74.06443700194359,40.73367,-74.0625,member
DB3B8F0BA918A966,electric_bike,2026-08-07 22:50:42.927,2026-08-07 22:53:56.877,Bergen Ave & Sip Ave,JC109,McGinley Square,JC055,40.73100888698729,-74.06443700194359,40.7253399253558,-74.06762212514877,member
27473C7525B3B1CC,classic_bike,2026-08-07 22:55:02.243,2026-08-07 22:58:49.908,Grove St PATH,JC115,Brunswick St,JC023,40.71941,-74.04309,40.7241765,-74.0506564,member
C94EFA34D93C5988,electric_bike,2026-08-07 22:56:12.992,2026-08-07 22:59:00.633,Bergen Ave & Sip Ave,JC109,McGinley Square,JC055,40.73100888698729,-74.06443700194359,40.7253399253558,-74.06762212514877,member
009C8A0ADAAE21E3,electric_bike,2026-08-07 22:56:55.170,2026-08-07 22:59:00.782,Bergen Ave & Sip Ave,JC109,Glenwood Ave,JC094,40.73100888698729,-74.06443700194359,40.72755146730012,-74.07106071710587,member
0C15ECF4C9E3C90A,electric_bike,2026-08-07 23:03:32.535,2026-08-07 23:07:50.613,River St & 1 St,HB609,11 St & Washington St,HB502,40.73721535335381,-74.02886540972803,40.74998490907138,-74.02715027332306,member
416BF83469D89D78,classic_bike,2026-08-07 23:03:39.850,2026-08-07 23:07:33.568,Grove St PATH,JC115,Montgomery St,JC099,40.71941,-74.04309,40.71942,-74.05099,member
50D2E1EDC0E17E04,electric_bike,2026-08-07 23:05:45.480,2026-08-07 23:14:18.340,River St & 1 St,HB609,Adams St & 12 St,HB610,40.73721535335381,-74.02886540972803,40.751889392240685,-74.03329162748534,casual
A74740CBB177E2DA,classic_bike,2026-08-07 23:06:27.917,2026-08-07 23:14:26.085,Grove St PATH,JC115,Pacific Ave & Communipaw Ave,JC118,40.71941,-74.04309,40.711354,-74.062446,member
1C7A1970ED9C6C9E,electric_bike,2026-08-07 23:13:02.121,2026-08-07 23:20:47.906,Grove St PATH,JC115,Liberty Light Rail,JC052,40.71941,-74.04309,40.7112423,-74.0557013,member
F95245C6317A5E7E,electric_bike,2026-08-07 23:15:12.967,2026-08-07 23:26:25.702,Grove St PATH,JC115,Arlington Ave & Wilkinson Ave,JC127,40.71941,-74.04309,40.704503,-74.07721,member
3FAF57AFBF5A9773,electric_bike,2026-08-07 23:16:23.704,2026-08-07 23:20:24.594,Hamilton Park,JC009,Brunswick St,JC023,40.727595966,-74.044247311,40.7241765,-74.0506564,member
AA900760EBBA889C,electric_bike,2026-08-07 23:20:37.295,2026-08-07 23:25:18.526,Hamilton Park,JC009,Grove St PATH,JC115,40.727595966,-74.044247311,40.71941,-74.04309,casual
D5BC5E089AE23D57,electric_bike,2026-08-07 23:20:59.266,2026-08-07 23:25:16.049,Hamilton Park,JC009,Grove St PATH,JC115,40.727595966,-74.044247311,40.71941,-74.04309,member
2A87776836B91CC0,electric_bike,2026-08-07 23:34:11.339,2026-08-07 23:38:32.718,South Waterfront Walkway - Sinatra Dr & 1 St,HB103,14 St Ferry - 14 St & Shipyard Ln,HB202,40.73698221818716,-74.02778059244156,40.752960630464955,-74.02435272932053,member
3D4C8B864F0B2AC1,classic_bike,2026-08-07 23:35:32.015,2026-08-07 23:43:30.666,South Waterfront Walkway - Sinatra Dr & 1 St,HB103,12 St & Sinatra Dr N,HB201,40.73698221818716,-74.02778059244156,40.750604142368964,-74.02402013540268,member
1EAA9F85C0801E93,electric_bike,2026-08-07 23:36:43.805,2026-08-07 23:45:11.918,Grove St PATH,JC115,Christ Hospital,JC034,40.71941,-74.04309,40.734785818,-74.050443636,member
1B1958626CC1817A,electric_bike,2026-08-07 23:37:06.420,2026-08-07 23:44:08.618,Grove St PATH,JC115,Communipaw & Berry Lane,JC084,40.71941,-74.04309,40.71435836870427,-74.06661093235016,casual
046770D0A2262AE5,electric_bike,2026-08-07 23:54:44.067,2026-08-07 23:58:22.226,Hudson Pl & Hoboken Terminal,HB107,Madison St & 1 St,HB402,40.73579286776364,-74.02837457573912,40.73879,-74.0393,member
06EC43F89CFFE2E2,classic_bike,2026-08-08 00:02:13.785,2026-08-08 00:06:24.047,Grove St PATH,JC115,Hamilton Park,JC009,40.71941,-74.04309,40.727595966,-74.044247311,member
033DDB580E50750B,classic_bike,2026-08-08 00:06:49.635,2026-08-08 00:16:58.468,Grove St PATH,JC115,Brunswick & 6th,JC081,40.71941,-74.04309,40.72601172964625,-74.05038893222809,member
FE5E031364495B58,electric_bike,2026-08-08 00:07:14.761,2026-08-08 00:08:59.103,Grove St PATH,JC115,Van Vorst Park,JC035,40.71941,-74.04309,40.71848892,-74.047726625,member
846BDD456D8DB0D2,classic_bike,2026-08-08 00:08:03.578,2026-08-08 00:15:07.930,South Waterfront Walkway - Sinatra Dr & 1 St,HB103,12 St & Sinatra Dr N,HB201,40.73698221818716,-74.02778059244156,40.750604142368964,-74.02402013540268,casual
5454194C289DE68D,classic_bike,2026-08-08 00:12:49.684,2026-08-08 00:19:58.939,Hudson Pl & Hoboken Terminal,HB107,Clinton St & 7 St,HB303,40.73579286776364,-74.02837457573912,40.74542,-74.03332,member
BE1C084E3A5AAEE0,classic_bike,2026-08-08 00:13:02.683,2026-08-08 00:25:54.403,South Waterfront Walkway - Sinatra Dr & 1 St,HB103,South Waterfront Walkway - Sinatra Dr & 1 St,HB103,40.73698221818716,-74.02778059244156,40.73698221818716,-74.02778059244156,casual
93FEDC421833E48D,electric_bike,2026-08-08 00:14:36.908,2026-08-08 00:19:54.257,Bergen Ave & Sip Ave,JC109,Bergen Ave,JC095,40.73100888698729,-74.06443700194359,40.722103786686034,-74.07145500183105,casual
92212DF4B0365CC6,electric_bike,2026-08-08 00:22:22.624,2026-08-08 00:29:16.353,Hamilton Park,JC009,Baldwin at Montgomery,JC020,40.727595966,-74.044247311,40.7236589,-74.0641943,casual
76BF6776EE5E8C98,classic_bike,2026-08-08 00:31:58.442,2026-08-08 00:37:05.580,Hudson Pl & Hoboken Terminal,HB107,Newport Pkwy,JC008,40.73579286776364,-74.02837457573912,40.7287448,-74.0321082,member
1EF807565122AAAB,classic_bike,2026-08-08 00:39:36.537,2026-08-08 00:44:37.561,Hamilton Park,JC009,Van Vorst Park,JC035,40.727595966,-74.044247311,40.71848892,-74.047726625,member
2A5C86235129059F,classic_bike,2026-08-08 00:46:12.031,2026-08-08 00:50:04.772,Bergen Ave & Sip Ave,JC109,McGinley Square,JC055,40.73100888698729,-74.06443700194359,40.7253399253558,-74.06762212514877,casual
EFF8CF36D4D8B570,classic_bike,2026-08-08 00:51:54.285,2026-08-08 01:33:44.813,South Waterfront Walkway - Sinatra Dr & 1 St,HB103,South Waterfront Walkway - Sinatra Dr & 1 St,HB103,40.73698221818716,-74.02778059244156,40.73698221818716,-74.02778059244156,casual
33E11EE3266EB685,classic_bike,2026-08-08 00:53:10.211,2026-08-08 01:30:35.993,South Waterfront Walkway - Sinatra Dr & 1 St,HB103,South Waterfront Walkway - Sinatra Dr & 1 St,HB103,40.73698221818716,-74.02778059244156,40.73698221818716,-74.02778059244156,casual
3CBB482AC6AB8E16,classic_bike,2026-08-08 00:54:05.165,2026-08-08 01:33:39.880,South Waterfront Walkway - Sinatra Dr & 1 St,HB103,South Waterfront Walkway - Sinatra Dr & 1 St,HB103,40.73698221818716,-74.02778059244156,40.73698221818716,-74.02778059244156,casual
80B78DA1CE52E1C3,classic_bike,2026-08-08 00:55:44.990,2026-08-08 01:02:37.893,South Waterfront Walkway - Sinatra Dr & 1 St,HB103,12 St & Sinatra Dr N,HB201,40.73698221818716,-74.02778059244156,40.750604142368964,-74.02402013540268,casual
64C0E160BF66445B,classic_bike,2026-08-08 00:57:21.594,2026-08-08 01:05:53.647,South Waterfront Walkway - Sinatra Dr & 1 St,HB103,12 St & Sinatra Dr N,HB201,40.73698221818716,-74.02778059244156,40.750604142368964,-74.02402013540268,member
96CC35A36C67FB33,electric_bike,2026-08-08 00:58:57.766,2026-08-08 01:14:03.471,Hamilton Park,JC009,Adams St & 12 St,HB610,40.727595966,-74.044247311,40.751889392240685,-74.03329162748534,member
2FB83FCF6723542C,classic_bike,2026-08-08 01:14:35.518,2026-08-08 01:23:50.499,South Waterfront Walkway - Sinatra Dr & 1 St,HB103,12 St & Sinatra Dr N,HB201,40.73698221818716,-74.02778059244156,40.750604142368964,-74.02402013540268,member
4EEC583DA88E43CE,classic_bike,2026-08-08 01:16:31.320,2026-08-08 01:25:18.750,South Waterfront Walkway - Sinatra Dr & 1 St,HB103,11 St & Washington St,HB502,40.73698221818716,-74.02778059244156,40.74998490907138,-74.02715027332306,casual
47FFA30B5807A17D,electric_bike,2026-08-08 01:31:17.407,2026-08-08 01:37:02.736,Bergen Ave & Sip Ave,JC109,Bergen Ave,JC095,40.73100888698729,-74.06443700194359,40.722103786686034,-74.07145500183105,member
44897D72F9FFD569,classic_bike,2026-08-08 01:37:11.537,2026-08-08 01:46:44.176,Hudson Pl & Hoboken Terminal,HB107,Madison St & 1 St,HB402,40.73579286776364,-74.02837457573912,40.73879,-74.0393,casual
08CD75F0DA367BFB,classic_bike,2026-08-08 01:39:53.458,2026-08-08 01:55:55.829,Hudson Pl & Hoboken Terminal,HB107,Heights Elevator,JC059,40.73579286776364,-74.02837457573912,40.748715945380226,-74.04044330120087,casual
B1798A9721B5C7FF,electric_bike,2026-08-08 01:43:04.610,2026-08-08 01:47:35.884,Grove St PATH,JC115,Liberty Light Rail,JC052,40.71941,-74.04309,40.7112423,-74.0557013,casual
75E095A4F3C73BA0,classic_bike,2026-08-08 01:44:00.446,2026-08-08 02:04:08.259,South Waterfront Walkway - Sinatra Dr & 1 St,HB103,Stevens - River Ter & 6 St,HB602,40.73698221818716,-74.02778059244156,40.74313282710551,-74.02698867022991,casual
3A5B32A03FAB47BE,classic_bike,2026-08-08 01:46:10.588,2026-08-08 02:02:07.217,South Waterfront Walkway - Sinatra Dr & 1 St,HB103,Stevens - River Ter & 6 St,HB602,40.73698221818716,-74.02778059244156,40.74313282710551,-74.02698867022991,casual
94AD6C39EE96BA8B,classic_bike,2026-08-08 01:50:26.625,2026-08-08 02:09:43.977,South Waterfront Walkway - Sinatra Dr & 1 St,HB103,Newark St & Washington St,HB612,40.73698221818716,-74.02778059244156,40.73681,-74.0309,casual
384E301D9778F38C,classic_bike,2026-08-08 01:51:10.756,2026-08-08 02:22:27.207,South Waterfront Walkway - Sinatra Dr & 1 St,HB103,South Waterfront Walkway - Sinatra Dr & 1 St,HB103,40.73698221818716,-74.02778059244156,40.73698221818716,-74.02778059244156,casual
33E4887248D4DA66,classic_bike,2026-08-08 02:04:53.576,2026-08-08 02:10:32.736,Grove St PATH,JC115,Morris Canal,JC072,40.71941,-74.04309,40.7124188237569,-74.03852552175522,member
DC8BECBBF494D7A9,classic_bike,2026-08-08 02:07:33.001,2026-08-08 02:20:31.113,Grove St PATH,JC115,Adams St & 2 St,HB407,40.71941,-74.04309,40.73981372311843,-74.03690412640572,casual
E13930BE0DE3376F,classic_bike,2026-08-08 02:11:18.450,2026-08-08 02:17:39.914,River St & 1 St,HB609,12 St & Sinatra Dr N,HB201,40.73721535335381,-74.02886540972803,40.750604142368964,-74.02402013540268,member
4407FBACB1929BD2,classic_bike,2026-08-08 02:17:28.642,2026-08-08 03:06:31.680,South Waterfront Walkway - Sinatra Dr & 1 St,HB103,11 St & Washington St,HB502,40.73698221818716,-74.02778059244156,40.74998490907138,-74.02715027332306,casual
114F4892F2091C91,electric_bike,2026-08-08 02:29:36.415,2026-08-08 02:37:59.258,Bergen Ave & Sip Ave,JC109,Lincoln Park,JC053,40.73100888698729,-74.06443700194359,40.7246050998869,-74.07840594649315,member
DF0AF986C9BD5885,classic_bike,2026-08-08 02:38:00.258,2026-08-08 02:45:24.816,Grove St PATH,JC115,Liberty Light Rail,JC052,40.71941,-74.04309,40.7112423,-74.0557013,member
58FE5CF88A4DAE07,classic_bike,2026-08-08 02:38:32.915,2026-08-08 02:53:07.486,South Waterfront Walkway - Sinatra Dr & 1 St,HB103,South Waterfront Walkway - Sinatra Dr & 1 St,HB103,40.73698221818716,-74.02778059244156,40.73698221818716,-74.02778059244156,casual
5CFFDF469842A563,classic_bike,2026-08-08 02:43:14.544,2026-08-08 03:11:52.136,Grove St PATH,JC115,Heights Elevator,JC059,40.71941,-74.04309,40.748715945380226,-74.04044330120087,member
2F246C9CCE266464,classic_bike,2026-08-08 02:45:46.981,2026-08-08 02:58:16.652,Grove St PATH,JC115,Communipaw & Berry Lane,JC084,40.71941,-74.04309,40.71435836870427,-74.06661093235016,casual
C5D684D84C496EA7,classic_bike,2026-08-08 02:50:47.253,2026-08-08 03:19:41.488,South Waterfront Walkway - Sinatra Dr & 1 St,HB103,Dr. Lena Edwards Park,JC117,40.73698221818716,-74.02778059244156,40.713203,-74.058261,casual
099AD855734EBA7A,classic_bike,2026-08-08 03:08:14.327,2026-08-08 03:15:28.085,South Waterfront Walkway - Sinatra Dr & 1 St,HB103,14 St Ferry - 14 St & Shipyard Ln,HB202,40.73698221818716,-74.02778059244156,40.752960630464955,-74.02435272932053,member
EC6847E19845CEB4,electric_bike,2026-08-08 03:10:36.635,2026-08-08 03:16:44.439,South Waterfront Walkway - Sinatra Dr & 1 St,HB103,14 St Ferry - 14 St & Shipyard Ln,HB202,40.73698221818716,-74.02778059244156,40.752960630464955,-74.02435272932053,casual
65BC68FAD8154716,classic_bike,2026-08-08 03:11:16.660,2026-08-08 03:16:03.356,Hamilton Park,JC009,Grove St PATH,JC115,40.727595966,-74.044247311,40.71941,-74.04309,casual
4676F9B93E535CD9,electric_bike,2026-08-08 03:11:32.291,2026-08-08 03:16:46.996,South Waterfront Walkway - Sinatra Dr & 1 St,HB103,14 St Ferry - 14 St & Shipyard Ln,HB202,40.73698221818716,-74.02778059244156,40.752960630464955,-74.02435272932053,casual
E6711ABFBF6B76CC,electric_bike,2026-08-08 03:22:28.830,2026-08-08 03:34:36.251,Hamilton Park,JC009,Bloomfield St & 15 St,HB203,40.727595966,-74.044247311,40.75453,-74.02658,casual
BB1FB9D4B5B9B198,classic_bike,2026-08-08 03:45:35.540,2026-08-08 03:56:00.426,South Waterfront Walkway - Sinatra Dr & 1 St,HB103,7 St & Monroe St,HB304,40.73698221818716,-74.02778059244156,40.74641264837719,-74.03797701001167,member
645C093A8EB45AF4,electric_bike,2026-08-08 04:35:50.338,2026-08-08 04:40:53.429,Bergen Ave & Sip Ave,JC109,Bergen Ave,JC095,40.73100888698729,-74.06443700194359,40.722103786686034,-74.07145500183105,casual
C5B595354C2292B0,electric_bike,2026-08-08 04:35:58.797,2026-08-08 04:40:43.910,Bergen Ave & Sip Ave,JC109,Bergen Ave,JC095,40.73100888698729,-74.06443700194359,40.722103786686034,-74.07145500183105,casual
EB258C031583EB30,classic_bike,2026-08-08 04:53:56.284,2026-08-08 05:27:31.947,Grove St PATH,JC115,Union St,JC051,40.71941,-74.04309,40.7182113,-74.0836394,casual
4453EFF5E4108300,classic_bike,2026-08-08 04:55:45.942,2026-08-08 05:27:33.768,Grove St PATH,JC115,Union St,JC051,40.71941,-74.04309,40.7182113,-74.0836394,casual
C0F7BB752D85850B,classic_bike,2026-08-08 05:05:18.398,2026-08-08 05:09:42.718,Hamilton Park,JC009,Grove St PATH,JC115,40.727595966,-74.044247311,40.71941,-74.04309,member
F04591A751E3F3F8,classic_bike,2026-08-08 05:33:38.226,2026-08-08 05:47:49.648,Hamilton Park,JC009,Garfield Light Rail,JC119,40.727595966,-74.044247311,40.710526,-74.070112,member
1BA593F33FF6C76F,electric_bike,2026-08-08 05:54:29.985,2026-08-08 05:56:53.509,Bergen Ave & Sip Ave,JC109,Glenwood Ave,JC094,40.73100888698729,-74.06443700194359,40.72755146730012,-74.07106071710587,member
7E0CE7FB6DB5F12A,electric_bike,2026-08-08 06:07:13.433,2026-08-08 06:16:44.173,Grove St PATH,JC115,Exchange Pl,JC116,40.71941,-74.04309,40.71636596185077,-74.034343957901,casual
2355BD8D1F4DBE1C,electric_bike,2026-08-08 06:13:52.326,2026-08-08 06:19:10.789,Grove St PATH,JC115,Baldwin at Montgomery,JC020,40.71941,-74.04309,40.7236589,-74.0641943,member
473ECB111FC11311,classic_bike,2026-08-08 06:22:43.488,2026-08-08 06:38:13.877,South Waterfront Walkway - Sinatra Dr & 1 St,HB103,Exchange Pl,JC116,40.73698221818716,-74.02778059244156,40.71636596185077,-74.034343957901,casual
49BC8C2F2746E10E,classic_bike,2026-08-08 06:24:42.002,2026-08-08 06:38:01.557,South Waterfront Walkway - Sinatra Dr & 1 St,HB103,Exchange Pl,JC116,40.73698221818716,-74.02778059244156,40.71636596185077,-74.034343957901,casual
E47DB9FDA1966194,electric_bike,2026-08-08 06:31:29.713,2026-08-08 06:34:27.543,Hamilton Park,JC009,Manila & 1st,JC082,40.727595966,-74.044247311,40.721650724879986,-74.04288411140442,member
49A4B996DDFF4D15,electric_bike,2026-08-08 07:11:45.165,2026-08-08 07:35:42.028,River St & 1 St,HB609,Marshall St & 2 St,HB408,40.73721535335381,-74.02886540972803,40.740802,-74.042521,casual
971A9B96267CEF26,electric_bike,2026-08-08 07:30:23.265,2026-08-08 07:55:36.570,Grove St PATH,JC115,11 St & Washington St,HB502,40.71941,-74.04309,40.74998490907138,-74.02715027332306,member
CB2E9A32270E4F0A,classic_bike,2026-08-08 07:30:31.393,2026-08-08 07:40:50.264,Hamilton Park,JC009,City Hall - Washington St & 1 St,HB105,40.727595966,-74.044247311,40.73736,-74.03097,member
47208969926D9E98,electric_bike,2026-08-08 07:35:47.535,2026-08-08 07:39:02.668,Grove St PATH,JC115,Brunswick & 6th,JC081,40.71941,-74.04309,40.72601172964625,-74.05038893222809,member
A0F601A0A4536A19,electric_bike,2026-08-08 07:46:12.605,2026-08-08 07:49:39.834,Grove St PATH,JC115,York St & Marin Blvd,JC097,40.71941,-74.04309,40.716615000830494,-74.0424120426178,member
2309F2850FB3F530,electric_bike,2026-08-08 08:14:27.523,2026-08-08 08:23:11.253,River St & 1 St,HB609,Hoboken Terminal - Hudson St & Hudson Pl,HB101,40.73721535335381,-74.02886540972803,40.73593758446329,-74.03030455112457,member
19D5B41DD285269B,electric_bike,2026-08-08 08:26:29.848,2026-08-08 08:32:57.999,Hamilton Park,JC009,JC Medical Center,JC110,40.727595966,-74.044247311,40.71539114317,-74.04969155788422,casual
124633FE30212533,electric_bike,2026-08-08 08:30:13.497,2026-08-08 08:39:57.368,Bergen Ave & Sip Ave,JC109,Bergen Ave & Stegman St,JC108,40.73100888698729,-74.06443700194359,40.70657545063453,-74.0867006778717,casual
AE0A71EFBD90A781,electric_bike,2026-08-08 08:33:37.386,2026-08-08 08:36:47.915,Hamilton Park,JC009,Manila & 1st,JC082,40.727595966,-74.044247311,40.721650724879986,-74.04288411140442,casual
4129B9F647F163A2,classic_bike,2026-08-08 08:35:03.125,2026-08-08 08:37:33.076,Grove St PATH,JC115,Van Vorst Park,JC035,40.71941,-74.04309,40.71848892,-74.047726625,member
54C831D158F713FB,classic_bike,2026-08-08 08:37:05.117,2026-08-08 08:41:47.706,Grove St PATH,JC115,Montgomery St,JC099,40.71941,-74.04309,40.71942,-74.05099,member
D9B54C724EBB22D6,classic_bike,2026-08-08 08:43:31.619,2026-08-08 09:01:18.593,Bergen Ave & Sip Ave,JC109,City Hall,JC003,40.73100888698729,-74.06443700194359,40.7177325,-74.043845,member
5876CB34DCBF7329,classic_bike,2026-08-08 08:52:34.820,2026-08-08 09:10:10.748,Hamilton Park,JC009,Grand St & 14 St,HB506,40.727595966,-74.044247311,40.75409,-74.0316,casual
FAC04FEF8B4B96E2,classic_bike,2026-08-08 08:53:05.489,2026-08-08 09:03:15.036,Hudson Pl & Hoboken Terminal,HB107,14 St Ferry - 14 St & Shipyard Ln,HB202,40.73579286776364,-74.02837457573912,40.752960630464955,-74.02435272932053,member
2BA4CD43EA346934,classic_bike,2026-08-08 08:53:43.796,2026-08-08 09:29:39.907,Grove St PATH,JC115,Pacific Ave & Communipaw Ave,JC118,40.71941,-74.04309,40.711354,-74.062446,member
20989C885C7F67C4,electric_bike,2026-08-08 08:56:31.823,2026-08-08 09:04:33.910,River St & 1 St,HB609,Hoboken Ave at Monmouth St,JC105,40.73721535335381,-74.02886540972803,40.73520838045357,-74.04696375131607,member
A7E129FCF173858F,electric_bike,2026-08-08 08:57:13.068,2026-08-08 09:06:14.946,Hudson Pl & Hoboken Terminal,HB107,Grand St & 14 St,HB506,40.73579286776364,-74.02837457573912,40.75409,-74.0316,casual
55A13AEF3AD83D27,classic_bike,2026-08-08 08:58:25.961,2026-08-08 09:13:15.888,River St & 1 St,HB609,Hamilton Park,JC009,40.73721535335381,-74.02886540972803,40.727595966,-74.044247311,casual
B3414F0D237EBFAB,electric_bike,2026-08-08 09:03:38.437,2026-08-08 09:08:35.705,River St & 1 St,HB609,11 St & Washington St,HB502,40.73721535335381,-74.02886540972803,40.74998490907138,-74.02715027332306,member
8489C72A4EC57AAC,classic_bike,2026-08-08 09:07:45.563,2026-08-08 09:27:05.761,Bergen Ave & Sip Ave,JC109,River St & 1 St,HB609,40.73100888698729,-74.06443700194359,40.73721535335381,-74.02886540972803,member
FF01B2CCA7CBB4E8,electric_bike,2026-08-08 09:07:58.264,2026-08-08 09:23:08.892,Grove St PATH,JC115,Warren St,JC006,40.71941,-74.04309,40.7211236,-74.03805095,member
37B54A20459DF0E8,classic_bike,2026-08-08 09:11:49.110,2026-08-08 09:39:54.497,Bergen Ave & Sip Ave,JC109,Exchange Pl,JC116,40.73100888698729,-74.06443700194359,40.71636596185077,-74.034343957901,casual
51A3AD422D222515,electric_bike,2026-08-08 09:12:31.155,2026-08-08 09:17:22.755,Grove St PATH,JC115,Exchange Pl,JC116,40.71941,-74.04309,40.71636596185077,-74.034343957901,member
F0B61E059AE92B24,electric_bike,2026-08-08 09:16:18.672,2026-08-08 09:19:39.175,River St & 1 St,HB609,8 St & Washington St,HB603,40.73721535335381,-74.02886540972803,40.745983882915624,-74.02819901704788,member
ECBD78FB3668E95F,classic_bike,2026-08-08 09:16:49.974,2026-08-08 09:23:38.600,Hudson Pl & Hoboken Terminal,HB107,Newport Pkwy,JC008,40.73579286776364,-74.02837457573912,40.7287448,-74.0321082,member
834B8E58CE5544EA,classic_bike,2026-08-08 09:21:17.837,2026-08-08 09:24:18.102,River St & 1 St,HB609,2 St & Park Ave,HB608,40.73721535335381,-74.02886540972803,40.73915272763701,-74.0330819785595,member
6A4E3A95CF2D1E85,electric_bike,2026-08-08 09:33:16.419,2026-08-08 09:43:21.908,Hudson Pl & Hoboken Terminal,HB107,Columbus Park - Clinton St & 9 St,HB501,40.73579286776364,-74.02837457573912,40.74816121065146,-74.0324530005455,casual
D8587B45111ED84C,classic_bike,2026-08-08 09:35:49.138,2026-08-08 09:57:09.011,Grove St PATH,JC115,14 St Ferry - 14 St & Shipyard Ln,HB202,40.71941,-74.04309,40.752960630464955,-74.02435272932053,casual
00DE56CB09DF5727,electric_bike,2026-08-08 09:36:12.683,2026-08-08 09:41:23.551,Hamilton Park,JC009,Newport PATH,JC066,40.727595966,-74.044247311,40.7272235,-74.0337589,casual
FE88519649FD60E9,electric_bike,2026-08-08 09:37:58.541,2026-08-08 09:41:04.731,Hamilton Park,JC009,Grove St PATH,JC115,40.727595966,-74.044247311,40.71941,-74.04309,member
6ECEF9DC9F3E0854,electric_bike,2026-08-08 09:39:29.548,2026-08-08 09:42:50.125,River St & 1 St,HB609,Adams St & 2 St,HB407,40.73721535335381,-74.02886540972803,40.73981372311843,-74.03690412640572,member
5D4E9B92B5D551C2,classic_bike,2026-08-08 09:39:30.616,2026-08-08 09:44:52.364,Grove St PATH,JC115,Exchange Pl,JC116,40.71941,-74.04309,40.71636596185077,-74.034343957901,member
7C24740096615E64,classic_bike,2026-08-08 09:39:35.424,2026-08-08 10:16:35.975,South Waterfront Walkway - Sinatra Dr & 1 St,HB103,14 St Ferry - 14 St & Shipyard Ln,HB202,40.73698221818716,-74.02778059244156,40.752960630464955,-74.02435272932053,casual
F58AC5FC89F24D31,electric_bike,2026-08-08 09:46:28.788,2026-08-08 09:58:20.598,South Waterfront Walkway - Sinatra Dr & 1 St,HB103,Manila & 1st,JC082,40.73698221818716,-74.02778059244156,40.721650724879986,-74.04288411140442,member
A170FA47910C7199,electric_bike,2026-08-08 09:52:01.137,2026-08-08 09:55:08.491,Grove St PATH,JC115,Warren St,JC006,40.71941,-74.04309,40.7211236,-74.03805095,casual
A03071AEC83F5F5A,electric_bike,2026-08-08 09:55:03.613,2026-08-08 10:12:40.847,River St & 1 St,HB609,Hoboken Ave at Monmouth St,JC105,40.73721535335381,-74.02886540972803,40.73520838045357,-74.04696375131607,member
A7944CECBAC8E625,classic_bike,2026-08-08 09:57:53.743,2026-08-08 10:02:41.393,Grove St PATH,JC115,Monmouth & 6th,JC075,40.71941,-74.04309,40.72568548362901,-74.04879033565521,member
FBA558C8205E7618,electric_bike,2026-08-08 09:58:28.148,2026-08-08 10:07:38.325,Hudson Pl & Hoboken Terminal,HB107,9 St HBLR - Jackson St & 8 St,HB305,40.73579286776364,-74.02837457573912,40.74790720968899,-74.03841152787209,member
872ECD7E8C9EBDBA,electric_bike,2026-08-08 09:59:23.799,2026-08-08 10:09:34.072,South Waterfront Walkway - Sinatra Dr & 1 St,HB103,Grand St & 14 St,HB506,40.73698221818716,-74.02778059244156,40.75409,-74.0316,member
590C076B72000A2C,electric_bike,2026-08-08 09:59:34.839,2026-08-08 10:09:30.405,South Waterfront Walkway - Sinatra Dr & 1 St,HB103,Grand St & 14 St,HB506,40.73698221818716,-74.02778059244156,40.75409,-74.0316,member
050023259262F48F,electric_bike,2026-08-08 10:02:59.378,2026-08-08 10:10:48.009,Bergen Ave & Sip Ave,JC109,Oakland Ave,JC022,40.73100888698729,-74.06443700194359,40.7376037,-74.0524783,member
D439D5A7388D2804,classic_bike,2026-08-08 10:05:25.142,2026-08-08 10:11:22.253,Hudson Pl & Hoboken Terminal,HB107,4 St & Grand St,HB301,40.73579286776364,-74.02837457573912,40.7422579775645,-74.03511106967926,member
0DBB4DF4CC5B1D3A,classic_bike,2026-08-08 10:06:31.446,2026-08-08 10:19:39.078,River St & 1 St,HB609,Washington St,JC098,40.73721535335381,-74.02886540972803,40.7242941,-74.0354826,member
66F5612090811619,electric_bike,2026-08-08 10:08:22.604,2026-08-08 10:10:51.305,Grove St PATH,JC115,Montgomery St,JC099,40.71941,-74.04309,40.71942,-74.05099,casual
5AEFFF55D543D7F1,classic_bike,2026-08-08 10:11:00.002,2026-08-08 10:16:04.851,Grove St PATH,JC115,JC Medical Center,JC110,40.71941,-74.04309,40.71539114317,-74.04969155788422,member
2CEC878963953CC4,electric_bike,2026-08-08 10:11:13.834,2026-08-08 10:32:59.259,Grove St PATH,JC115,York St & Marin Blvd,JC097,40.71941,-74.04309,40.716615000830494,-74.0424120426178,member
3E33D298BCB34DA3,electric_bike,2026-08-08 10:12:13.797,2026-08-08 10:33:12.268,Grove St PATH,JC115,York St & Marin Blvd,JC097,40.71941,-74.04309,40.716615000830494,-74.0424120426178,member
938629B9543FF908,electric_bike,2026-08-08 10:16:10.728,2026-08-08 10:28:17.606,River St & 1 St,HB609,12 St & Sinatra Dr N,HB201,40.73721535335381,-74.02886540972803,40.750604142368964,-74.02402013540268,member
3FECAEAEAA10EA67,electric_bike,2026-08-08 10:16:14.740,2026-08-08 10:26:48.561,Grove St PATH,JC115,Carteret Ave & Arlington Ave,JC123,40.71941,-74.04309,40.709142,-74.074553,member
7DC40AF348783B52,classic_bike,2026-08-08 10:16:30.018,2026-08-08 10:31:44.541,Bergen Ave & Sip Ave,JC109,Newport PATH,JC066,40.73100888698729,-74.06443700194359,40.7272235,-74.0337589,member
584A869A3E103E1B,classic_bike,2026-08-08 10:17:23.015,2026-08-08 10:28:11.043,South Waterfront Walkway - Sinatra Dr & 1 St,HB103,11 St & Washington St,HB502,40.73698221818716,-74.02778059244156,40.74998490907138,-74.02715027332306,member
D5D14CF49CE22A9D,classic_bike,2026-08-08 10:17:29.539,2026-08-08 10:28:00.229,South Waterfront Walkway - Sinatra Dr & 1 St,HB103,11 St & Washington St,HB502,40.73698221818716,-74.02778059244156,40.74998490907138,-74.02715027332306,casual
2ED7437367DBE8DA,classic_bike,2026-08-08 10:18:16.920,2026-08-08 10:21:24.768,Grove St PATH,JC115,York St & Marin Blvd,JC097,40.71941,-74.04309,40.716615000830494,-74.0424120426178,member
2B57DFB52B7BCA15,electric_bike,2026-08-08 10:19:52.424,2026-08-08 10:29:25.632,Grove St PATH,JC115,Oakland Ave,JC022,40.71941,-74.04309,40.7376037,-74.0524783,member
4510BC32562A360C,electric_bike,2026-08-08 10:20:14.073,2026-08-08 10:34:52.996,Grove St PATH,JC115,Christ Hospital,JC034,40.71941,-74.04309,40.734785818,-74.050443636,member
F871D952E65199AC,electric_bike,2026-08-08 10:20:33.480,2026-08-08 10:23:44.775,Grove St PATH,JC115,Hamilton Park,JC009,40.71941,-74.04309,40.727595966,-74.044247311,member
D7CEE0808241C0FD,classic_bike,2026-08-08 10:21:39.749,2026-08-08 10:40:41.211,Hudson Pl & Hoboken Terminal,HB107,Willow Ave & 12 St,HB505,40.73579286776364,-74.02837457573912,40.7518674823282,-74.03037697076797,casual
A4CDC80AEE6F475E,electric_bike,2026-08-08 10:22:00.545,2026-08-08 10:25:50.880,River St & 1 St,HB609,8 St & Washington St,HB603,40.73721535335381,-74.02886540972803,40.745983882915624,-74.02819901704788,casual
6DE1395B32887C59,classic_bike,2026-08-08 10:22:09.203,2026-08-08 10:27:49.476,River St & 1 St,HB609,4 St & Grand St,HB301,40.73721535335381,-74.02886540972803,40.7422579775645,-74.03511106967926,casual
D2CA1070DC6989E2,electric_bike,2026-08-08 10:27:44.857,2026-08-08 10:32:09.224,River St & 1 St,HB609,Columbus Park - Clinton St & 9 St,HB501,40.73721535335381,-74.02886540972803,40.74816121065146,-74.0324530005455,casual
6846A6AA4DBD742A,electric_bike,2026-08-08 10:31:59.515,2026-08-08 10:36:51.512,Hudson Pl & Hoboken Terminal,HB107,14 St Ferry - 14 St & Shipyard Ln,HB202,40.73579286776364,-74.02837457573912,40.752960630464955,-74.02435272932053,member
5F66FBAEA770AB32,electric_bike,2026-08-08 10:34:35.175,2026-08-08 10:42:02.797,Hamilton Park,JC009,Newark St & Washington St,HB612,40.727595966,-74.044247311,40.73681,-74.0309,member
DB61B435B2B83093,electric_bike,2026-08-08 10:38:05.230,2026-08-08 10:43:14.909,Grove St PATH,JC115,Newport PATH,JC066,40.71941,-74.04309,40.7272235,-74.0337589,member
233D2DA14F6356E5,electric_bike,2026-08-08 10:38:14.318,2026-08-08 10:57:40.577,Hamilton Park,JC009,Newport Pkwy,JC008,40.727595966,-74.044247311,40.7287448,-74.0321082,casual
31CD73CFD735AD29,classic_bike,2026-08-08 10:39:30.666,2026-08-08 10:51:02.481,Hamilton Park,JC009,Morris Canal,JC072,40.727595966,-74.044247311,40.7124188237569,-74.03852552175522,casual
BBDBCCB0EA61EE4B,electric_bike,2026-08-08 10:44:45.170,2026-08-08 10:50:48.673,Bergen Ave & Sip Ave,JC109,Lincoln Park,JC053,40.73100888698729,-74.06443700194359,40.7246050998869,-74.07840594649315,casual
57586B69392A3819,electric_bike,2026-08-08 10:45:25.617,2026-08-08 10:58:16.348,Bergen Ave & Sip Ave,JC109,Union St,JC051,40.73100888698729,-74.06443700194359,40.7182113,-74.0836394,member
E32F4B749531C6EA,electric_bike,2026-08-08 10:45:31.815,2026-08-08 12:17:48.090,Hamilton Park,JC009,Paulus Hook,JC002,40.727595966,-74.044247311,40.7141454,-74.0335519,casual
EB2F9E180670727E,electric_bike,2026-08-08 10:46:13.700,2026-08-08 12:18:11.706,Hamilton Park,JC009,Paulus Hook,JC002,40.727595966,-74.044247311,40.7141454,-74.0335519,casual
59F112A33D7F6BD5,classic_bike,2026-08-08 10:46:24.146,2026-08-08 10:56:16.532,Hamilton Park,JC009,Marin Light Rail,JC013,40.727595966,-74.044247311,40.71458403535893,-74.04281705617905,member
308400C01630996B,classic_bike,2026-08-08 10:47:16.288,2026-08-08 10:52:15.662,Hamilton Park,JC009,Hamilton Park,JC009,40.727595966,-74.044247311,40.727595966,-74.044247311,casual
E62A24C4B4CA4C56,classic_bike,2026-08-08 10:48:18.297,2026-08-08 12:39:28.307,Hamilton Park,JC009,Liberty Light Rail,JC052,40.727595966,-74.044247311,40.7112423,-74.0557013,casual
D0C83A890E831D84,classic_bike,2026-08-08 10:51:10.326,2026-08-08 11:00:05.057,Bergen Ave & Sip Ave,JC109,Brunswick & 6th,JC081,40.73100888698729,-74.06443700194359,40.72601172964625,-74.05038893222809,member
A7470E318FFE053F,electric_bike,2026-08-08 10:52:42.700,2026-08-08 10:59:43.454,River St & 1 St,HB609,12 St & Sinatra Dr N,HB201,40.73721535335381,-74.02886540972803,40.750604142368964,-74.02402013540268,member
463DBBCB88CECB34,classic_bike,2026-08-08 10:53:21.355,2026-08-08 11:01:20.163,Grove St PATH,JC115,Liberty Light Rail,JC052,40.71941,-74.04309,40.7112423,-74.0557013,member
6C010FAF62E0748F,electric_bike,2026-08-08 10:55:13.233,2026-08-08 11:14:03.476,Bergen Ave & Sip Ave,JC109,McGinley Square,JC055,40.73100888698729,-74.06443700194359,40.7253399253558,-74.06762212514877,member
62138005D7453FEA,electric_bike,2026-08-08 11:01:36.838,2026-08-08 11:07:01.508,South Waterfront Walkway - Sinatra Dr & 1 St,HB103,12 St & Sinatra Dr N,HB201,40.73698221818716,-74.02778059244156,40.750604142368964,-74.02402013540268,member
344976E6F5080EC6,electric_bike,2026-08-08 11:01:39.024,2026-08-08 11:05:51.242,Hamilton Park,JC009,Newport PATH,JC066,40.727595966,-74.044247311,40.7272235,-74.0337589,member
CA98A559E4942AF1,classic_bike,2026-08-08 11:02:24.616,2026-08-08 11:06:04.479,Grove St PATH,JC115,Dixon Mills,JC076,40.71941,-74.04309,40.721630142638354,-74.04996782541275,member
EF412270C465D236,classic_bike,2026-08-08 11:03:05.376,2026-08-08 12:38:43.092,Hamilton Park,JC009,Liberty Light Rail,JC052,40.727595966,-74.044247311,40.7112423,-74.0557013,casual
50E8A2CEED7F2AE0,classic_bike,2026-08-08 11:03:18.481,2026-08-08 12:40:24.288,Hamilton Park,JC009,Liberty Light Rail,JC052,40.727595966,-74.044247311,40.7112423,-74.0557013,casual
5A5D8FEA3B57B970,electric_bike,2026-08-08 11:04:24.887,2026-08-08 11:15:37.120,Bergen Ave & Sip Ave,JC109,Lincoln Park,JC053,40.73100888698729,-74.06443700194359,40.7246050998869,-74.07840594649315,casual
61DA925AA92DA0AC,classic_bike,2026-08-08 11:13:45.715,2026-08-08 11:21:46.042,Grove St PATH,JC115,Lafayette Park,JC078,40.71941,-74.04309,40.71346382669195,-74.06285852193832,casual
81E762B972E143A3,electric_bike,2026-08-08 11:16:32.442,2026-08-08 11:20:29.758,Grove St PATH,JC115,Hamilton Park,JC009,40.71941,-74.04309,40.727595966,-74.044247311,member
F916C1BD1138E63A,electric_bike,2026-08-08 11:17:54.338,2026-08-08 11:25:45.265,Grove St PATH,JC115,Hamilton Park,JC009,40.71941,-74.04309,40.727595966,-74.044247311,member
473729A05FBF6D8F,electric_bike,2026-08-08 11:17:55.648,2026-08-08 11:25:48.211,Grove St PATH,JC115,Hamilton Park,JC009,40.71941,-74.04309,40.727595966,-74.044247311,member
97733E53060404CF,electric_bike,2026-08-08 11:22:05.149,2026-08-08 11:28:16.065,River St & 1 St,HB609,14 St Ferry - 14 St & Shipyard Ln,HB202,40.73721535335381,-74.02886540972803,40.752960630464955,-74.02435272932053,member
333E01B7BEBA6387,electric_bike,2026-08-08 11:22:25.688,2026-08-08 11:27:40.218,River St & 1 St,HB609,12 St & Sinatra Dr N,HB201,40.73721535335381,-74.02886540972803,40.750604142368964,-74.02402013540268,member
0DE4E2C9D5E74566,electric_bike,2026-08-08 11:25:01.487,2026-08-08 11:31:35.829,River St & 1 St,HB609,Southwest Park - Jackson St & Observer Hwy,HB401,40.73721535335381,-74.02886540972803,40.73755127245804,-74.04166370630264,casual
6B4BCFD24BA91AB3,electric_bike,2026-08-08 11:25:33.869,2026-08-08 11:27:53.777,River St & 1 St,HB609,4 St & River St,HB611,40.73721535335381,-74.02886540972803,40.7408139,-74.0274062,casual
2BE14135E1951765,classic_bike,2026-08-08 11:27:25.405,2026-08-08 12:13:34.531,South Waterfront Walkway - Sinatra Dr & 1 St,HB103,Bloomfield St & 15 St,HB203,40.73698221818716,-74.02778059244156,40.75453,-74.02658,member
ACFA69F6EEBF2269,electric_bike,2026-08-08 11:29:06.573,2026-08-08 11:32:55.713,River St & 1 St,HB609,8 St & Washington St,HB603,40.73721535335381,-74.02886540972803,40.745983882915624,-74.02819901704788,member
52CA9FF55A5502E5,electric_bike,2026-08-08 11:29:25.510,2026-08-08 11:35:56.864,Bergen Ave & Sip Ave,JC109,Brunswick & 6th,JC081,40.73100888698729,-74.06443700194359,40.72601172964625,-74.05038893222809,casual
211BE7D086D6626D,classic_bike,2026-08-08 11:29:54.794,2026-08-08 11:34:11.923,Hamilton Park,JC009,Warren St,JC006,40.727595966,-74.044247311,40.7211236,-74.03805095,member
82C7DA9D0F5E45CC,classic_bike,2026-08-08 11:34:12.992,2026-08-08 11:39:54.056,River St & 1 St,HB609,Madison St & 1 St,HB402,40.73721535335381,-74.02886540972803,40.73879,-74.0393,member
FCD1B3F4EC9853A3,electric_bike,2026-08-08 11:34:19.725,2026-08-08 11:38:39.029,River St & 1 St,HB609,4 St & Grand St,HB301,40.73721535335381,-74.02886540972803,40.7422579775645,-74.03511106967926,casual
864F713E31C953D9,electric_bike,2026-08-08 11:35:41.649,2026-08-08 11:43:40.451,Hudson Pl & Hoboken Terminal,HB107,4 St & Grand St,HB301,40.73579286776364,-74.02837457573912,40.7422579775645,-74.03511106967926,casual
F277CCF6A99261BB,electric_bike,2026-08-08 11:35:45.808,2026-08-08 11:48:25.916,Bergen Ave & Sip Ave,JC109,Washington St & Morgan St,JC149,40.73100888698729,-74.06443700194359,40.719445793042716,-74.03689158686865,member
DAEE8D85A7A55A5A,electric_bike,2026-08-08 11:43:16.097,2026-08-08 11:51:05.607,Bergen Ave & Sip Ave,JC109,Union St,JC051,40.73100888698729,-74.06443700194359,40.7182113,-74.0836394,member
F884C49B53A3B67A,electric_bike,2026-08-08 11:46:14.125,2026-08-08 11:49:56.357,Hamilton Park,JC009,Van Vorst Park,JC035,40.727595966,-74.044247311,40.71848892,-74.047726625,member
9FEA8D2652A22E7C,electric_bike,2026-08-08 11:46:29.949,2026-08-08 11:48:52.637,Grove St PATH,JC115,Van Vorst Park,JC035,40.71941,-74.04309,40.71848892,-74.047726625,member
CCFEB0BF9409E136,electric_bike,2026-08-08 11:46:33.673,2026-08-08 11:50:32.369,Hamilton Park,JC009,Grove St PATH,JC115,40.727595966,-74.044247311,40.71941,-74.04309,member
6B6B8F3BE7721D83,electric_bike,2026-08-08 11:49:46.464,2026-08-08 12:00:37.236,Hamilton Park,JC009,Willow Ave & 12 St,HB505,40.727595966,-74.044247311,40.7518674823282,-74.03037697076797,casual
9C488C15C240389A,electric_bike,2026-08-08 11:49:51.255,2026-08-08 12:04:25.829,South Waterfront Walkway - Sinatra Dr & 1 St,HB103,Pershing Field,JC024,40.73698221818716,-74.02778059244156,40.742677141,-74.051788633,member
458774DBADCFF15C,electric_bike,2026-08-08 11:51:53.817,2026-08-08 11:57:59.127,River St & 1 St,HB609,14 St Ferry - 14 St & Shipyard Ln,HB202,40.73721535335381,-74.02886540972803,40.752960630464955,-74.02435272932053,casual
27CF58DED9C0D20D,electric_bike,2026-08-08 11:52:18.444,2026-08-08 11:58:38.846,Hudson Pl & Hoboken Terminal,HB107,12 St & Sinatra Dr N,HB201,40.73579286776364,-74.02837457573912,40.750604142368964,-74.02402013540268,member
2E33B379D35B445C,electric_bike,2026-08-08 11:52:35.075,2026-08-08 11:58:41.194,Hudson Pl & Hoboken Terminal,HB107,12 St & Sinatra Dr N,HB201,40.73579286776364,-74.02837457573912,40.750604142368964,-74.02402013540268,casual
BA32CFCA29585085,electric_bike,2026-08-08 11:53:55.407,2026-08-08 11:58:04.256,Grove St PATH,JC115,Exchange Pl,JC116,40.71941,-74.04309,40.71636596185077,-74.034343957901,member
5486A47F611779AB,electric_bike,2026-08-08 11:56:06.674,2026-08-08 12:01:20.100,River St & 1 St,HB609,Columbus Park - Clinton St & 9 St,HB501,40.73721535335381,-74.02886540972803,40.74816121065146,-74.0324530005455,casual
6844FE748607924F,electric_bike,2026-08-08 11:56:11.760,2026-08-08 12:02:50.537,Grove St PATH,JC115,Baldwin at Montgomery,JC020,40.71941,-74.04309,40.7236589,-74.0641943,casual
EBB0D8E35349054E,classic_bike,2026-08-08 11:56:56.311,2026-08-08 12:04:28.696,Grove St PATH,JC115,Montgomery St,JC099,40.71941,-74.04309,40.71942,-74.05099,member
72AA384E6DFD4D90,electric_bike,2026-08-08 11:57:19.698,2026-08-08 12:00:00.564,Hamilton Park,JC009,Newark Ave,JC032,40.727595966,-74.044247311,40.72152515,-74.046304543,member
F47F34507992BD68,electric_bike,2026-08-08 11:57:21.328,2026-08-08 12:00:03.010,Hamilton Park,JC009,Newark Ave,JC032,40.727595966,-74.044247311,40.72152515,-74.046304543,member
6550D37B39B03A7E,electric_bike,2026-08-08 11:59:04.720,2026-08-08 12:08:10.547,Grove St PATH,JC115,City Hall,JC003,40.71941,-74.04309,40.7177325,-74.043845,member
51F671F3731CDCEB,electric_bike,2026-08-08 12:00:56.628,2026-08-08 12:04:56.959,River St & 1 St,HB609,Clinton St & 7 St,HB303,40.73721535335381,-74.02886540972803,40.74542,-74.03332,member
E4529481B7431E2F,electric_bike,2026-08-08 12:02:46.095,2026-08-08 12:17:29.064,Grove St PATH,JC115,Newport Pkwy,JC008,40.71941,-74.04309,40.7287448,-74.0321082,casual
28E15037E58C93ED,electric_bike,2026-08-08 12:02:48.749,2026-08-08 12:18:20.129,Hudson Pl & Hoboken Terminal,HB107,Manila & 1st,JC082,40.73579286776364,-74.02837457573912,40.721650724879986,-74.04288411140442,member
87A90A73D168FCCA,electric_bike,2026-08-08 12:03:04.017,2026-08-08 12:06:36.482,Grove St PATH,JC115,Marin Light Rail,JC013,40.71941,-74.04309,40.71458403535893,-74.04281705617905,member
948C10A55668F0C0,electric_bike,2026-08-08 12:04:10.020,2026-08-08 12:09:20.282,River St & 1 St,HB609,Clinton St & 7 St,HB303,40.73721535335381,-74.02886540972803,40.74542,-74.03332,member
639343CF7E39F96D,electric_bike,2026-08-08 12:05:44.506,2026-08-08 12:21:46.480,Hudson Pl & Hoboken Terminal,HB107,York St & Marin Blvd,JC097,40.73579286776364,-74.02837457573912,40.716615000830494,-74.0424120426178,casual
F1F40E0B2D747125,electric_bike,2026-08-08 12:05:53.692,2026-08-08 12:11:35.231,Grove St PATH,JC115,Exchange Pl,JC116,40.71941,-74.04309,40.71636596185077,-74.034343957901,casual
2E9BC5EC718C0BAC,electric_bike,2026-08-08 12:08:44.670,2026-08-08 12:13:52.746,Hamilton Park,JC009,Grove St PATH,JC115,40.727595966,-74.044247311,40.71941,-74.04309,casual
83CBA9D0071AD8CC,classic_bike,2026-08-08 12:09:03.094,2026-08-08 12:12:38.640,Grove St PATH,JC115,Marin Light Rail,JC013,40.71941,-74.04309,40.71458403535893,-74.04281705617905,member
3DEEF85D4CF05A9A,electric_bike,2026-08-08 12:12:56.228,2026-08-08 12:20:47.412,Grove St PATH,JC115,Baldwin at Montgomery,JC020,40.71941,-74.04309,40.7236589,-74.0641943,casual
0267FD2E168FBBEC,electric_bike,2026-08-08 12:13:07.353,2026-08-08 12:20:13.465,Hudson Pl & Hoboken Terminal,HB107,14 St Ferry - 14 St & Shipyard Ln,HB202,40.73579286776364,-74.02837457573912,40.752960630464955,-74.02435272932053,casual
DD6F6EFA9CBE844A,electric_bike,2026-08-08 12:13:13.709,2026-08-08 12:20:55.908,Hudson Pl & Hoboken Terminal,HB107,7 St & Monroe St,HB304,40.73579286776364,-74.02837457573912,40.74641264837719,-74.03797701001167,member
A8D9A5BF302D6CB8,electric_bike,2026-08-08 12:13:30.475,2026-08-08 12:16:32.723,River St & 1 St,HB609,4 St & Grand St,HB301,40.73721535335381,-74.02886540972803,40.7422579775645,-74.03511106967926,member
37F96255F8A49BFF,electric_bike,2026-08-08 12:13:53.633,2026-08-08 12:18:35.433,Hudson Pl & Hoboken Terminal,HB107,8 St & Washington St,HB603,40.73579286776364,-74.02837457573912,40.745983882915624,-74.02819901704788,member
E34B504BB923DFED,classic_bike,2026-08-08 12:15:54.467,2026-08-08 12:18:02.706,Grove St PATH,JC115,Columbus Drive,JC014,40.71941,-74.04309,40.71835519823214,-74.03891444206238,member
3E42813F22300C74,classic_bike,2026-08-08 12:16:22.775,2026-08-08 12:18:38.333,Grove St PATH,JC115,York St & Marin Blvd,JC097,40.71941,-74.04309,40.716615000830494,-74.0424120426178,member
8E0F5EC857EED9D9,electric_bike,2026-08-08 12:17:03.821,2026-08-08 12:19:24.100,Grove St PATH,JC115,Newark Ave,JC032,40.71941,-74.04309,40.72152515,-74.046304543,member
D09CB764AB8C7D51,electric_bike,2026-08-08 12:20:38.305,2026-08-08 12:28:21.947,Grove St PATH,JC115,Communipaw & Berry Lane,JC084,40.71941,-74.04309,40.71435836870427,-74.06661093235016,member
4016B46C033CAF6B,electric_bike,2026-08-08 12:20:58.287,2026-08-08 12:30:10.114,Grove St PATH,JC115,McGinley Square,JC055,40.71941,-74.04309,40.7253399253558,-74.06762212514877,member
6AF24E11F0AD4D08,electric_bike,2026-08-08 12:23:27.155,2026-08-08 12:30:59.208,Grove St PATH,JC115,Liberty Light Rail,JC052,40.71941,-74.04309,40.7112423,-74.0557013,member
6572ACAF48E9930D,electric_bike,2026-08-08 12:25:29.225,2026-08-08 12:42:27.691,Hudson Pl & Hoboken Terminal,HB107,Grand St & 14 St,HB506,40.73579286776364,-74.02837457573912,40.75409,-74.0316,member
1664C7FE554DCFDF,classic_bike,2026-08-08 12:27:14.263,2026-08-08 12:28:35.041,Grove St PATH,JC115,City Hall,JC003,40.71941,-74.04309,40.7177325,-74.043845,member
63184F7E6F4CE999,electric_bike,2026-08-08 12:30:57.222,2026-08-08 12:33:59.397,Grove St PATH,JC115,Montgomery St,JC099,40.71941,-74.04309,40.71942,-74.05099,member
934849C99D74772F,classic_bike,2026-08-08 12:33:35.086,2026-08-08 12:46:20.768,Hudson Pl & Hoboken Terminal,HB107,12 St & Sinatra Dr N,HB201,40.73579286776364,-74.02837457573912,40.750604142368964,-74.02402013540268,casual
D69AEF00982D65E1,electric_bike,2026-08-08 12:33:46.355,2026-08-08 12:39:25.207,Hamilton Park,JC009,City Hall,JC003,40.727595966,-74.044247311,40.7177325,-74.043845,casual
CB6B7A4DBC32E150,electric_bike,2026-08-08 12:34:11.637,2026-08-08 12:39:09.810,Hamilton Park,JC009,City Hall,JC003,40.727595966,-74.044247311,40.7177325,-74.043845,member
E318A2F212F5F439,electric_bike,2026-08-08 12:34:12.552,2026-08-08 12:46:22.975,Hudson Pl & Hoboken Terminal,HB107,12 St & Sinatra Dr N,HB201,40.73579286776364,-74.02837457573912,40.750604142368964,-74.02402013540268,member
170D6F7FE6E3EEF6,classic_bike,2026-08-08 12:35:18.964,2026-08-08 12:59:25.609,Grove St PATH,JC115,River St & 1 St,HB609,40.71941,-74.04309,40.73721535335381,-74.02886540972803,casual
B1C207571645B310,electric_bike,2026-08-08 12:35:44.237,2026-08-08 12:39:40.507,Grove St PATH,JC115,Brunswick St,JC023,40.71941,-74.04309,40.7241765,-74.0506564,member
3825991478147E52,classic_bike,2026-08-08 12:35:48.768,2026-08-08 12:41:32.362,Hudson Pl & Hoboken Terminal,HB107,Adams St & 2 St,HB407,40.73579286776364,-74.02837457573912,40.73981372311843,-74.03690412640572,member
DAE4DE20E1A0B707,classic_bike,2026-08-08 12:35:51.717,2026-08-08 12:59:27.515,Grove St PATH,JC115,River St & 1 St,HB609,40.71941,-74.04309,40.73721535335381,-74.02886540972803,casual
76A9FCA251A032A2,electric_bike,2026-08-08 12:37:27.476,2026-08-08 12:45:59.956,River St & 1 St,HB609,8 St & Washington St,HB603,40.73721535335381,-74.02886540972803,40.745983882915624,-74.02819901704788,casual
1B2ABC48E1EA0B8E,electric_bike,2026-08-08 12:38:17.386,2026-08-08 12:42:20.845,Hamilton Park,JC009,Grove St PATH,JC115,40.727595966,-74.044247311,40.71941,-74.04309,member
1C73C9BD0DFECCF4,classic_bike,2026-08-08 12:38:29.810,2026-08-08 13:21:19.872,Hamilton Park,JC009,Hamilton Park,JC009,40.727595966,-74.044247311,40.727595966,-74.044247311,member
F1FDDBC79797E8AC,electric_bike,2026-08-08 12:39:40.625,2026-08-08 12:44:08.308,Bergen Ave & Sip Ave,JC109,McGinley Square,JC055,40.73100888698729,-74.06443700194359,40.7253399253558,-74.06762212514877,casual
4E4CF29E55993F46,classic_bike,2026-08-08 12:39:57.639,2026-08-08 12:47:35.560,Grove St PATH,JC115,Hamilton Park,JC009,40.71941,-74.04309,40.727595966,-74.044247311,casual
DB8D59EEDAA30991,classic_bike,2026-08-08 12:40:05.888,2026-08-08 13:09:41.148,Hamilton Park,JC009,Hamilton Park,JC009,40.727595966,-74.044247311,40.727595966,-74.044247311,casual
8375E0E356023DBA,classic_bike,2026-08-08 12:40:15.104,2026-08-08 12:46:20.919,Grove St PATH,JC115,Exchange Pl,JC116,40.71941,-74.04309,40.71636596185077,-74.034343957901,member
825ACC76A85F0DC2,electric_bike,2026-08-08 12:41:52.217,2026-08-08 12:49:46.572,South Waterfront Walkway - Sinatra Dr & 1 St,HB103,Willow Ave & 12 St,HB505,40.73698221818716,-74.02778059244156,40.7518674823282,-74.03037697076797,casual
4F83C319FA1C798C,classic_bike,2026-08-08 12:44:10.397,2026-08-08 12:58:09.630,Hudson Pl & Hoboken Terminal,HB107,Hoboken Ave at Monmouth St,JC105,40.73579286776364,-74.02837457573912,40.73520838045357,-74.04696375131607,member
24A0253EB37C9A7B,electric_bike,2026-08-08 12:46:09.285,2026-08-08 12:52:31.909,River St & 1 St,HB609,Columbus Park - Clinton St & 9 St,HB501,40.73721535335381,-74.02886540972803,40.74816121065146,-74.0324530005455,member
E67E4637BEFE7EB7,electric_bike,2026-08-08 12:47:53.504,2026-08-08 12:57:04.640,Grove St PATH,JC115,Hoboken Ave at Monmouth St,JC105,40.71941,-74.04309,40.73520838045357,-74.04696375131607,casual
532CF954095B91A0,electric_bike,2026-08-08 12:47:54.786,2026-08-08 12:58:59.825,Grove St PATH,JC115,Dr. Lena Edwards Park,JC117,40.71941,-74.04309,40.713203,-74.058261,member
E2290A9FD81B37FA,electric_bike,2026-08-08 12:48:56.651,2026-08-08 12:57:07.430,Grove St PATH,JC115,Hoboken Ave at Monmouth St,JC105,40.71941,-74.04309,40.73520838045357,-74.04696375131607,member
9995B25C0FC35AA3,electric_bike,2026-08-08 12:50:20.256,2026-08-08 12:56:29.228,River St & 1 St,HB609,12 St & Sinatra Dr N,HB201,40.73721535335381,-74.02886540972803,40.750604142368964,-74.02402013540268,member
954BAD4ADAB061A7,electric_bike,2026-08-08 12:53:26.522,2026-08-08 12:59:23.740,River St & 1 St,HB609,14 St Ferry - 14 St & Shipyard Ln,HB202,40.73721535335381,-74.02886540972803,40.752960630464955,-74.02435272932053,member
E282296826198D11,electric_bike,2026-08-08 12:54:28.202,2026-08-08 13:03:00.720,Hudson Pl & Hoboken Terminal,HB107,Madison St & 10 St,HB503,40.73579286776364,-74.02837457573912,40.74994325412246,-74.03586477041245,member
7D20E249CC907B1D,electric_bike,2026-08-08 12:55:19.085,2026-08-08 13:18:37.957,Bergen Ave & Sip Ave,JC109,Exchange Pl,JC116,40.73100888698729,-74.06443700194359,40.71636596185077,-74.034343957901,member
54D393E1AF386B9B,classic_bike,2026-08-08 12:55:23.729,2026-08-08 13:02:00.068,River St & 1 St,HB609,Hoboken Ave at Monmouth St,JC105,40.73721535335381,-74.02886540972803,40.73520838045357,-74.04696375131607,member
8859A069949F56E6,electric_bike,2026-08-08 12:55:26.949,2026-08-08 13:00:46.361,River St & 1 St,HB609,6 St & Grand St,HB302,40.73721535335381,-74.02886540972803,40.744397833095604,-74.03450086712837,casual
C90EC3BCAE2D0F0B,classic_bike,2026-08-08 12:55:40.752,2026-08-08 12:58:53.709,Hudson Pl & Hoboken Terminal,HB107,4 St & River St,HB611,40.73579286776364,-74.02837457573912,40.7408139,-74.0274062,member
63D0B3E57DE6B4AD,electric_bike,2026-08-08 12:55:42.029,2026-08-08 12:58:50.835,Hudson Pl & Hoboken Terminal,HB107,4 St & River St,HB611,40.73579286776364,-74.02837457573912,40.7408139,-74.0274062,member
81FE7EEDCDAB2855,classic_bike,2026-08-08 12:55:47.092,2026-08-08 13:03:37.391,Bergen Ave & Sip Ave,JC109,Lincoln Park,JC053,40.73100888698729,-74.06443700194359,40.7246050998869,-74.07840594649315,member
E2ED43B6E839838D,electric_bike,2026-08-08 13:00:02.594,2026-08-08 14:20:28.685,South Waterfront Walkway - Sinatra Dr & 1 St,HB103,Grove St PATH,JC115,40.73698221818716,-74.02778059244156,40.71941,-74.04309,casual
CCD216A1530DF6AD,electric_bike,2026-08-08 13:02:41.721,2026-08-08 13:04:57.627,Bergen Ave & Sip Ave,JC109,McGinley Square,JC055,40.73100888698729,-74.06443700194359,40.7253399253558,-74.06762212514877,member
597035BA1000B4A1,classic_bike,2026-08-08 13:04:18.176,2026-08-08 13:07:23.141,Hamilton Park,JC009,Brunswick & 6th,JC081,40.727595966,-74.044247311,40.72601172964625,-74.05038893222809,member
BFC30861C5DBAFF5,classic_bike,2026-08-08 13:04:58.965,2026-08-08 13:12:04.204,Hudson Pl & Hoboken Terminal,HB107,Church Sq Park - 5 St & Park Ave,HB601,40.73579286776364,-74.02837457573912,40.74265933273143,-74.03223305940628,member
36AD0F64CCEC0336,electric_bike,2026-08-08 13:05:04.479,2026-08-08 13:10:21.416,Hamilton Park,JC009,Newport PATH,JC066,40.727595966,-74.044247311,40.7272235,-74.0337589,member
D9C56AF9637B80EF,electric_bike,2026-08-08 13:05:17.814,2026-08-08 13:10:18.611,South Waterfront Walkway - Sinatra Dr & 1 St,HB103,14 St Ferry - 14 St & Shipyard Ln,HB202,40.73698221818716,-74.02778059244156,40.752960630464955,-74.02435272932053,member
22806EEB6360543E,electric_bike,2026-08-08 13:09:05.164,2026-08-08 13:16:54.135,Grove St PATH,JC115,Liberty Light Rail,JC052,40.71941,-74.04309,40.7112423,-74.0557013,member
43669F877B197D95,electric_bike,2026-08-08 13:11:10.035,2026-08-08 13:16:40.250,River St & 1 St,HB609,11 St & Washington St,HB502,40.73721535335381,-74.02886540972803,40.74998490907138,-74.02715027332306,member
6D48810B5C126833,electric_bike,2026-08-08 13:12:07.146,2026-08-08 13:18:55.881,Hamilton Park,JC009,7 St & Monroe St,HB304,40.727595966,-74.044247311,40.74641264837719,-74.03797701001167,casual
9BD6071105F5B7BF,electric_bike,2026-08-08 13:17:50.879,2026-08-08 13:37:59.572,South Waterfront Walkway - Sinatra Dr & 1 St,HB103,Pershing Field,JC024,40.73698221818716,-74.02778059244156,40.742677141,-74.051788633,member
110A28A8B0F8C100,classic_bike,2026-08-08 13:21:47.527,2026-08-08 13:57:07.413,Hamilton Park,JC009,Hamilton Park,JC009,40.727595966,-74.044247311,40.727595966,-74.044247311,member
83C7A74E67433109,electric_bike,2026-08-08 13:22:45.295,2026-08-08 13:24:10.494,River St & 1 St,HB609,4 St & River St,HB611,40.73721535335381,-74.02886540972803,40.7408139,-74.0274062,member
BAF7A4E8005223F3,electric_bike,2026-08-08 13:23:14.580,2026-08-08 13:30:20.949,Bergen Ave & Sip Ave,JC109,Union St & Bergen Ave,JC122,40.73100888698729,-74.06443700194359,40.71575,-74.07887,member
86D519C3F3D525F7,electric_bike,2026-08-08 13:25:05.017,2026-08-08 13:39:18.129,Bergen Ave & Sip Ave,JC109,Grand St,JC102,40.73100888698729,-74.06443700194359,40.71517767732029,-74.03768330812454,member
2C7A497207E795D5,electric_bike,2026-08-08 13:25:36.318,2026-08-08 13:38:19.856,South Waterfront Walkway - Sinatra Dr & 1 St,HB103,Brunswick & 6th,JC081,40.73698221818716,-74.02778059244156,40.72601172964625,-74.05038893222809,casual
9B079B9840AF0304,electric_bike,2026-08-08 13:25:48.626,2026-08-08 13:38:21.816,South Waterfront Walkway - Sinatra Dr & 1 St,HB103,Brunswick & 6th,JC081,40.73698221818716,-74.02778059244156,40.72601172964625,-74.05038893222809,casual
2D6E8740998FEE9B,electric_bike,2026-08-08 13:25:55.480,2026-08-08 13:38:24.178,South Waterfront Walkway - Sinatra Dr & 1 St,HB103,Brunswick & 6th,JC081,40.73698221818716,-74.02778059244156,40.72601172964625,-74.05038893222809,casual
EF471205093527DB,electric_bike,2026-08-08 13:26:07.452,2026-08-08 13:38:40.692,South Waterfront Walkway - Sinatra Dr & 1 St,HB103,Brunswick & 6th,JC081,40.73698221818716,-74.02778059244156,40.72601172964625,-74.05038893222809,casual
65DDC74F56DB3957,electric_bike,2026-08-08 13:27:12.767,2026-08-08 13:32:19.737,River St & 1 St,HB609,12 St & Sinatra Dr N,HB201,40.73721535335381,-74.02886540972803,40.750604142368964,-74.02402013540268,casual
C9755A622A6C2179,classic_bike,2026-08-08 13:27:38.064,2026-08-08 13:35:24.989,Grove St PATH,JC115,Lafayette Park,JC078,40.71941,-74.04309,40.71346382669195,-74.06285852193832,member
C2E54FEFA3216B50,classic_bike,2026-08-08 13:33:39.252,2026-08-08 13:40:52.112,Grove St PATH,JC115,Newport PATH,JC066,40.71941,-74.04309,40.7272235,-74.0337589,member
B31CAB5A354F3534,electric_bike,2026-08-08 13:36:27.145,2026-08-08 13:41:44.040,South Waterfront Walkway - Sinatra Dr & 1 St,HB103,11 St & Washington St,HB502,40.73698221818716,-74.02778059244156,40.74998490907138,-74.02715027332306,member
562F58544FCC139B,electric_bike,2026-08-08 13:37:02.585,2026-08-08 13:48:39.413,Bergen Ave & Sip Ave,JC109,Bergen Ave & Sip Ave,JC109,40.73100888698729,-74.06443700194359,40.73100888698729,-74.06443700194359,member
7B91C85D0376D0F6,electric_bike,2026-08-08 13:37:20.454,2026-08-08 13:42:18.232,Grove St PATH,JC115,Hamilton Park,JC009,40.71941,-74.04309,40.727595966,-74.044247311,member
AEB3913A65AFC95A,classic_bike,2026-08-08 13:38:51.751,2026-08-08 13:40:37.058,Grove St PATH,JC115,York St & Marin Blvd,JC097,40.71941,-74.04309,40.716615000830494,-74.0424120426178,member
1CABF7957026A114,classic_bike,2026-08-08 13:39:11.780,2026-08-08 13:48:40.449,Grove St PATH,JC115,Paulus Hook,JC002,40.71941,-74.04309,40.7141454,-74.0335519,member
0F97A6E6A188E89A,classic_bike,2026-08-08 13:39:38.274,2026-08-08 13:54:12.345,South Waterfront Walkway - Sinatra Dr & 1 St,HB103,Columbus Drive,JC014,40.73698221818716,-74.02778059244156,40.71835519823214,-74.03891444206238,member
F959523A33382A8C,electric_bike,2026-08-08 13:40:11.765,2026-08-08 13:56:42.042,Bergen Ave & Sip Ave,JC109,,,40.73100888698729,-74.06443700194359,,,member
4844A2C78A9D5F2E,classic_bike,2026-08-08 13:43:53.811,2026-08-08 13:49:40.758,Grove St PATH,JC115,Brunswick St,JC023,40.71941,-74.04309,40.7241765,-74.0506564,member
2A71C37928FC68B4,electric_bike,2026-08-08 13:45:00.565,2026-08-08 13:59:14.399,River St & 1 St,HB609,Adams St & 2 St,HB407,40.73721535335381,-74.02886540972803,40.73981372311843,-74.03690412640572,member
7F27DD847001F030,classic_bike,2026-08-08 13:45:15.761,2026-08-08 13:51:16.083,River St & 1 St,HB609,11 St & Washington St,HB502,40.73721535335381,-74.02886540972803,40.74998490907138,-74.02715027332306,member
4A66F22BBD840A92,electric_bike,2026-08-08 13:51:56.186,2026-08-08 13:55:22.493,Hamilton Park,JC009,Newark Ave,JC032,40.727595966,-74.044247311,40.72152515,-74.046304543,casual
C6E999AC4D6A3477,classic_bike,2026-08-08 13:52:57.232,2026-08-08 13:58:00.827,Grove St PATH,JC115,Grand St,JC102,40.71941,-74.04309,40.71517767732029,-74.03768330812454,member
37EA6F274179EA71,electric_bike,2026-08-08 13:53:31.830,2026-08-08 14:06:43.702,South Waterfront Walkway - Sinatra Dr & 1 St,HB103,Manila & 1st,JC082,40.73698221818716,-74.02778059244156,40.721650724879986,-74.04288411140442,member
DA95728209F3A7F8,electric_bike,2026-08-08 13:55:33.005,2026-08-08 14:03:02.103,River St & 1 St,HB609,Willow Ave & 12 St,HB505,40.73721535335381,-74.02886540972803,40.7518674823282,-74.03037697076797,member
F5EADB5C0F6562D1,electric_bike,2026-08-08 13:55:39.005,2026-08-08 14:01:51.658,River St & 1 St,HB609,Willow Ave & 12 St,HB505,40.73721535335381,-74.02886540972803,40.7518674823282,-74.03037697076797,member
1B64757EB7DD4886,classic_bike,2026-08-08 13:56:27.249,2026-08-08 14:00:01.728,Grove St PATH,JC115,Jersey & 6th St,JC027,40.71941,-74.04309,40.72528910781132,-74.04557168483734,member
2EB1319FF6666348,classic_bike,2026-08-08 13:57:14.028,2026-08-08 14:11:57.321,Grove St PATH,JC115,Arlington Ave & Bramhall Ave,JC120,40.71941,-74.04309,40.713225,-74.070645,member
ADF140190B947A2D,electric_bike,2026-08-08 13:57:32.600,2026-08-08 14:36:28.522,Hudson Pl & Hoboken Terminal,HB107,Carteret Ave & Arlington Ave,JC123,40.73579286776364,-74.02837457573912,40.709142,-74.074553,member
0E6DD290E2AADA32,classic_bike,2026-08-08 13:58:09.218,2026-08-08 14:39:21.851,Hamilton Park,JC009,Hamilton Park,JC009,40.727595966,-74.044247311,40.727595966,-74.044247311,member
E8A0C8464680277C,electric_bike,2026-08-08 13:58:38.949,2026-08-08 14:05:29.568,River St & 1 St,HB609,7 St & Monroe St,HB304,40.73721535335381,-74.02886540972803,40.74641264837719,-74.03797701001167,member
DF6BDB4E378AE744,classic_bike,2026-08-08 14:00:55.159,2026-08-08 14:05:51.305,River St & 1 St,HB609,Madison St & 1 St,HB402,40.73721535335381,-74.02886540972803,40.73879,-74.0393,member
D0165FD797AAE9ED,electric_bike,2026-08-08 14:02:00.556,2026-08-08 14:06:52.299,Bergen Ave & Sip Ave,JC109,Baldwin at Montgomery,JC020,40.73100888698729,-74.06443700194359,40.7236589,-74.0641943,casual
6FD42638645F0624,electric_bike,2026-08-08 14:02:25.218,2026-08-08 14:11:29.125,Hudson Pl & Hoboken Terminal,HB107,11 St & Washington St,HB502,40.73579286776364,-74.02837457573912,40.74998490907138,-74.02715027332306,member
4E9F381EA9AEDAB2,electric_bike,2026-08-08 14:04:16.313,2026-08-08 14:16:21.441,River St & 1 St,HB609,Washington St & Morgan St,JC149,40.73721535335381,-74.02886540972803,40.719445793042716,-74.03689158686865,casual
99A59B95A801B826,electric_bike,2026-08-08 14:04:42.401,2026-08-08 14:09:33.441,River St & 1 St,HB609,Marshall St & 2 St,HB408,40.73721535335381,-74.02886540972803,40.740802,-74.042521,member
F2697C2C87658329,electric_bike,2026-08-08 14:06:32.566,2026-08-08 14:15:30.628,River St & 1 St,HB609,7 St & Monroe St,HB304,40.73721535335381,-74.02886540972803,40.74641264837719,-74.03797701001167,member
55ECB467C33E722B,electric_bike,2026-08-08 14:08:29.840,2026-08-08 14:13:45.040,South Waterfront Walkway - Sinatra Dr & 1 St,HB103,12 St & Sinatra Dr N,HB201,40.73698221818716,-74.02778059244156,40.750604142368964,-74.02402013540268,member
0D5526FB3A39EB2D,electric_bike,2026-08-08 14:10:34.924,2026-08-08 14:25:08.710,South Waterfront Walkway - Sinatra Dr & 1 St,HB103,7 St & Monroe St,HB304,40.73698221818716,-74.02778059244156,40.74641264837719,-74.03797701001167,casual
A5BAC7FC461F2105,electric_bike,2026-08-08 14:14:59.605,2026-08-08 14:19:17.475,Grove St PATH,JC115,Van Vorst Park,JC035,40.71941,-74.04309,40.71848892,-74.047726625,member
CBCF6A9D92C7CA65,electric_bike,2026-08-08 14:14:59.834,2026-08-08 15:09:54.175,Hamilton Park,JC009,Van Vorst Park,JC035,40.727595966,-74.044247311,40.71848892,-74.047726625,casual
6C42F67EF9A2566D,classic_bike,2026-08-08 14:15:03.076,2026-08-08 14:21:10.028,Hudson Pl & Hoboken Terminal,HB107,Newport Pkwy,JC008,40.73579286776364,-74.02837457573912,40.7287448,-74.0321082,member
C250C23AE66DEDE9,electric_bike,2026-08-08 14:15:06.433,2026-08-08 14:19:11.741,Hamilton Park,JC009,Manila & 1st,JC082,40.727595966,-74.044247311,40.721650724879986,-74.04288411140442,member
AB37EAA389524F26,electric_bike,2026-08-08 14:15:11.154,2026-08-08 14:19:27.675,Grove St PATH,JC115,Van Vorst Park,JC035,40.71941,-74.04309,40.71848892,-74.047726625,member
E7661532EACB5B66,electric_bike,2026-08-08 14:15:13.441,2026-08-08 15:09:58.497,Hamilton Park,JC009,Van Vorst Park,JC035,40.727595966,-74.044247311,40.71848892,-74.047726625,casual
D3F301AA15F550CB,electric_bike,2026-08-08 14:15:37.073,2026-08-08 14:20:02.858,River St & 1 St,HB609,4 St & Grand St,HB301,40.73721535335381,-74.02886540972803,40.7422579775645,-74.03511106967926,casual
5F43991813774221,electric_bike,2026-08-08 14:16:28.462,2026-08-08 14:21:31.052,Grove St PATH,JC115,Liberty Light Rail,JC052,40.71941,-74.04309,40.7112423,-74.0557013,member
B800E47E465A1990,electric_bike,2026-08-08 14:17:15.500,2026-08-08 14:34:38.325,Hamilton Park,JC009,Bergen Ave & Sip Ave,JC109,40.727595966,-74.044247311,40.73100888698729,-74.06443700194359,member
E1C0E67A7902F7B2,classic_bike,2026-08-08 14:18:16.162,2026-08-08 14:30:00.029,Grove St PATH,JC115,Newport Pkwy,JC008,40.71941,-74.04309,40.7287448,-74.0321082,casual
964C484858BAEAEA,electric_bike,2026-08-08 14:19:34.535,2026-08-08 14:26:12.719,Bergen Ave & Sip Ave,JC109,Pershing Field,JC024,40.73100888698729,-74.06443700194359,40.742677141,-74.051788633,member
D5E679B92F25A97A,classic_bike,2026-08-08 14:21:55.096,2026-08-08 14:42:41.818,River St & 1 St,HB609,JC Medical Center,JC110,40.73721535335381,-74.02886540972803,40.71539114317,-74.04969155788422,member
CFB1C8C778DCA673,electric_bike,2026-08-08 14:22:22.331,2026-08-08 14:27:29.890,Grove St PATH,JC115,Brunswick & 6th,JC081,40.71941,-74.04309,40.72601172964625,-74.05038893222809,casual
7CD4662F03D17805,electric_bike,2026-08-08 14:23:22.363,2026-08-08 14:33:39.703,Grove St PATH,JC115,Baldwin at Montgomery,JC020,40.71941,-74.04309,40.7236589,-74.0641943,casual
353B11368A904108,electric_bike,2026-08-08 14:30:06.399,2026-08-08 14:42:41.261,River St & 1 St,HB609,Bergen Ave & Sip Ave,JC109,40.73721535335381,-74.02886540972803,40.73100888698729,-74.06443700194359,member
54F4767CB34806BB,classic_bike,2026-08-08 14:33:09.474,2026-08-08 14:37:14.362,River St & 1 St,HB609,Church Sq Park - 5 St & Park Ave,HB601,40.73721535335381,-74.02886540972803,40.74265933273143,-74.03223305940628,member
59F5A8D4B3064274,classic_bike,2026-08-08 14:34:40.598,2026-08-08 14:48:57.010,Hudson Pl & Hoboken Terminal,HB107,7 St & Monroe St,HB304,40.73579286776364,-74.02837457573912,40.74641264837719,-74.03797701001167,member
B901922029E804E0,electric_bike,2026-08-08 14:37:19.557,2026-08-08 14:42:58.858,Bergen Ave & Sip Ave,JC109,Fairmount Ave,JC093,40.73100888698729,-74.06443700194359,40.72572613742557,-74.07195925712585,casual
C202DF0134B9517E,classic_bike,2026-08-08 14:37:26.880,2026-08-08 14:42:02.031,Hamilton Park,JC009,Newark Ave,JC032,40.727595966,-74.044247311,40.72152515,-74.046304543,member
A2185C7C61406718,electric_bike,2026-08-08 14:39:55.540,2026-08-08 14:43:27.369,Bergen Ave & Sip Ave,JC109,McGinley Square,JC055,40.73100888698729,-74.06443700194359,40.7253399253558,-74.06762212514877,casual
877177A75110A13B,classic_bike,2026-08-08 14:39:58.724,2026-08-08 14:55:09.661,Hamilton Park,JC009,Grove St PATH,JC115,40.727595966,-74.044247311,40.71941,-74.04309,member
5EBF8503D1F2D8D8,electric_bike,2026-08-08 14:42:56.194,2026-08-08 14:47:36.077,Grove St PATH,JC115,Liberty Light Rail,JC052,40.71941,-74.04309,40.7112423,-74.0557013,member
2C1CC385E6D712E6,electric_bike,2026-08-08 14:44:35.031,2026-08-08 14:49:19.212,River St & 1 St,HB609,Mama Johnson Field - 4 St & Jackson St,HB404,40.73721535335381,-74.02886540972803,40.74313993965626,-74.04004096984863,member
17E9C4CA1BB6526D,electric_bike,2026-08-08 14:44:54.626,2026-08-08 14:53:36.775,Hamilton Park,JC009,Warren St,JC006,40.727595966,-74.044247311,40.7211236,-74.03805095,member
0BE031600DD7B0B6,electric_bike,2026-08-08 14:45:13.759,2026-08-08 14:49:36.029,South Waterfront Walkway - Sinatra Dr & 1 St,HB103,Adams St & 2 St,HB407,40.73698221818716,-74.02778059244156,40.73981372311843,-74.03690412640572,member
9C3635A49580E75A,electric_bike,2026-08-08 14:45:26.390,2026-08-08 15:06:12.069,Hamilton Park,JC009,11 St & Washington St,HB502,40.727595966,-74.044247311,40.74998490907138,-74.02715027332306,member
2EDCBED9075379BD,electric_bike,2026-08-08 14:46:41.053,2026-08-08 14:58:02.636,Grove St PATH,JC115,Astor Place,JC077,40.71941,-74.04309,40.71928220070702,-74.07126188278198,casual
132481AD5DC11062,classic_bike,2026-08-08 14:46:50.634,2026-08-08 14:56:41.007,South Waterfront Walkway - Sinatra Dr & 1 St,HB103,Grand St & 14 St,HB506,40.73698221818716,-74.02778059244156,40.75409,-74.0316,casual
D8215AC99A2E850A,electric_bike,2026-08-08 14:47:14.292,2026-08-08 14:50:33.209,Bergen Ave & Sip Ave,JC109,Glenwood Ave,JC094,40.73100888698729,-74.06443700194359,40.72755146730012,-74.07106071710587,member
7E5DF71C9E3EF0C0,classic_bike,2026-08-08 14:48:40.341,2026-08-08 14:51:58.221,Hamilton Park,JC009,Brunswick & 6th,JC081,40.727595966,-74.044247311,40.72601172964625,-74.05038893222809,member
E148677FC39F9D1B,classic_bike,2026-08-08 14:55:42.835,2026-08-08 15:10:57.029,Hudson Pl & Hoboken Terminal,HB107,Columbus Drive,JC014,40.73579286776364,-74.02837457573912,40.71835519823214,-74.03891444206238,member
7FDBBAEB31BE34DF,electric_bike,2026-08-08 14:57:03.822,2026-08-08 15:02:55.912,River St & 1 St,HB609,Southwest Park - Jackson St & Observer Hwy,HB401,40.73721535335381,-74.02886540972803,40.73755127245804,-74.04166370630264,member
F5088DA3ED3DCEA2,classic_bike,2026-08-08 14:58:59.030,2026-08-08 15:28:38.171,South Waterfront Walkway - Sinatra Dr & 1 St,HB103,Exchange Pl,JC116,40.73698221818716,-74.02778059244156,40.71636596185077,-74.034343957901,member
6DFE73AF8C0689B5,classic_bike,2026-08-08 15:00:14.369,2026-08-08 15:12:07.277,Grove St PATH,JC115,Pacific Ave & Communipaw Ave,JC118,40.71941,-74.04309,40.711354,-74.062446,member
DB5E733083D190CC,classic_bike,2026-08-08 15:00:33.806,2026-08-08 15:07:23.000,Grove St PATH,JC115,Newport PATH,JC066,40.71941,-74.04309,40.7272235,-74.0337589,member
F64680EF553A222E,classic_bike,2026-08-08 15:01:02.569,2026-08-08 15:08:25.424,Hamilton Park,JC009,Newark Ave,JC032,40.727595966,-74.044247311,40.72152515,-74.046304543,casual
174E99ACC5432F6B,electric_bike,2026-08-08 15:02:28.294,2026-08-08 15:07:21.512,River St & 1 St,HB609,14 St Ferry - 14 St & Shipyard Ln,HB202,40.73721535335381,-74.02886540972803,40.752960630464955,-74.02435272932053,casual
B627CCE7CA217F93,classic_bike,2026-08-08 15:02:47.498,2026-08-08 15:09:45.264,Grove St PATH,JC115,Montgomery St,JC099,40.71941,-74.04309,40.71942,-74.05099,member
03BA0B1AF70CE6EF,classic_bike,2026-08-08 15:02:49.718,2026-08-08 15:19:12.109,Bergen Ave & Sip Ave,JC109,Ferris Triangle Park,JC137,40.73100888698729,-74.06443700194359,40.69877,-74.09216,member
2BC4E40D5257E7F7,electric_bike,2026-08-08 15:03:00.156,2026-08-08 15:24:13.882,Grove St PATH,JC115,14 St Ferry - 14 St & Shipyard Ln,HB202,40.71941,-74.04309,40.752960630464955,-74.02435272932053,casual
1FC773CCA2867FFE,electric_bike,2026-08-08 15:03:21.157,2026-08-08 15:24:19.668,Grove St PATH,JC115,14 St Ferry - 14 St & Shipyard Ln,HB202,40.71941,-74.04309,40.752960630464955,-74.02435272932053,casual
3BE6FC918CA8D7BF,electric_bike,2026-08-08 15:03:36.548,2026-08-08 15:12:00.495,Hudson Pl & Hoboken Terminal,HB107,9 St HBLR - Jackson St & 8 St,HB305,40.73579286776364,-74.02837457573912,40.74790720968899,-74.03841152787209,member
DE1117DB7B57C492,electric_bike,2026-08-08 15:03:48.672,2026-08-08 15:12:08.697,Hudson Pl & Hoboken Terminal,HB107,9 St HBLR - Jackson St & 8 St,HB305,40.73579286776364,-74.02837457573912,40.74790720968899,-74.03841152787209,member
CE25FA2FC9471C4A,electric_bike,2026-08-08 15:07:44.409,2026-08-08 15:12:38.457,River St & 1 St,HB609,8 St & Washington St,HB603,40.73721535335381,-74.02886540972803,40.745983882915624,-74.02819901704788,member
CB4D18D84E248147,electric_bike,2026-08-08 15:11:03.956,2026-08-08 15:17:23.558,Bergen Ave & Sip Ave,JC109,McGinley Square,JC055,40.73100888698729,-74.06443700194359,40.7253399253558,-74.06762212514877,casual
71CDF553D40F0C4B,electric_bike,2026-08-08 15:13:17.179,2026-08-08 15:21:26.077,Grove St PATH,JC115,Essex Light Rail,JC038,40.71941,-74.04309,40.7127742,-74.0364857,member
9C3B9442CE69FE70,electric_bike,2026-08-08 15:17:31.070,2026-08-08 15:26:16.170,Hudson Pl & Hoboken Terminal,HB107,Bloomfield St & 15 St,HB203,40.73579286776364,-74.02837457573912,40.75453,-74.02658,member
3AE9532AE09AC06B,electric_bike,2026-08-08 15:17:32.562,2026-08-08 15:26:11.869,Hudson Pl & Hoboken Terminal,HB107,Bloomfield St & 15 St,HB203,40.73579286776364,-74.02837457573912,40.75453,-74.02658,casual
A888ABA689B3011D,classic_bike,2026-08-08 15:20:38.022,2026-08-08 15:28:03.170,Hamilton Park,JC009,Marin Light Rail,JC013,40.727595966,-74.044247311,40.71458403535893,-74.04281705617905,member
947D3FD586E8B60B,electric_bike,2026-08-08 15:22:07.317,2026-08-08 15:31:24.642,Hudson Pl & Hoboken Terminal,HB107,6 St & Grand St,HB302,40.73579286776364,-74.02837457573912,40.744397833095604,-74.03450086712837,member
12370BE3AACD4BA1,electric_bike,2026-08-08 15:23:02.627,2026-08-08 15:25:11.471,Bergen Ave & Sip Ave,JC109,McGinley Square,JC055,40.73100888698729,-74.06443700194359,40.7253399253558,-74.06762212514877,member
307E54626C291512,electric_bike,2026-08-08 15:23:24.135,2026-08-08 15:31:26.984,Hudson Pl & Hoboken Terminal,HB107,6 St & Grand St,HB302,40.73579286776364,-74.02837457573912,40.744397833095604,-74.03450086712837,member
67DF403604F8B47F,electric_bike,2026-08-08 15:25:45.966,2026-08-08 15:31:17.782,River St & 1 St,HB609,6 St & Grand St,HB302,40.73721535335381,-74.02886540972803,40.744397833095604,-74.03450086712837,member
0A7058AF1F27A5FD,electric_bike,2026-08-08 15:29:07.793,2026-08-08 15:38:38.323,Hamilton Park,JC009,Hudson Pl & Hoboken Terminal,HB107,40.727595966,-74.044247311,40.73579286776364,-74.02837457573912,casual
A40C21F09A923ABA,classic_bike,2026-08-08 15:30:20.286,2026-08-08 15:34:16.206,Hamilton Park,JC009,Brunswick & 6th,JC081,40.727595966,-74.044247311,40.72601172964625,-74.05038893222809,member
D0A44D5553092998,classic_bike,2026-08-08 15:32:27.567,2026-08-08 15:38:24.249,Grove St PATH,JC115,Marin Light Rail,JC013,40.71941,-74.04309,40.71458403535893,-74.04281705617905,member
799D1B05CB754E46,electric_bike,2026-08-08 15:35:06.580,2026-08-08 15:41:44.011,River St & 1 St,HB609,Bloomfield St & 15 St,HB203,40.73721535335381,-74.02886540972803,40.75453,-74.02658,casual
5125B076AF336661,electric_bike,2026-08-08 15:35:58.516,2026-08-08 15:39:30.856,Grove St PATH,JC115,Marin Light Rail,JC013,40.71941,-74.04309,40.71458403535893,-74.04281705617905,member
FAA373118BA7E3B9,classic_bike,2026-08-08 15:36:32.638,2026-08-08 15:39:54.448,Hamilton Park,JC009,Manila & 1st,JC082,40.727595966,-74.044247311,40.721650724879986,-74.04288411140442,member
B7A56661D7D1AF9E,classic_bike,2026-08-08 15:41:02.035,2026-08-08 15:49:53.482,Grove St PATH,JC115,Lafayette Park,JC078,40.71941,-74.04309,40.71346382669195,-74.06285852193832,member
9E6366974FF0AB3B,electric_bike,2026-08-08 15:41:32.733,2026-08-08 15:51:36.359,Hamilton Park,JC009,Pacific Ave & Communipaw Ave,JC118,40.727595966,-74.044247311,40.711354,-74.062446,member
8501D210CC56F485,electric_bike,2026-08-08 15:43:33.522,2026-08-08 15:49:35.722,Grove St PATH,JC115,Liberty Light Rail,JC052,40.71941,-74.04309,40.7112423,-74.0557013,member
B3723AD3F253B450,electric_bike,2026-08-08 15:45:36.090,2026-08-08 15:59:42.495,Grove St PATH,JC115,Communipaw & Berry Lane,JC084,40.71941,-74.04309,40.71435836870427,-74.06661093235016,casual
083F35E36327E24D,electric_bike,2026-08-08 15:47:53.841,2026-08-08 15:59:49.110,Grove St PATH,JC115,Communipaw & Berry Lane,JC084,40.71941,-74.04309,40.71435836870427,-74.06661093235016,casual
F05DCF6EF4C3530C,electric_bike,2026-08-08 15:53:09.242,2026-08-08 16:01:11.550,Grove St PATH,JC115,Arlington Ave & Bramhall Ave,JC120,40.71941,-74.04309,40.713225,-74.070645,member
EDF1468D475E45CA,electric_bike,2026-08-08 15:55:52.214,2026-08-08 16:01:13.167,Hudson Pl & Hoboken Terminal,HB107,12 St & Sinatra Dr N,HB201,40.73579286776364,-74.02837457573912,40.750604142368964,-74.02402013540268,member
385DBC382293016C,electric_bike,2026-08-08 15:56:06.968,2026-08-08 15:58:48.025,River St & 1 St,HB609,4 St & River St,HB611,40.73721535335381,-74.02886540972803,40.7408139,-74.0274062,member
2563264663C44F8E,electric_bike,2026-08-08 16:03:27.668,2026-08-08 16:08:57.323,Grove St PATH,JC115,Pacific Ave & Communipaw Ave,JC118,40.71941,-74.04309,40.711354,-74.062446,member
2A7D9CD5E43EC048,classic_bike,2026-08-08 16:04:16.091,2026-08-08 16:30:53.206,South Waterfront Walkway - Sinatra Dr & 1 St,HB103,South Waterfront Walkway - Sinatra Dr & 1 St,HB103,40.73698221818716,-74.02778059244156,40.73698221818716,-74.02778059244156,member
F037F04984816FE8,electric_bike,2026-08-08 16:06:09.122,2026-08-08 17:55:49.665,South Waterfront Walkway - Sinatra Dr & 1 St,HB103,South Waterfront Walkway - Sinatra Dr & 1 St,HB103,40.73698221818716,-74.02778059244156,40.73698221818716,-74.02778059244156,casual
754D4F690CBFC14C,electric_bike,2026-08-08 16:10:45.030,2026-08-08 16:24:22.240,River St & 1 St,HB609,Hilltop,JC019,40.73721535335381,-74.02886540972803,40.7311689,-74.0575736,casual
1A805951EC69CB5F,electric_bike,2026-08-08 16:12:20.958,2026-08-08 16:20:16.083,Hudson Pl & Hoboken Terminal,HB107,Madison St & 10 St,HB503,40.73579286776364,-74.02837457573912,40.74994325412246,-74.03586477041245,member
A9F107EB294A77D8,classic_bike,2026-08-08 16:12:58.570,2026-08-08 16:19:44.581,Hudson Pl & Hoboken Terminal,HB107,Columbus Park - Clinton St & 9 St,HB501,40.73579286776364,-74.02837457573912,40.74816121065146,-74.0324530005455,casual
DB075156AE04C0AD,electric_bike,2026-08-08 16:13:36.756,2026-08-08 16:26:51.976,Grove St PATH,JC115,Marshall St & 2 St,HB408,40.71941,-74.04309,40.740802,-74.042521,member
5F2DCB61E36FD145,electric_bike,2026-08-08 16:15:33.610,2026-08-08 16:21:52.530,Grove St PATH,JC115,Pacific Ave & Communipaw Ave,JC118,40.71941,-74.04309,40.711354,-74.062446,member
7400503F49B65F37,electric_bike,2026-08-08 16:15:45.156,2026-08-08 17:54:13.575,South Waterfront Walkway - Sinatra Dr & 1 St,HB103,South Waterfront Walkway - Sinatra Dr & 1 St,HB103,40.73698221818716,-74.02778059244156,40.73698221818716,-74.02778059244156,casual
703CA9D8188838A0,electric_bike,2026-08-08 16:20:13.838,2026-08-08 16:25:47.619,Hudson Pl & Hoboken Terminal,HB107,11 St & Washington St,HB502,40.73579286776364,-74.02837457573912,40.74998490907138,-74.02715027332306,casual
90B466514C116047,electric_bike,2026-08-08 16:21:29.619,2026-08-08 16:27:01.485,Hudson Pl & Hoboken Terminal,HB107,Marshall St & 2 St,HB408,40.73579286776364,-74.02837457573912,40.740802,-74.042521,casual
294AE84E5B10529E,electric_bike,2026-08-08 16:22:19.402,2026-08-08 16:25:52.504,Grove St PATH,JC115,Dixon Mills,JC076,40.71941,-74.04309,40.721630142638354,-74.04996782541275,member
857699C098F0A996,classic_bike,2026-08-08 16:22:29.267,2026-08-08 16:35:09.335,Bergen Ave & Sip Ave,JC109,Columbus Drive,JC014,40.73100888698729,-74.06443700194359,40.71835519823214,-74.03891444206238,member
B44ADDBA0B1946B7,electric_bike,2026-08-08 16:24:10.381,2026-08-08 16:27:42.111,Bergen Ave & Sip Ave,JC109,McGinley Square,JC055,40.73100888698729,-74.06443700194359,40.7253399253558,-74.06762212514877,member
861AB2AEAC0229F6,electric_bike,2026-08-08 16:24:31.019,2026-08-08 16:28:08.052,Hudson Pl & Hoboken Terminal,HB107,Stevens - River Ter & 6 St,HB602,40.73579286776364,-74.02837457573912,40.74313282710551,-74.02698867022991,member
4A60E68D23C9263D,classic_bike,2026-08-08 16:26:01.262,2026-08-08 16:34:10.420,Grove St PATH,JC115,Liberty Light Rail,JC052,40.71941,-74.04309,40.7112423,-74.0557013,member
F32B9FB50A4D866F,electric_bike,2026-08-08 16:28:38.159,2026-08-08 16:32:12.146,Bergen Ave & Sip Ave,JC109,Glenwood Ave,JC094,40.73100888698729,-74.06443700194359,40.72755146730012,-74.07106071710587,member
D15E331E94666193,electric_bike,2026-08-08 16:30:29.917,2026-08-08 16:38:04.092,Bergen Ave & Sip Ave,JC109,Astor Place,JC077,40.73100888698729,-74.06443700194359,40.71928220070702,-74.07126188278198,member
6E27F1E368535021,electric_bike,2026-08-08 16:31:43.078,2026-08-08 16:35:44.784,Grove St PATH,JC115,JC Medical Center,JC110,40.71941,-74.04309,40.71539114317,-74.04969155788422,member
CACE74A495E1587B,electric_bike,2026-08-08 16:32:01.424,2026-08-08 16:39:55.784,Grove St PATH,JC115,Pacific Ave & Communipaw Ave,JC118,40.71941,-74.04309,40.711354,-74.062446,member
CC69EA36DBE15AD3,electric_bike,2026-08-08 16:33:21.448,2026-08-08 16:40:45.480,Grove St PATH,JC115,Communipaw & Berry Lane,JC084,40.71941,-74.04309,40.71435836870427,-74.06661093235016,member
BA33293B8D6285DB,electric_bike,2026-08-08 16:36:25.597,2026-08-08 16:43:01.483,Grove St PATH,JC115,Montgomery St,JC099,40.71941,-74.04309,40.71942,-74.05099,member
6353C79E9C7A482A,electric_bike,2026-08-08 16:37:38.354,2026-08-08 16:44:33.190,Grove St PATH,JC115,Pacific Ave & Communipaw Ave,JC118,40.71941,-74.04309,40.711354,-74.062446,casual
D32D9FAEA6D4DD40,electric_bike,2026-08-08 16:39:13.892,2026-08-08 17:03:05.306,Hudson Pl & Hoboken Terminal,HB107,Hilltop,JC019,40.73579286776364,-74.02837457573912,40.7311689,-74.0575736,casual
958050B49373F6D0,classic_bike,2026-08-08 16:42:26.763,2026-08-08 16:52:48.128,Hamilton Park,JC009,Hudson Pl & Hoboken Terminal,HB107,40.727595966,-74.044247311,40.73579286776364,-74.02837457573912,member
794E1F079D0CF083,electric_bike,2026-08-08 16:44:48.986,2026-08-08 16:50:11.392,Bergen Ave & Sip Ave,JC109,Fairmount Ave,JC093,40.73100888698729,-74.06443700194359,40.72572613742557,-74.07195925712585,member
BE67AA133756F93C,electric_bike,2026-08-08 16:45:15.943,2026-08-08 17:19:47.513,South Waterfront Walkway - Sinatra Dr & 1 St,HB103,Marshall St & 2 St,HB408,40.73698221818716,-74.02778059244156,40.740802,-74.042521,casual
D50CAEBBF5358FEA,electric_bike,2026-08-08 16:46:19.090,2026-08-08 16:52:00.779,Grove St PATH,JC115,Liberty Light Rail,JC052,40.71941,-74.04309,40.7112423,-74.0557013,member
AC42B2F1ABE0FB94,electric_bike,2026-08-08 16:47:37.963,2026-08-08 16:53:10.011,Bergen Ave & Sip Ave,JC109,Leonard Gordon Park,JC080,40.73100888698729,-74.06443700194359,40.74590996631558,-74.0572714805603,member
0B14B291FA9FAE3C,electric_bike,2026-08-08 16:50:18.057,2026-08-08 16:53:59.045,Bergen Ave & Sip Ave,JC109,Fairmount Ave,JC093,40.73100888698729,-74.06443700194359,40.72572613742557,-74.07195925712585,member
EACB9B61CA3E3C72,classic_bike,2026-08-08 16:51:11.011,2026-08-08 17:10:32.700,Hamilton Park,JC009,MLK Dr & Bramhall Ave,JC121,40.727595966,-74.044247311,40.71647,-74.07413,casual
7499702D4C3D1281,classic_bike,2026-08-08 16:53:31.545,2026-08-08 17:03:02.360,Hamilton Park,JC009,Jersey & 3rd,JC074,40.727595966,-74.044247311,40.72333158646436,-74.04595255851744,member
212C9F67553F2DC7,electric_bike,2026-08-08 16:53:47.655,2026-08-08 17:01:58.999,Bergen Ave & Sip Ave,JC109,Brunswick & 6th,JC081,40.73100888698729,-74.06443700194359,40.72601172964625,-74.05038893222809,casual
81720B85BB70E1BB,electric_bike,2026-08-08 16:57:30.548,2026-08-08 17:55:13.801,Bergen Ave & Sip Ave,JC109,Newark Ave,JC032,40.73100888698729,-74.06443700194359,40.72152515,-74.046304543,casual
D7BAF423FACF31F4,classic_bike,2026-08-08 16:59:37.676,2026-08-08 17:21:57.324,Grove St PATH,JC115,Liberty Light Rail,JC052,40.71941,-74.04309,40.7112423,-74.0557013,member
9304B999AFB4A2D7,classic_bike,2026-08-08 16:59:39.210,2026-08-08 17:20:42.688,Grove St PATH,JC115,Liberty Light Rail,JC052,40.71941,-74.04309,40.7112423,-74.0557013,member
BEC8922665AF1294,classic_bike,2026-08-08 17:03:35.982,2026-08-08 17:14:07.681,South Waterfront Walkway - Sinatra Dr & 1 St,HB103,Newport Pkwy,JC008,40.73698221818716,-74.02778059244156,40.7287448,-74.0321082,member
2C57D57FE679ECF0,electric_bike,2026-08-08 17:03:44.304,2026-08-08 17:10:50.857,Hudson Pl & Hoboken Terminal,HB107,14 St Ferry - 14 St & Shipyard Ln,HB202,40.73579286776364,-74.02837457573912,40.752960630464955,-74.02435272932053,member
56154F955AC78FC8,electric_bike,2026-08-08 17:03:47.036,2026-08-08 17:13:42.700,Hamilton Park,JC009,Bergen Ave & Sip Ave,JC109,40.727595966,-74.044247311,40.73100888698729,-74.06443700194359,member
6D9A262921677E9C,classic_bike,2026-08-08 17:04:01.058,2026-08-08 17:14:04.245,South Waterfront Walkway - Sinatra Dr & 1 St,HB103,Newport Pkwy,JC008,40.73698221818716,-74.02778059244156,40.7287448,-74.0321082,member
030EC8B3D3CEF116,electric_bike,2026-08-08 17:05:09.067,2026-08-08 17:24:40.522,Hamilton Park,JC009,Brunswick & 6th,JC081,40.727595966,-74.044247311,40.72601172964625,-74.05038893222809,member
8E7076885FDEEE1B,classic_bike,2026-08-08 17:06:00.860,2026-08-08 17:12:06.344,River St & 1 St,HB609,4 St & Grand St,HB301,40.73721535335381,-74.02886540972803,40.7422579775645,-74.03511106967926,casual
43D415D0234F5109,electric_bike,2026-08-08 17:07:54.530,2026-08-08 17:15:31.605,Bergen Ave & Sip Ave,JC109,Lincoln Park,JC053,40.73100888698729,-74.06443700194359,40.7246050998869,-74.07840594649315,casual
599381702CB6E7C8,classic_bike,2026-08-08 17:15:53.255,2026-08-08 17:21:04.321,Hudson Pl & Hoboken Terminal,HB107,Hudson Pl & Hoboken Terminal,HB107,40.73579286776364,-74.02837457573912,40.73579286776364,-74.02837457573912,casual
58FA147E85242258,classic_bike,2026-08-08 17:15:55.627,2026-08-08 17:27:12.386,Grove St PATH,JC115,Brunswick St,JC023,40.71941,-74.04309,40.7241765,-74.0506564,member
8C4B87E2780E765D,electric_bike,2026-08-08 17:16:42.731,2026-08-08 17:19:31.878,Hudson Pl & Hoboken Terminal,HB107,4 St & River St,HB611,40.73579286776364,-74.02837457573912,40.7408139,-74.0274062,casual
4518E7F2765CA1BF,electric_bike,2026-08-08 17:16:47.473,2026-08-08 17:19:52.206,Hudson Pl & Hoboken Terminal,HB107,4 St & River St,HB611,40.73579286776364,-74.02837457573912,40.7408139,-74.0274062,casual
C18CCDE1A2CA21ED,electric_bike,2026-08-08 17:18:11.883,2026-08-08 17:28:10.780,Grove St PATH,JC115,Liberty Light Rail,JC052,40.71941,-74.04309,40.7112423,-74.0557013,member
835F790745D00FE3,electric_bike,2026-08-08 17:18:37.558,2026-08-08 17:21:42.324,River St & 1 St,HB609,4 St & Grand St,HB301,40.73721535335381,-74.02886540972803,40.7422579775645,-74.03511106967926,member
FD2CA16BA702011E,classic_bike,2026-08-08 17:22:51.558,2026-08-08 17:26:54.197,Grove St PATH,JC115,Hamilton Park,JC009,40.71941,-74.04309,40.727595966,-74.044247311,casual
A5941590B40978AA,electric_bike,2026-08-08 17:23:47.964,2026-08-08 17:27:17.615,Hudson Pl & Hoboken Terminal,HB107,Adams St & 2 St,HB407,40.73579286776364,-74.02837457573912,40.73981372311843,-74.03690412640572,member
9FD5E03A14FF8D6E,electric_bike,2026-08-08 17:25:21.252,2026-08-08 17:29:28.042,Hudson Pl & Hoboken Terminal,HB107,8 St & Washington St,HB603,40.73579286776364,-74.02837457573912,40.745983882915624,-74.02819901704788,member
49359200FCC3E5B3,classic_bike,2026-08-08 17:25:50.100,2026-08-08 17:30:19.873,Hudson Pl & Hoboken Terminal,HB107,Adams St & 2 St,HB407,40.73579286776364,-74.02837457573912,40.73981372311843,-74.03690412640572,member
CA197B0CAE9CFCF5,classic_bike,2026-08-08 17:31:22.514,2026-08-08 18:09:25.234,Grove St PATH,JC115,City Hall,JC003,40.71941,-74.04309,40.7177325,-74.043845,casual
EFDC0D729C606EF6,classic_bike,2026-08-08 17:32:44.199,2026-08-08 17:38:52.771,Hamilton Park,JC009,Newport PATH,JC066,40.727595966,-74.044247311,40.7272235,-74.0337589,casual
50F3B90E1D18DFA7,electric_bike,2026-08-08 17:32:54.407,2026-08-08 17:59:18.258,Grove St PATH,JC115,,,40.71941,-74.04309,,,casual
79C3993CCD0AC15E,electric_bike,2026-08-08 17:33:22.068,2026-08-08 17:37:53.848,Grove St PATH,JC115,Marin Light Rail,JC013,40.71941,-74.04309,40.71458403535893,-74.04281705617905,casual
9417A472FB4F95AB,electric_bike,2026-08-08 17:34:36.852,2026-08-08 17:37:42.643,Grove St PATH,JC115,Marin Light Rail,JC013,40.71941,-74.04309,40.71458403535893,-74.04281705617905,casual
7F6BE060A5218293,electric_bike,2026-08-08 17:34:38.107,2026-08-08 17:51:20.858,Grove St PATH,JC115,Garfield Light Rail,JC119,40.71941,-74.04309,40.710526,-74.070112,member
AF18CD5299890873,electric_bike,2026-08-08 17:35:16.688,2026-08-08 17:57:18.149,Bergen Ave & Sip Ave,JC109,12 St & Sinatra Dr N,HB201,40.73100888698729,-74.06443700194359,40.750604142368964,-74.02402013540268,member
8293859F9FBDC211,electric_bike,2026-08-08 17:37:21.657,2026-08-08 17:47:59.169,River St & 1 St,HB609,Columbus Park - Clinton St & 9 St,HB501,40.73721535335381,-74.02886540972803,40.74816121065146,-74.0324530005455,member
79211771E8414092,electric_bike,2026-08-08 17:37:53.594,2026-08-08 17:48:02.130,River St & 1 St,HB609,Columbus Park - Clinton St & 9 St,HB501,40.73721535335381,-74.02886540972803,40.74816121065146,-74.0324530005455,member
0582A48EB8989AF5,classic_bike,2026-08-08 17:38:47.562,2026-08-08 18:03:42.668,Hamilton Park,JC009,Hamilton Park,JC009,40.727595966,-74.044247311,40.727595966,-74.044247311,casual
6CE4B4F7058D3829,classic_bike,2026-08-08 17:41:43.425,2026-08-08 17:58:21.795,River St & 1 St,HB609,Riverview Park,JC057,40.73721535335381,-74.02886540972803,40.7443187,-74.0439909,member
3F07A14BE2EF542B,electric_bike,2026-08-08 17:42:03.288,2026-08-08 17:46:57.176,South Waterfront Walkway - Sinatra Dr & 1 St,HB103,Columbus Park - Clinton St & 9 St,HB501,40.73698221818716,-74.02778059244156,40.74816121065146,-74.0324530005455,member
4ACFB87245E92569,electric_bike,2026-08-08 17:42:17.083,2026-08-08 17:49:23.832,Bergen Ave & Sip Ave,JC109,Lincoln Park,JC053,40.73100888698729,-74.06443700194359,40.7246050998869,-74.07840594649315,member
17D7746689AD1DA5,electric_bike,2026-08-08 17:42:24.057,2026-08-08 17:49:21.776,Bergen Ave & Sip Ave,JC109,Lincoln Park,JC053,40.73100888698729,-74.06443700194359,40.7246050998869,-74.07840594649315,member
1FBDBB8016907C13,classic_bike,2026-08-08 17:42:27.629,2026-08-08 17:47:33.727,Grove St PATH,JC115,Monmouth & 6th,JC075,40.71941,-74.04309,40.72568548362901,-74.04879033565521,member
43FA5D396E75207B,classic_bike,2026-08-08 17:42:49.009,2026-08-08 17:52:50.119,Grove St PATH,JC115,Lafayette Park,JC078,40.71941,-74.04309,40.71346382669195,-74.06285852193832,casual
E143D6CCE8CECEFE,electric_bike,2026-08-08 17:42:54.167,2026-08-08 17:47:44.638,Grove St PATH,JC115,Morris Canal,JC072,40.71941,-74.04309,40.7124188237569,-74.03852552175522,member
09E3D056CC490F76,electric_bike,2026-08-08 17:43:27.712,2026-08-08 17:49:02.344,Hamilton Park,JC009,Newport PATH,JC066,40.727595966,-74.044247311,40.7272235,-74.0337589,member
A3BCAFD175EB5795,electric_bike,2026-08-08 17:47:26.889,2026-08-08 17:57:16.000,Grove St PATH,JC115,Pacific Ave & Communipaw Ave,JC118,40.71941,-74.04309,40.711354,-74.062446,member
16B318BCB705E622,electric_bike,2026-08-08 17:47:37.954,2026-08-08 17:57:28.530,Grove St PATH,JC115,Pacific Ave & Communipaw Ave,JC118,40.71941,-74.04309,40.711354,-74.062446,casual
D7240B840DD113DD,classic_bike,2026-08-08 17:50:53.040,2026-08-08 17:55:11.191,River St & 1 St,HB609,Church Sq Park - 5 St & Park Ave,HB601,40.73721535335381,-74.02886540972803,40.74265933273143,-74.03223305940628,member
B187EA8E7E881209,electric_bike,2026-08-08 17:51:04.622,2026-08-08 18:00:23.775,Hamilton Park,JC009,Exchange Pl,JC116,40.727595966,-74.044247311,40.71636596185077,-74.034343957901,casual
5DA38817DE787CF4,electric_bike,2026-08-08 17:51:30.064,2026-08-08 18:00:17.333,Hamilton Park,JC009,Exchange Pl,JC116,40.727595966,-74.044247311,40.71636596185077,-74.034343957901,member
431B09FE0E910ED7,classic_bike,2026-08-08 17:53:32.657,2026-08-08 17:54:34.492,Grove St PATH,JC115,Grove St PATH,JC115,40.71941,-74.04309,40.71941,-74.04309,member
D035F1CCCD773793,classic_bike,2026-08-08 17:55:12.899,2026-08-08 18:07:05.126,Grove St PATH,JC115,Montgomery St,JC099,40.71941,-74.04309,40.71942,-74.05099,member
CA26FD50A3E55A93,electric_bike,2026-08-08 17:57:56.706,2026-08-08 18:05:27.927,River St & 1 St,HB609,Hoboken Ave at Monmouth St,JC105,40.73721535335381,-74.02886540972803,40.73520838045357,-74.04696375131607,member
FF305E07117BFDD6,classic_bike,2026-08-08 17:58:19.781,2026-08-08 18:06:56.922,Hudson Pl & Hoboken Terminal,HB107,Adams St & 2 St,HB407,40.73579286776364,-74.02837457573912,40.73981372311843,-74.03690412640572,member
BD522B33977CE6C2,electric_bike,2026-08-08 17:58:56.082,2026-08-08 18:01:39.605,Bergen Ave & Sip Ave,JC109,Baldwin at Montgomery,JC020,40.73100888698729,-74.06443700194359,40.7236589,-74.0641943,member
BCF3AD54D0234785,classic_bike,2026-08-08 17:59:16.858,2026-08-08 18:17:58.078,Hamilton Park,JC009,4 St & River St,HB611,40.727595966,-74.044247311,40.7408139,-74.0274062,member
28699A5231C9E8AF,electric_bike,2026-08-08 17:59:40.804,2026-08-08 18:03:41.346,Grove St PATH,JC115,Exchange Pl,JC116,40.71941,-74.04309,40.71636596185077,-74.034343957901,member
CD6EB4D82E5739EC,electric_bike,2026-08-08 18:03:41.336,2026-08-08 18:07:29.752,Hamilton Park,JC009,Hoboken Ave at Monmouth St,JC105,40.727595966,-74.044247311,40.73520838045357,-74.04696375131607,casual
2A9B05810AD81051,electric_bike,2026-08-08 18:05:22.017,2026-08-08 18:16:36.489,Bergen Ave & Sip Ave,JC109,Wade St & MLK Dr,JC134,40.73100888698729,-74.06443700194359,40.7017,-74.08952,casual
F8CEC2A1FA64143F,electric_bike,2026-08-08 18:08:00.053,2026-08-08 18:10:29.715,Bergen Ave & Sip Ave,JC109,McGinley Square,JC055,40.73100888698729,-74.06443700194359,40.7253399253558,-74.06762212514877,member
A93D73BD911EF5F3,electric_bike,2026-08-08 18:10:03.289,2026-08-08 18:14:02.009,Bergen Ave & Sip Ave,JC109,Fairmount Ave,JC093,40.73100888698729,-74.06443700194359,40.72572613742557,-74.07195925712585,member
900E062D49FE70A3,classic_bike,2026-08-08 18:15:28.800,2026-08-08 18:18:00.242,Grove St PATH,JC115,Marin Light Rail,JC013,40.71941,-74.04309,40.71458403535893,-74.04281705617905,member
555A932182D60BA8,classic_bike,2026-08-08 18:16:18.369,2026-08-08 18:18:25.837,River St & 1 St,HB609,4 St & River St,HB611,40.73721535335381,-74.02886540972803,40.7408139,-74.0274062,member
EB46B2CC9DA612A1,electric_bike,2026-08-08 18:16:45.757,2026-08-08 18:44:54.688,Hudson Pl & Hoboken Terminal,HB107,Adams St & 2 St,HB407,40.73579286776364,-74.02837457573912,40.73981372311843,-74.03690412640572,member
3C9935FED3B1B108,classic_bike,2026-08-08 18:17:38.547,2026-08-08 18:23:54.046,River St & 1 St,HB609,Church Sq Park - 5 St & Park Ave,HB601,40.73721535335381,-74.02886540972803,40.74265933273143,-74.03223305940628,member
7CFE6F5228A2B280,electric_bike,2026-08-08 18:18:30.484,2026-08-08 18:24:05.976,River St & 1 St,HB609,Church Sq Park - 5 St & Park Ave,HB601,40.73721535335381,-74.02886540972803,40.74265933273143,-74.03223305940628,casual
F9470FD9D3F798D6,classic_bike,2026-08-08 18:19:23.683,2026-08-08 18:23:44.904,Hamilton Park,JC009,Manila & 1st,JC082,40.727595966,-74.044247311,40.721650724879986,-74.04288411140442,member
D6109BB4B9447841,classic_bike,2026-08-08 18:19:29.713,2026-08-08 18:23:51.908,River St & 1 St,HB609,Church Sq Park - 5 St & Park Ave,HB601,40.73721535335381,-74.02886540972803,40.74265933273143,-74.03223305940628,casual
671CEDABBA10FD64,electric_bike,2026-08-08 18:19:53.974,2026-08-08 18:27:49.502,Bergen Ave & Sip Ave,JC109,Mallory Ave & Roosevelt Ave,JC145,40.73100888698729,-74.06443700194359,40.72203,-74.08596,member
C63C19FF0FBD740B,electric_bike,2026-08-08 18:21:44.685,2026-08-08 18:25:59.749,Hudson Pl & Hoboken Terminal,HB107,Madison St & 1 St,HB402,40.73579286776364,-74.02837457573912,40.73879,-74.0393,member
94A669D4B2B8B7D1,classic_bike,2026-08-08 18:22:51.455,2026-08-08 18:36:18.419,Bergen Ave & Sip Ave,JC109,Grant Ave & MLK Dr,JC107,40.73100888698729,-74.06443700194359,40.70919832245443,-74.08084273338318,member
49B682661A515A4A,electric_bike,2026-08-08 18:23:13.719,2026-08-08 18:58:55.560,South Waterfront Walkway - Sinatra Dr & 1 St,HB103,14 St Ferry - 14 St & Shipyard Ln,HB202,40.73698221818716,-74.02778059244156,40.752960630464955,-74.02435272932053,casual
77C0DEDAD22899CA,electric_bike,2026-08-08 18:23:19.654,2026-08-08 18:58:53.651,South Waterfront Walkway - Sinatra Dr & 1 St,HB103,14 St Ferry - 14 St & Shipyard Ln,HB202,40.73698221818716,-74.02778059244156,40.752960630464955,-74.02435272932053,casual
DB7456CC2B5C5441,electric_bike,2026-08-08 18:26:05.039,2026-08-08 18:37:40.679,Hudson Pl & Hoboken Terminal,HB107,Hoboken Ave at Monmouth St,JC105,40.73579286776364,-74.02837457573912,40.73520838045357,-74.04696375131607,member
0B3639BE7FCA56D0,electric_bike,2026-08-08 18:26:11.725,2026-08-08 18:37:31.379,Hudson Pl & Hoboken Terminal,HB107,Hoboken Ave at Monmouth St,JC105,40.73579286776364,-74.02837457573912,40.73520838045357,-74.04696375131607,member
6022C4F1550E43DF,classic_bike,2026-08-08 18:26:39.755,2026-08-08 18:38:04.230,Hudson Pl & Hoboken Terminal,HB107,11 St & Washington St,HB502,40.73579286776364,-74.02837457573912,40.74998490907138,-74.02715027332306,casual
2804C8CCB91DC851,classic_bike,2026-08-08 18:27:18.451,2026-08-08 18:37:54.946,Hudson Pl & Hoboken Terminal,HB107,11 St & Washington St,HB502,40.73579286776364,-74.02837457573912,40.74998490907138,-74.02715027332306,casual
48AAA193AF58BEF4,classic_bike,2026-08-08 18:31:30.156,2026-08-08 18:44:57.949,Hudson Pl & Hoboken Terminal,HB107,Washington St,JC098,40.73579286776364,-74.02837457573912,40.7242941,-74.0354826,casual
ECDE872F9F2BA58F,electric_bike,2026-08-08 18:32:37.201,2026-08-08 18:41:55.834,Hudson Pl & Hoboken Terminal,HB107,Madison St & 10 St,HB503,40.73579286776364,-74.02837457573912,40.74994325412246,-74.03586477041245,casual
9B09ACAEDE1AA93E,electric_bike,2026-08-08 18:32:55.009,2026-08-08 18:40:26.023,Hudson Pl & Hoboken Terminal,HB107,7 St & Monroe St,HB304,40.73579286776364,-74.02837457573912,40.74641264837719,-74.03797701001167,member
8D1217C942E72B5A,electric_bike,2026-08-08 18:34:39.471,2026-08-08 18:42:07.828,Grove St PATH,JC115,Baldwin at Montgomery,JC020,40.71941,-74.04309,40.7236589,-74.0641943,casual
538AA7D0E0EE9E8F,electric_bike,2026-08-08 18:36:51.714,2026-08-08 18:41:56.332,River St & 1 St,HB609,11 St & Washington St,HB502,40.73721535335381,-74.02886540972803,40.74998490907138,-74.02715027332306,casual
507F3F0F63AB4B4D,electric_bike,2026-08-08 18:38:30.572,2026-08-08 18:57:54.145,River St & 1 St,HB609,Newport PATH,JC066,40.73721535335381,-74.02886540972803,40.7272235,-74.0337589,casual
4B0054FD46C7B295,classic_bike,2026-08-08 18:39:43.232,2026-08-08 18:44:34.650,Grove St PATH,JC115,Montgomery St,JC099,40.71941,-74.04309,40.71942,-74.05099,member
2B1B9B5F04A70961,classic_bike,2026-08-08 18:44:25.058,2026-08-08 18:47:47.937,Bergen Ave & Sip Ave,JC109,McGinley Square,JC055,40.73100888698729,-74.06443700194359,40.7253399253558,-74.06762212514877,member
2FBD1BA90EF0377D,electric_bike,2026-08-08 18:50:17.056,2026-08-08 18:52:44.573,Grove St PATH,JC115,Washington St & Morgan St,JC149,40.71941,-74.04309,40.719445793042716,-74.03689158686865,member
7BBE8E0C47BC0944,electric_bike,2026-08-08 18:53:41.843,2026-08-08 19:26:51.483,South Waterfront Walkway - Sinatra Dr & 1 St,HB103,South Waterfront Walkway - Sinatra Dr & 1 St,HB103,40.73698221818716,-74.02778059244156,40.73698221818716,-74.02778059244156,casual
84C1E3A410C3A361,classic_bike,2026-08-08 18:54:53.277,2026-08-08 19:27:40.538,South Waterfront Walkway - Sinatra Dr & 1 St,HB103,South Waterfront Walkway - Sinatra Dr & 1 St,HB103,40.73698221818716,-74.02778059244156,40.73698221818716,-74.02778059244156,member
0F5B21508686B9E1,electric_bike,2026-08-08 18:55:39.232,2026-08-08 18:58:56.277,Grove St PATH,JC115,Washington St & Morgan St,JC149,40.71941,-74.04309,40.719445793042716,-74.03689158686865,member
485E45580C2E8587,electric_bike,2026-08-08 18:56:55.556,2026-08-08 19:10:21.016,South Waterfront Walkway - Sinatra Dr & 1 St,HB103,Lafayette Park,JC078,40.73698221818716,-74.02778059244156,40.71346382669195,-74.06285852193832,member
901F2E098674C710,electric_bike,2026-08-08 18:57:24.482,2026-08-08 19:02:49.382,Grove St PATH,JC115,Baldwin at Montgomery,JC020,40.71941,-74.04309,40.7236589,-74.0641943,member
9294D90F52CDE954,electric_bike,2026-08-08 19:01:35.000,2026-08-08 19:06:28.258,River St & 1 St,HB609,Madison St & 1 St,HB402,40.73721535335381,-74.02886540972803,40.73879,-74.0393,casual
B2D289C49CB62AA1,electric_bike,2026-08-08 19:02:07.246,2026-08-08 19:06:13.395,Grove St PATH,JC115,Brunswick St,JC023,40.71941,-74.04309,40.7241765,-74.0506564,member
E3BF0311718DB99B,electric_bike,2026-08-08 19:04:06.590,2026-08-08 19:27:54.753,Bergen Ave & Sip Ave,JC109,Washington St,JC098,40.73100888698729,-74.06443700194359,40.7242941,-74.0354826,casual
654F3126DF508250,electric_bike,2026-08-08 19:04:23.929,2026-08-08 19:27:40.162,Bergen Ave & Sip Ave,JC109,Washington St,JC098,40.73100888698729,-74.06443700194359,40.7242941,-74.0354826,casual
3BA600107BFE4E4A,classic_bike,2026-08-08 19:06:23.768,2026-08-08 19:13:29.588,Hamilton Park,JC009,Washington St & Morgan St,JC149,40.727595966,-74.044247311,40.719445793042716,-74.03689158686865,member
81051DEB2284F7A5,classic_bike,2026-08-08 19:08:07.566,2026-08-08 19:19:29.175,Bergen Ave & Sip Ave,JC109,Pershing Field,JC024,40.73100888698729,-74.06443700194359,40.742677141,-74.051788633,member
B900B415F95B3153,classic_bike,2026-08-08 19:08:52.827,2026-08-08 19:24:54.579,Grove St PATH,JC115,Clinton St & Newark St,HB409,40.71941,-74.04309,40.73743,-74.03571,casual
1B23AEBC4FEB27E5,electric_bike,2026-08-08 19:12:52.332,2026-08-08 19:18:40.717,River St & 1 St,HB609,Marshall St & 2 St,HB408,40.73721535335381,-74.02886540972803,40.740802,-74.042521,casual
4B98E26C68C15826,classic_bike,2026-08-08 19:13:24.341,2026-08-08 19:20:49.721,Hudson Pl & Hoboken Terminal,HB107,11 St & Washington St,HB502,40.73579286776364,-74.02837457573912,40.74998490907138,-74.02715027332306,casual
907FE04CCA02395F,electric_bike,2026-08-08 19:13:33.510,2026-08-08 19:27:57.930,South Waterfront Walkway - Sinatra Dr & 1 St,HB103,Dr. Lena Edwards Park,JC117,40.73698221818716,-74.02778059244156,40.713203,-74.058261,casual
74546A42F3CEF914,electric_bike,2026-08-08 19:13:40.903,2026-08-08 19:19:25.014,Hudson Pl & Hoboken Terminal,HB107,11 St & Washington St,HB502,40.73579286776364,-74.02837457573912,40.74998490907138,-74.02715027332306,casual
FF28C83991A0DE3C,electric_bike,2026-08-08 19:17:05.610,2026-08-08 19:22:43.616,River St & 1 St,HB609,Southwest Park - Jackson St & Observer Hwy,HB401,40.73721535335381,-74.02886540972803,40.73755127245804,-74.04166370630264,casual
CDD75FFC80A28A89,electric_bike,2026-08-08 19:21:26.289,2026-08-08 19:31:03.707,Grove St PATH,JC115,Lafayette Park,JC078,40.71941,-74.04309,40.71346382669195,-74.06285852193832,casual
1DD07F6312E72731,electric_bike,2026-08-08 19:21:46.826,2026-08-08 19:31:18.477,Grove St PATH,JC115,Lafayette Park,JC078,40.71941,-74.04309,40.71346382669195,-74.06285852193832,casual
B4A6C2E9D9831598,electric_bike,2026-08-08 19:22:28.118,2026-08-08 19:32:32.162,Grove St PATH,JC115,Lafayette Park,JC078,40.71941,-74.04309,40.71346382669195,-74.06285852193832,casual
1CF59DD567A1B2F1,electric_bike,2026-08-08 19:22:32.247,2026-08-08 19:25:49.846,Bergen Ave & Sip Ave,JC109,Baldwin at Montgomery,JC020,40.73100888698729,-74.06443700194359,40.7236589,-74.0641943,member
CA2BD5BC9CD2B601,classic_bike,2026-08-08 19:24:27.189,2026-08-08 19:32:55.569,Hudson Pl & Hoboken Terminal,HB107,Columbus Park - Clinton St & 9 St,HB501,40.73579286776364,-74.02837457573912,40.74816121065146,-74.0324530005455,member
EC2BC46AE356E32F,electric_bike,2026-08-08 19:25:05.469,2026-08-08 19:30:20.168,South Waterfront Walkway - Sinatra Dr & 1 St,HB103,12 St & Sinatra Dr N,HB201,40.73698221818716,-74.02778059244156,40.750604142368964,-74.02402013540268,member
A8C16269B1D28E1C,electric_bike,2026-08-08 19:25:07.109,2026-08-08 19:31:13.683,River St & 1 St,HB609,Grand St & 14 St,HB506,40.73721535335381,-74.02886540972803,40.75409,-74.0316,casual
9604B50573A8AA77,classic_bike,2026-08-08 19:25:22.964,2026-08-08 19:38:43.462,Grove St PATH,JC115,City Hall,JC003,40.71941,-74.04309,40.7177325,-74.043845,member
F01766707055EDA9,classic_bike,2026-08-08 19:25:45.732,2026-08-08 20:26:39.656,Grove St PATH,JC115,Columbus Drive,JC014,40.71941,-74.04309,40.71835519823214,-74.03891444206238,casual
E714A90C9A7B33CA,electric_bike,2026-08-08 19:26:33.783,2026-08-08 19:38:10.472,Grove St PATH,JC115,Oakland Ave,JC022,40.71941,-74.04309,40.7376037,-74.0524783,member
8F524C2787134E53,electric_bike,2026-08-08 19:28:29.284,2026-08-08 19:43:24.314,Bergen Ave & Sip Ave,JC109,Newark St & Washington St,HB612,40.73100888698729,-74.06443700194359,40.73681,-74.0309,member
0B96DD089EA8AFCF,classic_bike,2026-08-08 19:32:44.583,2026-08-08 19:35:49.944,Hudson Pl & Hoboken Terminal,HB107,4 St & River St,HB611,40.73579286776364,-74.02837457573912,40.7408139,-74.0274062,member
2BE31C0543799054,electric_bike,2026-08-08 19:34:26.799,2026-08-08 19:44:50.635,River St & 1 St,HB609,Grand St & 14 St,HB506,40.73721535335381,-74.02886540972803,40.75409,-74.0316,member
EDB6D6E58B6E5DBF,electric_bike,2026-08-08 19:37:01.354,2026-08-08 19:38:07.297,River St & 1 St,HB609,River St & 1 St,HB609,40.73721535335381,-74.02886540972803,40.73721535335381,-74.02886540972803,casual
673D2C162F070937,electric_bike,2026-08-08 19:37:29.686,2026-08-08 19:42:32.750,South Waterfront Walkway - Sinatra Dr & 1 St,HB103,6 St & Grand St,HB302,40.73698221818716,-74.02778059244156,40.744397833095604,-74.03450086712837,member
1ED08B50DC881A88,electric_bike,2026-08-08 19:37:41.796,2026-08-08 19:42:28.857,South Waterfront Walkway - Sinatra Dr & 1 St,HB103,6 St & Grand St,HB302,40.73698221818716,-74.02778059244156,40.744397833095604,-74.03450086712837,member
FD6A518BDF6D53E5,electric_bike,2026-08-08 19:42:37.388,2026-08-08 19:57:54.898,River St & 1 St,HB609,Stevens - River Ter & 6 St,HB602,40.73721535335381,-74.02886540972803,40.74313282710551,-74.02698867022991,casual
CE33E249968E3D2A,electric_bike,2026-08-08 19:43:00.998,2026-08-08 19:57:52.742,River St & 1 St,HB609,Stevens - River Ter & 6 St,HB602,40.73721535335381,-74.02886540972803,40.74313282710551,-74.02698867022991,casual
CC36FAD54D695EBE,electric_bike,2026-08-08 19:44:19.109,2026-08-08 19:49:38.031,River St & 1 St,HB609,11 St & Washington St,HB502,40.73721535335381,-74.02886540972803,40.74998490907138,-74.02715027332306,casual
7FDBEE050C58DAC3,electric_bike,2026-08-08 19:45:26.613,2026-08-08 19:59:35.582,Hudson Pl & Hoboken Terminal,HB107,Newark Ave,JC032,40.73579286776364,-74.02837457573912,40.72152515,-74.046304543,member
BB96353B4C413010,electric_bike,2026-08-08 19:48:49.928,2026-08-08 19:52:44.113,Bergen Ave & Sip Ave,JC109,Bergen Ave,JC095,40.73100888698729,-74.06443700194359,40.722103786686034,-74.07145500183105,member
77245D0F019CA4E6,electric_bike,2026-08-08 19:48:50.870,2026-08-08 19:53:27.080,Hamilton Park,JC009,Newport Pkwy,JC008,40.727595966,-74.044247311,40.7287448,-74.0321082,member
EE95522F05CDDE20,electric_bike,2026-08-08 19:51:45.603,2026-08-08 19:58:00.833,Hudson Pl & Hoboken Terminal,HB107,11 St & Washington St,HB502,40.73579286776364,-74.02837457573912,40.74998490907138,-74.02715027332306,member
FF43433D2118B309,electric_bike,2026-08-08 19:52:29.662,2026-08-08 19:57:41.333,Hudson Pl & Hoboken Terminal,HB107,Church Sq Park - 5 St & Park Ave,HB601,40.73579286776364,-74.02837457573912,40.74265933273143,-74.03223305940628,casual
B1872F0FEA3CBF82,classic_bike,2026-08-08 19:54:12.640,2026-08-08 20:03:20.363,South Waterfront Walkway - Sinatra Dr & 1 St,HB103,9 St HBLR - Jackson St & 8 St,HB305,40.73698221818716,-74.02778059244156,40.74790720968899,-74.03841152787209,member
4334F24231059952,electric_bike,2026-08-08 19:54:20.115,2026-08-08 19:58:12.417,Grove St PATH,JC115,Brunswick St,JC023,40.71941,-74.04309,40.7241765,-74.0506564,member
AFAB61A59B4F6D1C,classic_bike,2026-08-08 19:59:10.578,2026-08-08 20:14:31.011,Hamilton Park,JC009,Dr. Lena Edwards Park,JC117,40.727595966,-74.044247311,40.713203,-74.058261,member
82CA6AE828BEEE6A,classic_bike,2026-08-08 20:01:39.590,2026-08-08 20:48:02.658,Grove St PATH,JC115,Grove St PATH,JC115,40.71941,-74.04309,40.71941,-74.04309,member
A9EE223D79D0D665,electric_bike,2026-08-08 20:01:52.181,2026-08-08 20:08:25.153,Bergen Ave & Sip Ave,JC109,Lincoln Park,JC053,40.73100888698729,-74.06443700194359,40.7246050998869,-74.07840594649315,casual
AA5F587563F8B1C6,electric_bike,2026-08-08 20:02:11.777,2026-08-08 20:17:02.469,Bergen Ave & Sip Ave,JC109,West Side Ave Light Rail,JC124,40.73100888698729,-74.06443700194359,40.714964,-74.08829,member
C4444EE702700DE4,electric_bike,2026-08-08 20:06:18.221,2026-08-08 20:09:53.180,Grove St PATH,JC115,Marin Light Rail,JC013,40.71941,-74.04309,40.71458403535893,-74.04281705617905,member
B0954A71146C1315,electric_bike,2026-08-08 20:06:23.928,2026-08-08 20:09:50.673,Grove St PATH,JC115,Marin Light Rail,JC013,40.71941,-74.04309,40.71458403535893,-74.04281705617905,casual
9F44713222132DEF,classic_bike,2026-08-08 20:06:56.522,2026-08-08 20:18:39.958,River St & 1 St,HB609,Willow Ave & 12 St,HB505,40.73721535335381,-74.02886540972803,40.7518674823282,-74.03037697076797,member
5E04EF73831F87BF,classic_bike,2026-08-08 20:07:07.201,2026-08-08 20:12:38.550,Grove St PATH,JC115,Montgomery St,JC099,40.71941,-74.04309,40.71942,-74.05099,member
2ADC294C52DE19FD,classic_bike,2026-08-08 20:09:16.851,2026-08-08 20:16:17.208,Bergen Ave & Sip Ave,JC109,Lincoln Park,JC053,40.73100888698729,-74.06443700194359,40.7246050998869,-74.07840594649315,member
323E6F402843F9DE,electric_bike,2026-08-08 20:11:16.844,2026-08-08 21:58:08.374,South Waterfront Walkway - Sinatra Dr & 1 St,HB103,12 St & Sinatra Dr N,HB201,40.73698221818716,-74.02778059244156,40.750604142368964,-74.02402013540268,casual
46C4F94BA712EFFD,electric_bike,2026-08-08 20:12:32.805,2026-08-08 21:58:06.239,South Waterfront Walkway - Sinatra Dr & 1 St,HB103,12 St & Sinatra Dr N,HB201,40.73698221818716,-74.02778059244156,40.750604142368964,-74.02402013540268,casual
DA770240FC828C98,electric_bike,2026-08-08 20:13:18.857,2026-08-08 21:58:03.306,South Waterfront Walkway - Sinatra Dr & 1 St,HB103,12 St & Sinatra Dr N,HB201,40.73698221818716,-74.02778059244156,40.750604142368964,-74.02402013540268,casual
602912777464A7DA,electric_bike,2026-08-08 20:13:37.833,2026-08-08 21:58:13.703,South Waterfront Walkway - Sinatra Dr & 1 St,HB103,12 St & Sinatra Dr N,HB201,40.73698221818716,-74.02778059244156,40.750604142368964,-74.02402013540268,casual
AB5E6DCEA899DDB5,classic_bike,2026-08-08 20:14:22.664,2026-08-08 20:40:39.383,South Waterfront Walkway - Sinatra Dr & 1 St,HB103,Baldwin at Montgomery,JC020,40.73698221818716,-74.02778059244156,40.7236589,-74.0641943,member
CB2DB5F3C3722FD6,electric_bike,2026-08-08 20:16:05.397,2026-08-08 21:58:01.263,South Waterfront Walkway - Sinatra Dr & 1 St,HB103,12 St & Sinatra Dr N,HB201,40.73698221818716,-74.02778059244156,40.750604142368964,-74.02402013540268,casual
3DBA5DF4B76512F8,electric_bike,2026-08-08 20:16:43.847,2026-08-08 20:21:21.502,River St & 1 St,HB609,Mama Johnson Field - 4 St & Jackson St,HB404,40.73721535335381,-74.02886540972803,40.74313993965626,-74.04004096984863,member
453692DA7BE24642,electric_bike,2026-08-08 20:18:59.726,2026-08-08 20:22:50.400,South Waterfront Walkway - Sinatra Dr & 1 St,HB103,4 St & River St,HB611,40.73698221818716,-74.02778059244156,40.7408139,-74.0274062,casual
6AF2C1C91B442C9F,classic_bike,2026-08-08 20:22:43.048,2026-08-08 20:28:16.163,South Waterfront Walkway - Sinatra Dr & 1 St,HB103,Adams St & 2 St,HB407,40.73698221818716,-74.02778059244156,40.73981372311843,-74.03690412640572,member
189D1A8BCF7AD9F4,electric_bike,2026-08-08 20:24:15.712,2026-08-08 20:27:49.454,Grove St PATH,JC115,Marin Light Rail,JC013,40.71941,-74.04309,40.71458403535893,-74.04281705617905,member
B2F9B343F3975E13,electric_bike,2026-08-08 20:25:24.946,2026-08-08 20:35:41.879,South Waterfront Walkway - Sinatra Dr & 1 St,HB103,Columbus Park - Clinton St & 9 St,HB501,40.73698221818716,-74.02778059244156,40.74816121065146,-74.0324530005455,casual
6C53B19366823272,electric_bike,2026-08-08 20:26:21.142,2026-08-08 20:35:44.447,South Waterfront Walkway - Sinatra Dr & 1 St,HB103,Columbus Park - Clinton St & 9 St,HB501,40.73698221818716,-74.02778059244156,40.74816121065146,-74.0324530005455,casual
D6AF2B82E6B98DF1,classic_bike,2026-08-08 20:26:23.444,2026-08-08 20:43:32.684,Hudson Pl & Hoboken Terminal,HB107,4 St & River St,HB611,40.73579286776364,-74.02837457573912,40.7408139,-74.0274062,casual
ABFB6579AADE1D3A,electric_bike,2026-08-08 20:26:35.007,2026-08-08 20:35:55.044,South Waterfront Walkway - Sinatra Dr & 1 St,HB103,Columbus Park - Clinton St & 9 St,HB501,40.73698221818716,-74.02778059244156,40.74816121065146,-74.0324530005455,member
843481E0A2F1F78F,electric_bike,2026-08-08 20:26:57.185,2026-08-08 20:36:57.453,Grove St PATH,JC115,McGinley Square,JC055,40.71941,-74.04309,40.7253399253558,-74.06762212514877,member
795FE8A4F1225203,electric_bike,2026-08-08 20:28:17.983,2026-08-08 20:33:31.654,Hamilton Park,JC009,Hoboken Ave at Monmouth St,JC105,40.727595966,-74.044247311,40.73520838045357,-74.04696375131607,member
BA0F619CB300A7CD,electric_bike,2026-08-08 20:28:19.398,2026-08-08 20:33:35.996,Hamilton Park,JC009,Hoboken Ave at Monmouth St,JC105,40.727595966,-74.044247311,40.73520838045357,-74.04696375131607,member
7AF88A0870B43481,classic_bike,2026-08-08 20:30:52.972,2026-08-08 20:43:17.729,Hamilton Park,JC009,City Hall - Washington St & 1 St,HB105,40.727595966,-74.044247311,40.73736,-74.03097,casual
27DA358D0C06EC01,classic_bike,2026-08-08 20:31:14.222,2026-08-08 20:46:47.593,Hamilton Park,JC009,8 St & Washington St,HB603,40.727595966,-74.044247311,40.745983882915624,-74.02819901704788,member
263B0E5B31B24AF8,classic_bike,2026-08-08 20:34:39.244,2026-08-08 20:40:51.962,Bergen Ave & Sip Ave,JC109,Lincoln Park,JC053,40.73100888698729,-74.06443700194359,40.7246050998869,-74.07840594649315,member
CE463F240C30AA25,electric_bike,2026-08-08 20:37:07.446,2026-08-08 20:40:19.044,Bergen Ave & Sip Ave,JC109,McGinley Square,JC055,40.73100888698729,-74.06443700194359,40.7253399253558,-74.06762212514877,casual
47C600065769CED4,electric_bike,2026-08-08 20:38:17.705,2026-08-08 20:44:48.700,River St & 1 St,HB609,Madison St & 1 St,HB402,40.73721535335381,-74.02886540972803,40.73879,-74.0393,casual
8A06DE88365C0F49,electric_bike,2026-08-08 20:39:50.883,2026-08-08 20:44:52.899,River St & 1 St,HB609,Madison St & 1 St,HB402,40.73721535335381,-74.02886540972803,40.73879,-74.0393,casual
DF97FBBC94BB5938,electric_bike,2026-08-08 20:40:50.573,2026-08-08 20:43:42.800,Bergen Ave & Sip Ave,JC109,McGinley Square,JC055,40.73100888698729,-74.06443700194359,40.7253399253558,-74.06762212514877,member
AE90335C514A8E45,electric_bike,2026-08-08 20:41:01.064,2026-08-08 20:50:48.225,Hamilton Park,JC009,Exchange Pl,JC116,40.727595966,-74.044247311,40.71636596185077,-74.034343957901,member
4236A31A378DACB1,classic_bike,2026-08-08 20:44:19.919,2026-08-08 20:45:43.526,Grove St PATH,JC115,City Hall,JC003,40.71941,-74.04309,40.7177325,-74.043845,member
8777FE84A9CF87E5,electric_bike,2026-08-08 20:46:34.828,2026-08-08 20:54:29.555,Hudson Pl & Hoboken Terminal,HB107,14 St Ferry - 14 St & Shipyard Ln,HB202,40.73579286776364,-74.02837457573912,40.752960630464955,-74.02435272932053,casual
9A90C33FDC7F220A,electric_bike,2026-08-08 20:47:42.871,2026-08-08 20:57:12.659,South Waterfront Walkway - Sinatra Dr & 1 St,HB103,Adams St & 12 St,HB610,40.73698221818716,-74.02778059244156,40.751889392240685,-74.03329162748534,casual
484B28BA292AF32F,electric_bike,2026-08-08 20:48:40.942,2026-08-08 20:54:36.844,South Waterfront Walkway - Sinatra Dr & 1 St,HB103,14 St Ferry - 14 St & Shipyard Ln,HB202,40.73698221818716,-74.02778059244156,40.752960630464955,-74.02435272932053,casual
A4207FEA400E1309,classic_bike,2026-08-08 20:50:24.894,2026-08-08 20:55:23.142,Grove St PATH,JC115,Marin Light Rail,JC013,40.71941,-74.04309,40.71458403535893,-74.04281705617905,member
575DC120CF203433,classic_bike,2026-08-08 20:52:09.674,2026-08-08 20:58:22.589,Grove St PATH,JC115,Exchange Pl,JC116,40.71941,-74.04309,40.71636596185077,-74.034343957901,member
74AEC14C059BB728,electric_bike,2026-08-08 20:53:52.513,2026-08-08 21:02:02.484,Grove St PATH,JC115,Liberty Light Rail,JC052,40.71941,-74.04309,40.7112423,-74.0557013,member
B13F8EACFD7C6A6F,electric_bike,2026-08-08 20:59:35.579,2026-08-08 21:01:54.782,River St & 1 St,HB609,River St & 1 St,HB609,40.73721535335381,-74.02886540972803,40.73721535335381,-74.02886540972803,member
1E696479711BC1D0,electric_bike,2026-08-08 21:00:56.377,2026-08-08 21:09:21.288,Hamilton Park,JC009,Pacific Ave & Communipaw Ave,JC118,40.727595966,-74.044247311,40.711354,-74.062446,member
D3535784FC528F7A,electric_bike,2026-08-08 21:02:42.281,2026-08-08 21:08:49.986,River St & 1 St,HB609,8 St & Washington St,HB603,40.73721535335381,-74.02886540972803,40.745983882915624,-74.02819901704788,casual
A70800B7F2723F4C,electric_bike,2026-08-08 21:02:57.184,2026-08-08 21:08:23.775,River St & 1 St,HB609,8 St & Washington St,HB603,40.73721535335381,-74.02886540972803,40.745983882915624,-74.02819901704788,member
2D9A9BFDE49F0981,classic_bike,2026-08-08 21:05:46.016,2026-08-08 21:15:09.718,Hudson Pl & Hoboken Terminal,HB107,Bloomfield St & 15 St,HB203,40.73579286776364,-74.02837457573912,40.75453,-74.02658,member
124500415D3E3B7D,electric_bike,2026-08-08 21:08:23.971,2026-08-08 21:18:53.742,Grove St PATH,JC115,Baldwin at Montgomery,JC020,40.71941,-74.04309,40.7236589,-74.0641943,casual
D00E3DB0B0230A83,electric_bike,2026-08-08 21:13:30.229,2026-08-08 21:18:24.569,Bergen Ave & Sip Ave,JC109,Lincoln Park,JC053,40.73100888698729,-74.06443700194359,40.7246050998869,-74.07840594649315,member
85DFC13525055386,classic_bike,2026-08-08 21:13:38.994,2026-08-08 21:16:52.761,Grove St PATH,JC115,Marin Light Rail,JC013,40.71941,-74.04309,40.71458403535893,-74.04281705617905,member
415528615B4C4D87,classic_bike,2026-08-08 21:19:49.594,2026-08-08 21:27:04.316,South Waterfront Walkway - Sinatra Dr & 1 St,HB103,12 St & Sinatra Dr N,HB201,40.73698221818716,-74.02778059244156,40.750604142368964,-74.02402013540268,casual
21D4AA9F878888EA,classic_bike,2026-08-08 21:20:06.464,2026-08-08 21:27:02.443,South Waterfront Walkway - Sinatra Dr & 1 St,HB103,12 St & Sinatra Dr N,HB201,40.73698221818716,-74.02778059244156,40.750604142368964,-74.02402013540268,member
06BFC2F158CA439A,electric_bike,2026-08-08 21:21:07.321,2026-08-08 21:32:31.532,Bergen Ave & Sip Ave,JC109,West Side Ave & Stegman Pkwy,JC131,40.73100888698729,-74.06443700194359,40.71087,-74.09368,casual
3EFDADED7065EF82,electric_bike,2026-08-08 21:22:54.894,2026-08-08 21:31:58.304,Grove St PATH,JC115,Liberty Light Rail,JC052,40.71941,-74.04309,40.7112423,-74.0557013,casual
059D9F4ABAD17C04,classic_bike,2026-08-08 21:23:15.297,2026-08-08 21:26:38.352,Grove St PATH,JC115,Warren St,JC006,40.71941,-74.04309,40.7211236,-74.03805095,member
69BE04F2E49B1E85,electric_bike,2026-08-08 21:23:32.083,2026-08-08 21:31:55.297,Grove St PATH,JC115,Liberty Light Rail,JC052,40.71941,-74.04309,40.7112423,-74.0557013,casual
8E3C961F14F0C760,electric_bike,2026-08-08 21:30:20.719,2026-08-08 21:42:23.713,Hamilton Park,JC009,Riverview Park,JC057,40.727595966,-74.044247311,40.7443187,-74.0439909,member
1E58101224B2C43D,classic_bike,2026-08-08 21:31:18.078,2026-08-08 21:40:21.811,Hamilton Park,JC009,Washington St & Morgan St,JC149,40.727595966,-74.044247311,40.719445793042716,-74.03689158686865,casual
56F6DF52B2E96B07,electric_bike,2026-08-08 21:33:44.341,2026-08-08 21:37:02.016,South Waterfront Walkway - Sinatra Dr & 1 St,HB103,Stevens - River Ter & 6 St,HB602,40.73698221818716,-74.02778059244156,40.74313282710551,-74.02698867022991,member
EDB02B6BAD37D49F,electric_bike,2026-08-08 21:33:47.400,2026-08-08 21:37:06.894,South Waterfront Walkway - Sinatra Dr & 1 St,HB103,Stevens - River Ter & 6 St,HB602,40.73698221818716,-74.02778059244156,40.74313282710551,-74.02698867022991,member
CC3FB92211C5D160,electric_bike,2026-08-08 21:38:04.474,2026-08-08 21:50:13.707,Hamilton Park,JC009,McGinley Square,JC055,40.727595966,-74.044247311,40.7253399253558,-74.06762212514877,casual
850711F3FB9EAE82,classic_bike,2026-08-08 21:44:19.342,2026-08-08 21:53:21.769,Hudson Pl & Hoboken Terminal,HB107,Marshall St & 2 St,HB408,40.73579286776364,-74.02837457573912,40.740802,-74.042521,member
93567BA1CA79A263,electric_bike,2026-08-08 21:46:22.024,2026-08-08 21:48:42.469,Bergen Ave & Sip Ave,JC109,McGinley Square,JC055,40.73100888698729,-74.06443700194359,40.7253399253558,-74.06762212514877,member
EE0C6A26A91620FF,electric_bike,2026-08-08 21:49:18.537,2026-08-08 22:00:41.635,River St & 1 St,HB609,8 St & Washington St,HB603,40.73721535335381,-74.02886540972803,40.745983882915624,-74.02819901704788,member
B30A95BCB6048230,electric_bike,2026-08-08 21:51:37.310,2026-08-08 22:03:07.847,Grove St PATH,JC115,Jersey & 6th St,JC027,40.71941,-74.04309,40.72528910781132,-74.04557168483734,member
AFA1F8BF059F3A5C,classic_bike,2026-08-08 21:52:40.431,2026-08-08 21:58:32.176,Grove St PATH,JC115,Monmouth & 6th,JC075,40.71941,-74.04309,40.72568548362901,-74.04879033565521,member
31437339D4082FA6,classic_bike,2026-08-08 21:57:14.601,2026-08-08 22:08:25.842,Grove St PATH,JC115,Newport PATH,JC066,40.71941,-74.04309,40.7272235,-74.0337589,member
33EE907B23B49A86,electric_bike,2026-08-08 21:57:14.963,2026-08-08 22:12:37.792,Hudson Pl & Hoboken Terminal,HB107,Grand St & 14 St,HB506,40.73579286776364,-74.02837457573912,40.75409,-74.0316,casual
F0914701BF398073,electric_bike,2026-08-08 21:58:01.227,2026-08-08 22:03:42.096,South Waterfront Walkway - Sinatra Dr & 1 St,HB103,Adams St & 2 St,HB407,40.73698221818716,-74.02778059244156,40.73981372311843,-74.03690412640572,member
0C258E2C436C146E,classic_bike,2026-08-08 21:58:38.999,2026-08-08 22:01:07.197,River St & 1 St,HB609,4 St & River St,HB611,40.73721535335381,-74.02886540972803,40.7408139,-74.0274062,member
07CA11549C0BAE31,electric_bike,2026-08-08 21:59:35.328,2026-08-08 22:04:12.088,South Waterfront Walkway - Sinatra Dr & 1 St,HB103,Marshall St & 2 St,HB408,40.73698221818716,-74.02778059244156,40.740802,-74.042521,member
A0EA1B29538C3105,electric_bike,2026-08-08 22:00:13.976,2026-08-08 22:09:13.178,Grove St PATH,JC115,Garfield Light Rail,JC119,40.71941,-74.04309,40.710526,-74.070112,casual
23402BBBB4751306,classic_bike,2026-08-08 22:00:49.884,2026-08-08 22:04:20.342,Grove St PATH,JC115,Marin Light Rail,JC013,40.71941,-74.04309,40.71458403535893,-74.04281705617905,member
449E60EB31F568B5,electric_bike,2026-08-08 22:01:42.198,2026-08-08 22:06:38.987,Hamilton Park,JC009,Hoboken Ave at Monmouth St,JC105,40.727595966,-74.044247311,40.73520838045357,-74.04696375131607,casual
F0807EBAC69AD845,electric_bike,2026-08-08 22:05:04.317,2026-08-08 22:18:32.935,Grove St PATH,JC115,Mama Johnson Field - 4 St & Jackson St,HB404,40.71941,-74.04309,40.74313993965626,-74.04004096984863,casual
654E467EC40BB89D,classic_bike,2026-08-08 22:08:33.650,2026-08-08 22:11:11.409,Grove St PATH,JC115,Van Vorst Park,JC035,40.71941,-74.04309,40.71848892,-74.047726625,member
34CA78D82A600AFF,classic_bike,2026-08-08 22:16:15.763,2026-08-08 22:20:06.280,Grove St PATH,JC115,Marin Light Rail,JC013,40.71941,-74.04309,40.71458403535893,-74.04281705617905,member
F9CFE9FE62C4E41D,electric_bike,2026-08-08 22:26:17.599,2026-08-08 22:31:43.557,Grove St PATH,JC115,Baldwin at Montgomery,JC020,40.71941,-74.04309,40.7236589,-74.0641943,member
18904917EAAD955B,electric_bike,2026-08-08 22:26:45.402,2026-08-08 22:33:21.696,Bergen Ave & Sip Ave,JC109,Bergen Ave,JC095,40.73100888698729,-74.06443700194359,40.722103786686034,-74.07145500183105,casual
F5B2E827490FD951,electric_bike,2026-08-08 22:28:57.194,2026-08-08 22:33:02.935,Hudson Pl & Hoboken Terminal,HB107,2 St & Park Ave,HB608,40.73579286776364,-74.02837457573912,40.73915272763701,-74.0330819785595,member
62AB0390CFE3A750,electric_bike,2026-08-08 22:34:45.864,2026-08-08 22:39:14.550,Bergen Ave & Sip Ave,JC109,Oakland Ave,JC022,40.73100888698729,-74.06443700194359,40.7376037,-74.0524783,casual
1C9F70583A553C9D,electric_bike,2026-08-08 22:35:49.581,2026-08-08 22:43:23.094,River St & 1 St,HB609,14 St Ferry - 14 St & Shipyard Ln,HB202,40.73721535335381,-74.02886540972803,40.752960630464955,-74.02435272932053,casual
E7A3018EBA64AE72,electric_bike,2026-08-08 22:35:52.227,2026-08-08 22:45:01.406,Bergen Ave & Sip Ave,JC109,MLK Dr & Bayview Ave,JC143,40.73100888698729,-74.06443700194359,40.7071,-74.08335,casual
F4BA10E26F874D6A,electric_bike,2026-08-08 22:36:10.199,2026-08-08 22:44:52.467,River St & 1 St,HB609,9 St HBLR - Jackson St & 8 St,HB305,40.73721535335381,-74.02886540972803,40.74790720968899,-74.03841152787209,member
1611D5A976ADCB78,classic_bike,2026-08-08 22:36:10.613,2026-08-08 22:40:12.914,Grove St PATH,JC115,Jersey & 6th St,JC027,40.71941,-74.04309,40.72528910781132,-74.04557168483734,member
3A331815CAAC3067,electric_bike,2026-08-08 22:36:49.636,2026-08-08 22:38:49.397,Grove St PATH,JC115,Marin Light Rail,JC013,40.71941,-74.04309,40.71458403535893,-74.04281705617905,member
C63B0E2EAB4F4C6E,classic_bike,2026-08-08 22:36:52.097,2026-08-08 22:47:31.460,Grove St PATH,JC115,Pacific Ave & Communipaw Ave,JC118,40.71941,-74.04309,40.711354,-74.062446,member
15590A8943156241,electric_bike,2026-08-08 22:36:54.082,2026-08-08 22:42:49.201,South Waterfront Walkway - Sinatra Dr & 1 St,HB103,Willow Ave & 12 St,HB505,40.73698221818716,-74.02778059244156,40.7518674823282,-74.03037697076797,casual
C02627D3C677B972,electric_bike,2026-08-08 22:37:15.564,2026-08-08 22:51:36.424,Hamilton Park,JC009,9 St HBLR - Jackson St & 8 St,HB305,40.727595966,-74.044247311,40.74790720968899,-74.03841152787209,casual
D9D7464C66D811A8,electric_bike,2026-08-08 22:37:21.738,2026-08-08 22:51:07.281,Hamilton Park,JC009,9 St HBLR - Jackson St & 8 St,HB305,40.727595966,-74.044247311,40.74790720968899,-74.03841152787209,casual
168CF797D60EF0FC,electric_bike,2026-08-08 22:40:11.639,2026-08-08 22:48:50.423,Grove St PATH,JC115,Washington St,JC098,40.71941,-74.04309,40.7242941,-74.0354826,casual
C481324BAAA13937,electric_bike,2026-08-08 22:41:28.687,2026-08-08 22:53:35.966,Grove St PATH,JC115,Communipaw & Berry Lane,JC084,40.71941,-74.04309,40.71435836870427,-74.06661093235016,casual
37589BC5032C9352,electric_bike,2026-08-08 22:42:36.061,2026-08-08 22:45:16.555,Bergen Ave & Sip Ave,JC109,Glenwood Ave,JC094,40.73100888698729,-74.06443700194359,40.72755146730012,-74.07106071710587,casual
99198E16D6F07AA9,classic_bike,2026-08-08 22:43:33.636,2026-08-08 23:08:02.955,South Waterfront Walkway - Sinatra Dr & 1 St,HB103,South Waterfront Walkway - Sinatra Dr & 1 St,HB103,40.73698221818716,-74.02778059244156,40.73698221818716,-74.02778059244156,casual
A78BDD7A2992256C,electric_bike,2026-08-08 22:44:28.750,2026-08-08 22:53:19.032,Grove St PATH,JC115,Liberty Light Rail,JC052,40.71941,-74.04309,40.7112423,-74.0557013,casual
FEC61E2D303D89E4,electric_bike,2026-08-08 22:44:47.645,2026-08-08 22:53:28.015,Grove St PATH,JC115,Liberty Light Rail,JC052,40.71941,-74.04309,40.7112423,-74.0557013,casual
363041245EB57A00,classic_bike,2026-08-08 22:44:48.714,2026-08-08 23:10:15.229,South Waterfront Walkway - Sinatra Dr & 1 St,HB103,South Waterfront Walkway - Sinatra Dr & 1 St,HB103,40.73698221818716,-74.02778059244156,40.73698221818716,-74.02778059244156,casual
721821294B4B5938,classic_bike,2026-08-08 22:45:11.569,2026-08-08 22:52:43.119,Grove St PATH,JC115,Brunswick St,JC023,40.71941,-74.04309,40.7241765,-74.0506564,member
5CA62A1DED10C877,classic_bike,2026-08-08 22:50:04.101,2026-08-08 22:56:24.744,Bergen Ave & Sip Ave,JC109,Lincoln Park,JC053,40.73100888698729,-74.06443700194359,40.7246050998869,-74.07840594649315,member
8FEA599D8D8A5E6C,electric_bike,2026-08-08 22:57:30.935,2026-08-08 23:01:11.016,Grove St PATH,JC115,JC Medical Center,JC110,40.71941,-74.04309,40.71539114317,-74.04969155788422,casual
F6993447A1CE2CF2,electric_bike,2026-08-08 22:57:49.708,2026-08-08 23:01:03.678,Grove St PATH,JC115,JC Medical Center,JC110,40.71941,-74.04309,40.71539114317,-74.04969155788422,member
54BC44894B696F34,electric_bike,2026-08-08 23:08:33.767,2026-08-08 23:26:16.390,South Waterfront Walkway - Sinatra Dr & 1 St,HB103,Pacific Ave & Communipaw Ave,JC118,40.73698221818716,-74.02778059244156,40.711354,-74.062446,member
139DE178E474F046,electric_bike,2026-08-08 23:09:24.475,2026-08-08 23:22:09.284,Bergen Ave & Sip Ave,JC109,Heights Elevator,JC059,40.73100888698729,-74.06443700194359,40.748715945380226,-74.04044330120087,casual
4357C494ACEF5846,electric_bike,2026-08-08 23:13:49.012,2026-08-08 23:16:28.516,Grove St PATH,JC115,Washington St,JC098,40.71941,-74.04309,40.7242941,-74.0354826,member
E2D0B65234D88264,electric_bike,2026-08-08 23:15:00.049,2026-08-08 23:18:45.908,South Waterfront Walkway - Sinatra Dr & 1 St,HB103,8 St & Washington St,HB603,40.73698221818716,-74.02778059244156,40.745983882915624,-74.02819901704788,member
182090F5E4446917,electric_bike,2026-08-08 23:17:04.462,2026-08-08 23:28:18.312,Grove St PATH,JC115,Clinton St & Newark St,HB409,40.71941,-74.04309,40.73743,-74.03571,member
86A1E11563E751E1,electric_bike,2026-08-08 23:17:57.448,2026-08-08 23:22:42.690,Bergen Ave & Sip Ave,JC109,Bergen Ave,JC095,40.73100888698729,-74.06443700194359,40.722103786686034,-74.07145500183105,casual
84AF23AAD49B988C,classic_bike,2026-08-08 23:20:57.158,2026-08-08 23:23:08.215,Grove St PATH,JC115,York St & Marin Blvd,JC097,40.71941,-74.04309,40.716615000830494,-74.0424120426178,member
D8E88BF6D98A2BE4,classic_bike,2026-08-08 23:22:37.933,2026-08-08 23:34:24.662,Grove St PATH,JC115,Pacific Ave & Communipaw Ave,JC118,40.71941,-74.04309,40.711354,-74.062446,casual
2F4C954F2964C5D8,classic_bike,2026-08-08 23:22:39.076,2026-08-08 23:34:27.628,Grove St PATH,JC115,Pacific Ave & Communipaw Ave,JC118,40.71941,-74.04309,40.711354,-74.062446,casual
DC5E0EAA968AA7F9,classic_bike,2026-08-08 23:34:18.900,2026-08-08 23:43:18.975,Hudson Pl & Hoboken Terminal,HB107,12 St & Sinatra Dr N,HB201,40.73579286776364,-74.02837457573912,40.750604142368964,-74.02402013540268,member
86DD5A6D138BB43B,electric_bike,2026-08-08 23:34:41.677,2026-08-08 23:37:59.631,Hamilton Park,JC009,Grove St PATH,JC115,40.727595966,-74.044247311,40.71941,-74.04309,casual
77519558E0B2962D,electric_bike,2026-08-08 23:35:50.362,2026-08-08 23:42:26.705,South Waterfront Walkway - Sinatra Dr & 1 St,HB103,14 St Ferry - 14 St & Shipyard Ln,HB202,40.73698221818716,-74.02778059244156,40.752960630464955,-74.02435272932053,member
34D19589EFEA5AB4,electric_bike,2026-08-08 23:36:29.935,2026-08-08 23:39:22.612,Hamilton Park,JC009,Newark Ave,JC032,40.727595966,-74.044247311,40.72152515,-74.046304543,member
E43AA2B00537E46E,classic_bike,2026-08-08 23:41:40.195,2026-08-08 23:44:33.147,Grove St PATH,JC115,Van Vorst Park,JC035,40.71941,-74.04309,40.71848892,-74.047726625,member
D4019C5C34048AEB,electric_bike,2026-08-08 23:42:40.861,2026-08-08 23:54:57.528,Grove St PATH,JC115,Lafayette Park,JC078,40.71941,-74.04309,40.71346382669195,-74.06285852193832,casual
59719B4EBDBC80BD,classic_bike,2026-08-08 23:43:09.661,2026-08-08 23:46:50.114,Grove St PATH,JC115,Marin Light Rail,JC013,40.71941,-74.04309,40.71458403535893,-74.04281705617905,member
6FA3FAA9D54DF336,classic_bike,2026-08-08 23:45:00.306,2026-08-08 23:48:32.561,Bergen Ave & Sip Ave,JC109,McGinley Square,JC055,40.73100888698729,-74.06443700194359,40.7253399253558,-74.06762212514877,member
583CC075773E373E,electric_bike,2026-08-08 23:45:23.570,2026-08-08 23:49:00.201,Hamilton Park,JC009,Hoboken Ave at Monmouth St,JC105,40.727595966,-74.044247311,40.73520838045357,-74.04696375131607,member
3A62D4BDE386D2BE,classic_bike,2026-08-08 23:46:53.347,2026-08-09 00:10:31.413,Bergen Ave & Sip Ave,JC109,Jackson Square,JC063,40.73100888698729,-74.06443700194359,40.71113,-74.0789,casual
F75700449870003F,electric_bike,2026-08-08 23:50:03.442,2026-08-09 00:01:03.838,Bergen Ave & Sip Ave,JC109,Danforth Ave & Sullivan Dr,JC135,40.73100888698729,-74.06443700194359,40.70436,-74.09811,casual
BC9DB6352C312B54,classic_bike,2026-08-08 23:52:22.520,2026-08-08 23:58:16.977,Bergen Ave & Sip Ave,JC109,Fairmount Ave,JC093,40.73100888698729,-74.06443700194359,40.72572613742557,-74.07195925712585,member
F0C1E34C87B53D31,classic_bike,2026-08-08 23:53:21.905,2026-08-09 00:13:09.642,Bergen Ave & Sip Ave,JC109,Jackson Square,JC063,40.73100888698729,-74.06443700194359,40.71113,-74.0789,casual
1B81D0A40006985D,classic_bike,2026-08-08 23:55:24.137,2026-08-09 00:02:34.222,River St & 1 St,HB609,14 St Ferry - 14 St & Shipyard Ln,HB202,40.73721535335381,-74.02886540972803,40.752960630464955,-74.02435272932053,member
6F981A4B96B5121E,classic_bike,2026-08-08 23:55:30.526,2026-08-09 00:03:23.903,Hudson Pl & Hoboken Terminal,HB107,11 St & Washington St,HB502,40.73579286776364,-74.02837457573912,40.74998490907138,-74.02715027332306,casual
BF855A287F5D6D2B,electric_bike,2026-08-08 23:55:43.000,2026-08-09 00:02:56.008,River St & 1 St,HB609,Bloomfield St & 15 St,HB203,40.73721535335381,-74.02886540972803,40.75453,-74.02658,member
3711261D22D02992,classic_bike,2026-08-09 00:02:15.414,2026-08-09 00:17:53.677,Hudson Pl & Hoboken Terminal,HB107,Columbus Park - Clinton St & 9 St,HB501,40.73579286776364,-74.02837457573912,40.74816121065146,-74.0324530005455,casual
24A4ED3E4CFBCBDC,classic_bike,2026-08-09 00:02:49.231,2026-08-09 00:17:35.466,Hudson Pl & Hoboken Terminal,HB107,Columbus Park - Clinton St & 9 St,HB501,40.73579286776364,-74.02837457573912,40.74816121065146,-74.0324530005455,casual
B17A5AF47F684239,classic_bike,2026-08-09 00:07:11.582,2026-08-09 00:10:54.672,Grove St PATH,JC115,Marin Light Rail,JC013,40.71941,-74.04309,40.71458403535893,-74.04281705617905,member
672EF2091AF7B9BC,classic_bike,2026-08-09 00:07:23.952,2026-08-09 00:11:32.533,Grove St PATH,JC115,Montgomery St,JC099,40.71941,-74.04309,40.71942,-74.05099,member
72481AD16A6F48CE,classic_bike,2026-08-09 00:07:30.533,2026-08-09 00:11:02.665,Grove St PATH,JC115,Dixon Mills,JC076,40.71941,-74.04309,40.721630142638354,-74.04996782541275,member
297B9C5C01359378,classic_bike,2026-08-09 00:07:44.729,2026-08-09 00:11:44.883,Grove St PATH,JC115,Montgomery St,JC099,40.71941,-74.04309,40.71942,-74.05099,member
41B2D9CA76F541D5,classic_bike,2026-08-09 00:07:54.459,2026-08-09 00:16:10.008,Grove St PATH,JC115,Lafayette Park,JC078,40.71941,-74.04309,40.71346382669195,-74.06285852193832,casual
B7D3BB4C67C0742E,classic_bike,2026-08-09 00:13:21.210,2026-08-09 00:16:24.543,Bergen Ave & Sip Ave,JC109,McGinley Square,JC055,40.73100888698729,-74.06443700194359,40.7253399253558,-74.06762212514877,member
8350460ABF3F7172,classic_bike,2026-08-09 00:15:05.295,2026-08-09 00:35:33.934,Grove St PATH,JC115,Pacific Ave & Communipaw Ave,JC118,40.71941,-74.04309,40.711354,-74.062446,casual
D68F8D17F1FABC04,classic_bike,2026-08-09 00:15:44.160,2026-08-09 00:55:52.717,Grove St PATH,JC115,Communipaw & Berry Lane,JC084,40.71941,-74.04309,40.71435836870427,-74.06661093235016,casual
ECBC6C2974F8EA1A,classic_bike,2026-08-09 00:21:14.588,2026-08-09 00:38:14.420,Hudson Pl & Hoboken Terminal,HB107,11 St & Washington St,HB502,40.73579286776364,-74.02837457573912,40.74998490907138,-74.02715027332306,member
5F9B6E8010A94CB0,classic_bike,2026-08-09 00:23:45.008,2026-08-09 01:05:14.587,Grove St PATH,JC115,2 St & Park Ave,HB608,40.71941,-74.04309,40.73915272763701,-74.0330819785595,casual
E0DE136F416032A5,classic_bike,2026-08-09 00:27:49.740,2026-08-09 00:33:49.247,Hamilton Park,JC009,Van Vorst Park,JC035,40.727595966,-74.044247311,40.71848892,-74.047726625,member
736D353E5F0A499F,classic_bike,2026-08-09 00:39:17.749,2026-08-09 00:49:53.067,Grove St PATH,JC115,Communipaw & Berry Lane,JC084,40.71941,-74.04309,40.71435836870427,-74.06661093235016,member
9F1258FF67831D94,electric_bike,2026-08-09 00:41:30.676,2026-08-09 00:53:38.670,Grove St PATH,JC115,Communipaw & Berry Lane,JC084,40.71941,-74.04309,40.71435836870427,-74.06661093235016,casual
B2BEA8A158210F3C,classic_bike,2026-08-09 00:44:25.332,2026-08-09 01:59:12.358,South Waterfront Walkway - Sinatra Dr & 1 St,HB103,South Waterfront Walkway - Sinatra Dr & 1 St,HB103,40.73698221818716,-74.02778059244156,40.73698221818716,-74.02778059244156,casual
56DDD9104388EC99,classic_bike,2026-08-09 00:44:37.563,2026-08-09 00:53:29.298,River St & 1 St,HB609,Newport Pkwy,JC008,40.73721535335381,-74.02886540972803,40.7287448,-74.0321082,casual
42A4EC7063E9608A,classic_bike,2026-08-09 00:45:35.441,2026-08-09 00:54:52.541,River St & 1 St,HB609,Newport Pkwy,JC008,40.73721535335381,-74.02886540972803,40.7287448,-74.0321082,casual
A29B4F45E1A11629,classic_bike,2026-08-09 00:49:14.446,2026-08-09 00:56:42.490,Bergen Ave & Sip Ave,JC109,Lincoln Park,JC053,40.73100888698729,-74.06443700194359,40.7246050998869,-74.07840594649315,member
7CC5257D8B145C0A,classic_bike,2026-08-09 00:52:50.068,2026-08-09 00:57:32.068,River St & 1 St,HB609,8 St & Washington St,HB603,40.73721535335381,-74.02886540972803,40.745983882915624,-74.02819901704788,member
010738F0F93A98D9,classic_bike,2026-08-09 00:54:27.281,2026-08-09 01:00:24.607,South Waterfront Walkway - Sinatra Dr & 1 St,HB103,12 St & Sinatra Dr N,HB201,40.73698221818716,-74.02778059244156,40.750604142368964,-74.02402013540268,member
72A998AE0BB7A3C1,electric_bike,2026-08-09 00:54:59.579,2026-08-09 01:01:32.489,South Waterfront Walkway - Sinatra Dr & 1 St,HB103,11 St & Washington St,HB502,40.73698221818716,-74.02778059244156,40.74998490907138,-74.02715027332306,casual
AE6859AE174C515B,electric_bike,2026-08-09 00:55:02.038,2026-08-09 01:00:27.269,South Waterfront Walkway - Sinatra Dr & 1 St,HB103,12 St & Sinatra Dr N,HB201,40.73698221818716,-74.02778059244156,40.750604142368964,-74.02402013540268,member
FCD2981155DF73DF,electric_bike,2026-08-09 00:58:09.856,2026-08-09 01:05:37.504,Bergen Ave & Sip Ave,JC109,,,40.73100888698729,-74.06443700194359,,,member
27C011D3B5E61640,classic_bike,2026-08-09 00:58:44.888,2026-08-09 01:15:12.380,Hamilton Park,JC009,Newport PATH,JC066,40.727595966,-74.044247311,40.7272235,-74.0337589,member
5D8ABDAE85B03B06,classic_bike,2026-08-09 01:11:46.642,2026-08-09 01:24:42.464,South Waterfront Walkway - Sinatra Dr & 1 St,HB103,Washington St,JC098,40.73698221818716,-74.02778059244156,40.7242941,-74.0354826,member
D17F20C36254AB18,classic_bike,2026-08-09 01:13:43.445,2026-08-09 01:22:57.012,River St & 1 St,HB609,11 St & Washington St,HB502,40.73721535335381,-74.02886540972803,40.74998490907138,-74.02715027332306,casual
A88C5D7CF5D0BC05,classic_bike,2026-08-09 01:13:48.506,2026-08-09 01:21:58.131,River St & 1 St,HB609,Mama Johnson Field - 4 St & Jackson St,HB404,40.73721535335381,-74.02886540972803,40.74313993965626,-74.04004096984863,member
51E39313C47B80CB,classic_bike,2026-08-09 01:14:13.322,2026-08-09 01:23:03.610,River St & 1 St,HB609,11 St & Washington St,HB502,40.73721535335381,-74.02886540972803,40.74998490907138,-74.02715027332306,casual
EF7C927CB4A529B3,classic_bike,2026-08-09 01:14:36.187,2026-08-09 01:21:07.829,River St & 1 St,HB609,11 St & Washington St,HB502,40.73721535335381,-74.02886540972803,40.74998490907138,-74.02715027332306,casual
E1EC214D779DEA05,classic_bike,2026-08-09 01:14:48.064,2026-08-09 01:21:13.252,River St & 1 St,HB609,11 St & Washington St,HB502,40.73721535335381,-74.02886540972803,40.74998490907138,-74.02715027332306,casual
6041CD1A75944426,classic_bike,2026-08-09 01:15:04.866,2026-08-09 01:21:05.601,River St & 1 St,HB609,11 St & Washington St,HB502,40.73721535335381,-74.02886540972803,40.74998490907138,-74.02715027332306,casual
B0888FA78EDE4130,classic_bike,2026-08-09 01:15:11.813,2026-08-09 01:24:51.835,River St & 1 St,HB609,11 St & Washington St,HB502,40.73721535335381,-74.02886540972803,40.74998490907138,-74.02715027332306,casual
BF49A007C35491C1,classic_bike,2026-08-09 01:17:55.092,2026-08-09 01:24:43.275,River St & 1 St,HB609,11 St & Washington St,HB502,40.73721535335381,-74.02886540972803,40.74998490907138,-74.02715027332306,casual
3B503DD88DB21001,classic_bike,2026-08-09 01:22:26.891,2026-08-09 02:10:33.566,South Waterfront Walkway - Sinatra Dr & 1 St,HB103,4 St & River St,HB611,40.73698221818716,-74.02778059244156,40.7408139,-74.0274062,casual
0706511475B30A7D,classic_bike,2026-08-09 01:34:03.750,2026-08-09 01:38:55.614,River St & 1 St,HB609,Hoboken Terminal - Hudson St & Hudson Pl,HB101,40.73721535335381,-74.02886540972803,40.73593758446329,-74.03030455112457,casual
1C3B6FC0B80F61FE,electric_bike,2026-08-09 01:41:03.418,2026-08-09 01:43:54.193,Grove St PATH,JC115,Warren St,JC006,40.71941,-74.04309,40.7211236,-74.03805095,member
C791A7F6F4BD4D84,classic_bike,2026-08-09 01:53:48.835,2026-08-09 02:04:06.558,River St & 1 St,HB609,Columbus Park - Clinton St & 9 St,HB501,40.73721535335381,-74.02886540972803,40.74816121065146,-74.0324530005455,member
44E0C72577AE51BC,electric_bike,2026-08-09 01:57:40.050,2026-08-09 02:00:31.771,Grove St PATH,JC115,Marin Light Rail,JC013,40.71941,-74.04309,40.71458403535893,-74.04281705617905,member
7D465E47C57A98DF,classic_bike,2026-08-09 02:00:20.385,2026-08-09 02:12:10.878,Grove St PATH,JC115,Pacific Ave & Communipaw Ave,JC118,40.71941,-74.04309,40.711354,-74.062446,member
3651DED05ED3AB11,classic_bike,2026-08-09 02:11:38.808,2026-08-09 02:25:21.016,South Waterfront Walkway - Sinatra Dr & 1 St,HB103,Hamilton Park,JC009,40.73698221818716,-74.02778059244156,40.727595966,-74.044247311,casual
4F49B946E5B5D347,classic_bike,2026-08-09 02:18:53.372,2026-08-09 02:23:41.038,Grove St PATH,JC115,Grand St,JC102,40.71941,-74.04309,40.71517767732029,-74.03768330812454,casual
3EB78C1AB4B575BF,classic_bike,2026-08-09 02:18:54.805,2026-08-09 02:23:38.336,Grove St PATH,JC115,Grand St,JC102,40.71941,-74.04309,40.71517767732029,-74.03768330812454,member
368748C36803D391,classic_bike,2026-08-09 02:22:18.733,2026-08-09 02:25:32.131,Grove St PATH,JC115,Marin Light Rail,JC013,40.71941,-74.04309,40.71458403535893,-74.04281705617905,member
D4F0A0F5B54721B6,classic_bike,2026-08-09 02:37:38.814,2026-08-09 02:45:18.644,Grove St PATH,JC115,Brunswick & 6th,JC081,40.71941,-74.04309,40.72601172964625,-74.05038893222809,member
FBCC69077CEFD868,classic_bike,2026-08-09 02:38:44.818,2026-08-09 02:46:38.050,River St & 1 St,HB609,Columbus Park - Clinton St & 9 St,HB501,40.73721535335381,-74.02886540972803,40.74816121065146,-74.0324530005455,casual
76790913C54A7769,classic_bike,2026-08-09 02:50:14.737,2026-08-09 02:59:14.411,South Waterfront Walkway - Sinatra Dr & 1 St,HB103,Columbus Park - Clinton St & 9 St,HB501,40.73698221818716,-74.02778059244156,40.74816121065146,-74.0324530005455,casual
7A5A46E300048A25,classic_bike,2026-08-09 02:52:19.161,2026-08-09 02:56:54.885,Grove St PATH,JC115,Marin Light Rail,JC013,40.71941,-74.04309,40.71458403535893,-74.04281705617905,member
3CB14777C2BA89B7,electric_bike,2026-08-09 03:07:54.628,2026-08-09 03:14:50.000,Grove St PATH,JC115,Communipaw & Berry Lane,JC084,40.71941,-74.04309,40.71435836870427,-74.06661093235016,member
B2CA6661536FD3C0,classic_bike,2026-08-09 03:22:15.390,2026-08-09 03:36:08.428,Grove St PATH,JC115,Garfield Light Rail,JC119,40.71941,-74.04309,40.710526,-74.070112,casual
6717F25CDEAB0C55,classic_bike,2026-08-09 04:24:20.717,2026-08-09 04:31:45.884,Grove St PATH,JC115,Morris Canal,JC072,40.71941,-74.04309,40.7124188237569,-74.03852552175522,member
E5229496B0443E25,electric_bike,2026-08-09 04:49:24.648,2026-08-09 04:52:12.426,Bergen Ave & Sip Ave,JC109,Glenwood Ave,JC094,40.73100888698729,-74.06443700194359,40.72755146730012,-74.07106071710587,member
D32F9D7699FC84A8,classic_bike,2026-08-09 04:56:39.435,2026-08-09 04:59:34.078,Grove St PATH,JC115,Warren St,JC006,40.71941,-74.04309,40.7211236,-74.03805095,casual
C60622B7B8E74DD2,classic_bike,2026-08-09 04:57:12.635,2026-08-09 05:01:43.918,River St & 1 St,HB609,Stevens - River Ter & 6 St,HB602,40.73721535335381,-74.02886540972803,40.74313282710551,-74.02698867022991,casual
1F615DE2AEFF52A3,electric_bike,2026-08-09 05:15:01.435,2026-08-09 05:23:17.005,Bergen Ave & Sip Ave,JC109,Bergen Ave & Stegman St,JC108,40.73100888698729,-74.06443700194359,40.70657545063453,-74.0867006778717,casual
92F0E28F1EA6DFF9,electric_bike,2026-08-09 06:55:00.935,2026-08-09 06:58:36.720,Grove St PATH,JC115,JC Medical Center,JC110,40.71941,-74.04309,40.71539114317,-74.04969155788422,casual
7E684BF6975FDB1F,electric_bike,2026-08-09 06:58:38.501,2026-08-09 07:02:41.559,River St & 1 St,HB609,Marshall St & 2 St,HB408,40.73721535335381,-74.02886540972803,40.740802,-74.042521,member
CC9DCE4BA4A3FDDD,classic_bike,2026-08-09 07:44:18.330,2026-08-09 07:52:28.798,Hamilton Park,JC009,Newport Pkwy,JC008,40.727595966,-74.044247311,40.7287448,-74.0321082,member
6D98B74666CE6973,electric_bike,2026-08-09 07:45:58.688,2026-08-09 07:51:59.758,Grove St PATH,JC115,Hoboken Ave at Monmouth St,JC105,40.71941,-74.04309,40.73520838045357,-74.04696375131607,member
42CFC7121A8D13D5,electric_bike,2026-08-09 07:52:34.274,2026-08-09 08:19:36.445,River St & 1 St,HB609,South Waterfront Walkway - Sinatra Dr & 1 St,HB103,40.73721535335381,-74.02886540972803,40.73698221818716,-74.02778059244156,member
629F595A9202E19B,classic_bike,2026-08-09 08:00:03.336,2026-08-09 08:13:23.754,South Waterfront Walkway - Sinatra Dr & 1 St,HB103,Adams St & 12 St,HB610,40.73698221818716,-74.02778059244156,40.751889392240685,-74.03329162748534,member
97A599299184E75F,classic_bike,2026-08-09 08:01:25.684,2026-08-09 08:06:11.537,Grove St PATH,JC115,Montgomery St,JC099,40.71941,-74.04309,40.71942,-74.05099,member
1B58703AAF680AFA,electric_bike,2026-08-09 08:09:19.968,2026-08-09 08:17:38.754,Grove St PATH,JC115,Liberty Light Rail,JC052,40.71941,-74.04309,40.7112423,-74.0557013,member
A4D667FEF71CF087,electric_bike,2026-08-09 08:09:38.873,2026-08-09 08:17:36.461,Grove St PATH,JC115,Liberty Light Rail,JC052,40.71941,-74.04309,40.7112423,-74.0557013,member
7A7CA1D862B43DB3,electric_bike,2026-08-09 08:12:07.517,2026-08-09 08:18:35.190,South Waterfront Walkway - Sinatra Dr & 1 St,HB103,12 St & Sinatra Dr N,HB201,40.73698221818716,-74.02778059244156,40.750604142368964,-74.02402013540268,member
F819843AFA305A97,electric_bike,2026-08-09 08:13:54.198,2026-08-09 08:24:48.884,Bergen Ave & Sip Ave,JC109,Hamilton Park,JC009,40.73100888698729,-74.06443700194359,40.727595966,-74.044247311,casual
CAF04B91714FDFA1,classic_bike,2026-08-09 08:16:31.465,2026-08-09 08:23:24.470,Grove St PATH,JC115,Brunswick St,JC023,40.71941,-74.04309,40.7241765,-74.0506564,casual
7F3B0D2A240175FB,electric_bike,2026-08-09 08:20:18.605,2026-08-09 09:04:24.982,South Waterfront Walkway - Sinatra Dr & 1 St,HB103,Warren St,JC006,40.73698221818716,-74.02778059244156,40.7211236,-74.03805095,member
D0F1B280F0408E5E,classic_bike,2026-08-09 08:31:36.248,2026-08-09 08:42:32.223,Hamilton Park,JC009,Hudson Pl & Hoboken Terminal,HB107,40.727595966,-74.044247311,40.73579286776364,-74.02837457573912,member
DCE8BDA02DB046A7,electric_bike,2026-08-09 08:32:55.624,2026-08-09 08:40:33.184,South Waterfront Walkway - Sinatra Dr & 1 St,HB103,Willow Ave & 12 St,HB505,40.73698221818716,-74.02778059244156,40.7518674823282,-74.03037697076797,member
086EA24C35BD0CBB,electric_bike,2026-08-09 08:46:22.471,2026-08-09 08:51:23.497,River St & 1 St,HB609,12 St & Sinatra Dr N,HB201,40.73721535335381,-74.02886540972803,40.750604142368964,-74.02402013540268,casual
28255680E7BEC0A3,classic_bike,2026-08-09 08:47:16.343,2026-08-09 08:55:33.843,Hamilton Park,JC009,Marshall St & 2 St,HB408,40.727595966,-74.044247311,40.740802,-74.042521,member
E2AA0533D2778D53,classic_bike,2026-08-09 08:56:30.170,2026-08-09 09:05:40.896,Hudson Pl & Hoboken Terminal,HB107,6 St & Grand St,HB302,40.73579286776364,-74.02837457573912,40.744397833095604,-74.03450086712837,member
D84EDFE52FE795E9,electric_bike,2026-08-09 08:57:23.189,2026-08-09 09:04:05.960,Bergen Ave & Sip Ave,JC109,Union St & Bergen Ave,JC122,40.73100888698729,-74.06443700194359,40.71575,-74.07887,member
559A3BF77B7431C1,electric_bike,2026-08-09 09:06:23.595,2026-08-09 09:10:11.971,Hamilton Park,JC009,Columbus Drive,JC014,40.727595966,-74.044247311,40.71835519823214,-74.03891444206238,member
3E90A2A668F048F0,electric_bike,2026-08-09 09:06:55.448,2026-08-09 09:10:49.197,Hamilton Park,JC009,York St & Marin Blvd,JC097,40.727595966,-74.044247311,40.716615000830494,-74.0424120426178,member
E5FC5A166A34FBE5,classic_bike,2026-08-09 09:07:07.589,2026-08-09 09:09:41.524,Hamilton Park,JC009,Hamilton Park,JC009,40.727595966,-74.044247311,40.727595966,-74.044247311,member
CDE8AAF554F610CD,electric_bike,2026-08-09 09:15:31.755,2026-08-09 09:25:01.420,Hudson Pl & Hoboken Terminal,HB107,Leonard Gordon Park,JC080,40.73579286776364,-74.02837457573912,40.74590996631558,-74.0572714805603,member
2564A7C7F62D9375,classic_bike,2026-08-09 09:16:33.301,2026-08-09 09:35:58.892,Grove St PATH,JC115,14 St Ferry - 14 St & Shipyard Ln,HB202,40.71941,-74.04309,40.752960630464955,-74.02435272932053,casual
D0045F668594BB6D,classic_bike,2026-08-09 09:17:51.834,2026-08-09 09:21:47.135,Grove St PATH,JC115,Marin Light Rail,JC013,40.71941,-74.04309,40.71458403535893,-74.04281705617905,casual
6B9AF499A4558059,electric_bike,2026-08-09 09:21:15.957,2026-08-09 09:27:16.250,River St & 1 St,HB609,11 St & Washington St,HB502,40.73721535335381,-74.02886540972803,40.74998490907138,-74.02715027332306,member
C5B3017CE7B98803,classic_bike,2026-08-09 09:21:59.671,2026-08-09 09:33:22.740,Hudson Pl & Hoboken Terminal,HB107,7 St & Monroe St,HB304,40.73579286776364,-74.02837457573912,40.74641264837719,-74.03797701001167,member
A9B43E4E8E164675,electric_bike,2026-08-09 09:23:57.373,2026-08-09 09:32:52.008,South Waterfront Walkway - Sinatra Dr & 1 St,HB103,12 St & Sinatra Dr N,HB201,40.73698221818716,-74.02778059244156,40.750604142368964,-74.02402013540268,casual
0ED10B2F7111B011,classic_bike,2026-08-09 09:26:23.261,2026-08-09 09:55:36.560,Grove St PATH,JC115,Warren St,JC006,40.71941,-74.04309,40.7211236,-74.03805095,member
0CF85231C4571D4F,electric_bike,2026-08-09 09:27:31.577,2026-08-09 09:35:18.686,River St & 1 St,HB609,14 St Ferry - 14 St & Shipyard Ln,HB202,40.73721535335381,-74.02886540972803,40.752960630464955,-74.02435272932053,casual
97BFC0E0555CEA58,electric_bike,2026-08-09 09:27:51.404,2026-08-09 09:35:20.526,River St & 1 St,HB609,14 St Ferry - 14 St & Shipyard Ln,HB202,40.73721535335381,-74.02886540972803,40.752960630464955,-74.02435272932053,casual
66E0D02E267D02DE,electric_bike,2026-08-09 09:41:39.214,2026-08-09 09:47:37.138,Hudson Pl & Hoboken Terminal,HB107,11 St & Washington St,HB502,40.73579286776364,-74.02837457573912,40.74998490907138,-74.02715027332306,casual
3F1E820005F00CAC,classic_bike,2026-08-09 09:44:05.349,2026-08-09 09:48:35.979,Hamilton Park,JC009,Van Vorst Park,JC035,40.727595966,-74.044247311,40.71848892,-74.047726625,member
297D9249B075BC1A,electric_bike,2026-08-09 09:48:04.729,2026-08-09 09:51:53.352,River St & 1 St,HB609,8 St & Washington St,HB603,40.73721535335381,-74.02886540972803,40.745983882915624,-74.02819901704788,member
25D843B5995E8981,classic_bike,2026-08-09 09:48:49.750,2026-08-09 10:11:04.113,South Waterfront Walkway - Sinatra Dr & 1 St,HB103,Newport Pkwy,JC008,40.73698221818716,-74.02778059244156,40.7287448,-74.0321082,member
E9E9E2FFE591BBC8,electric_bike,2026-08-09 09:50:47.313,2026-08-09 09:58:56.521,Hamilton Park,JC009,Marin Light Rail,JC013,40.727595966,-74.044247311,40.71458403535893,-74.04281705617905,member
63545AA941D65B79,electric_bike,2026-08-09 09:55:19.049,2026-08-09 10:13:14.298,River St & 1 St,HB609,Oakland Ave,JC022,40.73721535335381,-74.02886540972803,40.7376037,-74.0524783,member
A4D00848FF3E898A,electric_bike,2026-08-09 10:01:32.548,2026-08-09 10:05:03.984,Bergen Ave & Sip Ave,JC109,Journal Square,JC103,40.73100888698729,-74.06443700194359,40.73367,-74.0625,member
1A8D03DDB61329DB,electric_bike,2026-08-09 10:04:55.103,2026-08-09 10:11:29.791,Hudson Pl & Hoboken Terminal,HB107,Columbus Park - Clinton St & 9 St,HB501,40.73579286776364,-74.02837457573912,40.74816121065146,-74.0324530005455,member
48A8DF2BE6DF7B19,classic_bike,2026-08-09 10:06:18.549,2026-08-09 10:16:59.383,River St & 1 St,HB609,Willow Ave & 12 St,HB505,40.73721535335381,-74.02886540972803,40.7518674823282,-74.03037697076797,member
3DF6D68E11F04D56,electric_bike,2026-08-09 10:09:29.220,2026-08-09 10:16:09.669,Hudson Pl & Hoboken Terminal,HB107,6 St & Grand St,HB302,40.73579286776364,-74.02837457573912,40.744397833095604,-74.03450086712837,casual
BB8EBEDF96A026B6,classic_bike,2026-08-09 10:14:16.841,2026-08-09 10:23:19.452,Hamilton Park,JC009,York St & Marin Blvd,JC097,40.727595966,-74.044247311,40.716615000830494,-74.0424120426178,casual
14E272DDCB6FCAE2,classic_bike,2026-08-09 10:14:24.231,2026-08-09 10:23:21.711,Hamilton Park,JC009,York St & Marin Blvd,JC097,40.727595966,-74.044247311,40.716615000830494,-74.0424120426178,casual
152F68B2BE78F4F1,electric_bike,2026-08-09 10:15:56.892,2026-08-09 10:21:16.966,Grove St PATH,JC115,Liberty Light Rail,JC052,40.71941,-74.04309,40.7112423,-74.0557013,member
F3A356EA11DB35FE,electric_bike,2026-08-09 10:17:54.420,2026-08-09 10:34:18.759,Bergen Ave & Sip Ave,JC109,14 St Ferry - 14 St & Shipyard Ln,HB202,40.73100888698729,-74.06443700194359,40.752960630464955,-74.02435272932053,member
E51CEAD41DE16A15,electric_bike,2026-08-09 10:20:24.349,2026-08-09 10:22:13.908,River St & 1 St,HB609,Stevens - River Ter & 6 St,HB602,40.73721535335381,-74.02886540972803,40.74313282710551,-74.02698867022991,member
FD03E221BF065DEB,classic_bike,2026-08-09 10:21:08.630,2026-08-09 10:31:21.358,Bergen Ave & Sip Ave,JC109,Lincoln Park,JC053,40.73100888698729,-74.06443700194359,40.7246050998869,-74.07840594649315,member
D44D57074F69C11D,electric_bike,2026-08-09 10:21:55.760,2026-08-09 10:36:02.079,Grove St PATH,JC115,Hamilton Park,JC009,40.71941,-74.04309,40.727595966,-74.044247311,casual
428FB1F0B6CD06A3,electric_bike,2026-08-09 10:26:38.817,2026-08-09 10:33:14.962,Grove St PATH,JC115,Hoboken Ave at Monmouth St,JC105,40.71941,-74.04309,40.73520838045357,-74.04696375131607,casual
BB33E71E3F8E7760,electric_bike,2026-08-09 10:27:12.489,2026-08-09 10:30:23.866,Grove St PATH,JC115,Dixon Mills,JC076,40.71941,-74.04309,40.721630142638354,-74.04996782541275,casual
A4389A501D3E464A,electric_bike,2026-08-09 10:33:48.401,2026-08-09 10:45:38.040,Hudson Pl & Hoboken Terminal,HB107,Washington St & Morgan St,JC149,40.73579286776364,-74.02837457573912,40.719445793042716,-74.03689158686865,member
BEC03541A25321A8,electric_bike,2026-08-09 10:34:22.166,2026-08-09 10:45:35.681,Hudson Pl & Hoboken Terminal,HB107,Washington St & Morgan St,JC149,40.73579286776364,-74.02837457573912,40.719445793042716,-74.03689158686865,casual
CDCB168B2E9A59B2,electric_bike,2026-08-09 10:40:07.132,2026-08-09 10:47:01.391,Hudson Pl & Hoboken Terminal,HB107,6 St & Grand St,HB302,40.73579286776364,-74.02837457573912,40.744397833095604,-74.03450086712837,casual
068EE969E4C7168E,electric_bike,2026-08-09 10:53:52.110,2026-08-09 11:02:01.613,Grove St PATH,JC115,Baldwin at Montgomery,JC020,40.71941,-74.04309,40.7236589,-74.0641943,member
28BEBD37656FE0D6,electric_bike,2026-08-09 10:54:16.285,2026-08-09 11:10:24.462,Grove St PATH,JC115,Grand St & 14 St,HB506,40.71941,-74.04309,40.75409,-74.0316,casual
7902131375DBF23D,electric_bike,2026-08-09 10:54:26.324,2026-08-09 11:05:14.559,River St & 1 St,HB609,12 St & Sinatra Dr N,HB201,40.73721535335381,-74.02886540972803,40.750604142368964,-74.02402013540268,member
B25F44AF026A94C4,classic_bike,2026-08-09 10:54:26.792,2026-08-09 11:13:50.739,Grove St PATH,JC115,Liberty Light Rail,JC052,40.71941,-74.04309,40.7112423,-74.0557013,member
5D1584EB892247F7,electric_bike,2026-08-09 11:00:10.852,2026-08-09 11:05:31.235,Hamilton Park,JC009,Hoboken Ave at Monmouth St,JC105,40.727595966,-74.044247311,40.73520838045357,-74.04696375131607,member
E7FE329115D02B32,electric_bike,2026-08-09 11:06:33.116,2026-08-09 11:14:01.823,South Waterfront Walkway - Sinatra Dr & 1 St,HB103,Bloomfield St & 15 St,HB203,40.73698221818716,-74.02778059244156,40.75453,-74.02658,casual
D7BF48A00BD156EE,electric_bike,2026-08-09 11:10:06.189,2026-08-09 11:26:40.263,Hudson Pl & Hoboken Terminal,HB107,Journal Square,JC103,40.73579286776364,-74.02837457573912,40.73367,-74.0625,member
93BBC5512ACD33E1,electric_bike,2026-08-09 11:10:12.142,2026-08-09 11:12:40.515,Bergen Ave & Sip Ave,JC109,5 Corners Library,JC018,40.73100888698729,-74.06443700194359,40.734961020009514,-74.0595030784607,member
E02D2EEAE730BF4C,electric_bike,2026-08-09 11:10:49.846,2026-08-09 11:21:55.126,Bergen Ave & Sip Ave,JC109,Warren St,JC006,40.73100888698729,-74.06443700194359,40.7211236,-74.03805095,member
E20E7A66E59DD0D7,classic_bike,2026-08-09 11:17:24.230,2026-08-09 11:22:16.812,Grove St PATH,JC115,Morris Canal,JC072,40.71941,-74.04309,40.7124188237569,-74.03852552175522,member
8C5BA080A9D38B41,classic_bike,2026-08-09 11:19:51.713,2026-08-09 11:31:19.170,Grove St PATH,JC115,Dr. Lena Edwards Park,JC117,40.71941,-74.04309,40.713203,-74.058261,member
758BDE70150AEFF8,electric_bike,2026-08-09 11:20:10.893,2026-08-09 11:25:03.388,Bergen Ave & Sip Ave,JC109,Bergen Ave,JC095,40.73100888698729,-74.06443700194359,40.722103786686034,-74.07145500183105,member
EB32E1B38F7D8C10,electric_bike,2026-08-09 11:21:14.539,2026-08-09 11:25:05.523,Bergen Ave & Sip Ave,JC109,Bergen Ave,JC095,40.73100888698729,-74.06443700194359,40.722103786686034,-74.07145500183105,member
FBD970479C855126,classic_bike,2026-08-09 11:22:54.726,2026-08-09 11:37:27.916,South Waterfront Walkway - Sinatra Dr & 1 St,HB103,9 St HBLR - Jackson St & 8 St,HB305,40.73698221818716,-74.02778059244156,40.74790720968899,-74.03841152787209,casual
E3A714919C6D3237,electric_bike,2026-08-09 11:23:03.240,2026-08-09 11:27:56.333,South Waterfront Walkway - Sinatra Dr & 1 St,HB103,12 St & Sinatra Dr N,HB201,40.73698221818716,-74.02778059244156,40.750604142368964,-74.02402013540268,casual
F71F220632655778,electric_bike,2026-08-09 11:23:21.551,2026-08-09 11:28:03.728,Grove St PATH,JC115,Hamilton Park,JC009,40.71941,-74.04309,40.727595966,-74.044247311,member
389E4BB8FC12A8F6,classic_bike,2026-08-09 11:24:30.606,2026-08-09 11:29:38.700,South Waterfront Walkway - Sinatra Dr & 1 St,HB103,Madison St & 1 St,HB402,40.73698221818716,-74.02778059244156,40.73879,-74.0393,member
32DB1502A0B05FC3,electric_bike,2026-08-09 11:25:03.742,2026-08-09 11:50:21.351,River St & 1 St,HB609,River St & 1 St,HB609,40.73721535335381,-74.02886540972803,40.73721535335381,-74.02886540972803,member
C6A5022BB82658EE,classic_bike,2026-08-09 11:26:59.098,2026-08-09 11:37:35.559,Hamilton Park,JC009,York St & Marin Blvd,JC097,40.727595966,-74.044247311,40.716615000830494,-74.0424120426178,member
A639FAF8B5C7A259,classic_bike,2026-08-09 11:31:24.165,2026-08-09 11:41:16.939,South Waterfront Walkway - Sinatra Dr & 1 St,HB103,12 St & Sinatra Dr N,HB201,40.73698221818716,-74.02778059244156,40.750604142368964,-74.02402013540268,casual
5D75D7F27E244335,classic_bike,2026-08-09 11:31:51.855,2026-08-09 11:41:05.489,South Waterfront Walkway - Sinatra Dr & 1 St,HB103,12 St & Sinatra Dr N,HB201,40.73698221818716,-74.02778059244156,40.750604142368964,-74.02402013540268,member
711EED7C1C57DF3C,electric_bike,2026-08-09 11:32:48.261,2026-08-09 11:45:09.538,Hamilton Park,JC009,Arlington Ave & Bramhall Ave,JC120,40.727595966,-74.044247311,40.713225,-74.070645,casual
3082DEB063AE769E,classic_bike,2026-08-09 11:33:28.461,2026-08-09 12:08:03.982,South Waterfront Walkway - Sinatra Dr & 1 St,HB103,Morris Canal,JC072,40.73698221818716,-74.02778059244156,40.7124188237569,-74.03852552175522,member
14EEB89C43F70C3C,electric_bike,2026-08-09 11:34:59.737,2026-08-09 11:42:09.076,River St & 1 St,HB609,Madison St & 10 St,HB503,40.73721535335381,-74.02886540972803,40.74994325412246,-74.03586477041245,member
38D126699D0FB29B,electric_bike,2026-08-09 11:36:09.286,2026-08-09 11:43:17.824,Bergen Ave & Sip Ave,JC109,Fairmount Ave,JC093,40.73100888698729,-74.06443700194359,40.72572613742557,-74.07195925712585,member
4F09111BEC72ACD7,electric_bike,2026-08-09 11:36:55.093,2026-08-09 11:43:32.915,Hudson Pl & Hoboken Terminal,HB107,Hoboken Ave at Monmouth St,JC105,40.73579286776364,-74.02837457573912,40.73520838045357,-74.04696375131607,member
F41F265A9B0887B2,classic_bike,2026-08-09 11:38:09.387,2026-08-09 11:43:50.654,River St & 1 St,HB609,Madison St & 1 St,HB402,40.73721535335381,-74.02886540972803,40.73879,-74.0393,member
77DC5DC832CF548C,classic_bike,2026-08-09 11:39:57.129,2026-08-09 11:47:09.130,Bergen Ave & Sip Ave,JC109,Pershing Field,JC024,40.73100888698729,-74.06443700194359,40.742677141,-74.051788633,member
81721AB30EB97F9C,classic_bike,2026-08-09 11:41:23.636,2026-08-09 11:45:30.619,Hamilton Park,JC009,Brunswick St,JC023,40.727595966,-74.044247311,40.7241765,-74.0506564,member
193F07AD5D63D24D,electric_bike,2026-08-09 11:43:21.362,2026-08-09 11:53:26.912,Bergen Ave & Sip Ave,JC109,Union St,JC051,40.73100888698729,-74.06443700194359,40.7182113,-74.0836394,member
B17F2A19FBD2EDAF,electric_bike,2026-08-09 11:47:25.789,2026-08-09 12:01:47.885,Grove St PATH,JC115,Mallory Ave & Roosevelt Ave,JC145,40.71941,-74.04309,40.72203,-74.08596,member
15B35E399D1BD5F7,electric_bike,2026-08-09 11:47:36.705,2026-08-09 12:01:51.899,Grove St PATH,JC115,Mallory Ave & Roosevelt Ave,JC145,40.71941,-74.04309,40.72203,-74.08596,member
1E7488CFDAA7913E,electric_bike,2026-08-09 11:48:22.597,2026-08-09 11:52:55.422,River St & 1 St,HB609,11 St & Washington St,HB502,40.73721535335381,-74.02886540972803,40.74998490907138,-74.02715027332306,member
3A47B4F1E01C4681,electric_bike,2026-08-09 11:52:53.865,2026-08-09 12:20:12.059,Hamilton Park,JC009,Grove St PATH,JC115,40.727595966,-74.044247311,40.71941,-74.04309,casual
C5B56BD218FE64C8,classic_bike,2026-08-09 11:53:54.749,2026-08-09 12:03:02.369,Hudson Pl & Hoboken Terminal,HB107,9 St HBLR - Jackson St & 8 St,HB305,40.73579286776364,-74.02837457573912,40.74790720968899,-74.03841152787209,member
4DFF86085E377257,classic_bike,2026-08-09 11:54:13.930,2026-08-09 12:01:35.073,Grove St PATH,JC115,Monmouth & 6th,JC075,40.71941,-74.04309,40.72568548362901,-74.04879033565521,member
D4AA1828C21383C5,classic_bike,2026-08-09 11:54:18.504,2026-08-09 11:57:20.855,Hudson Pl & Hoboken Terminal,HB107,4 St & River St,HB611,40.73579286776364,-74.02837457573912,40.7408139,-74.0274062,member
5B56923CB1D1B2FE,classic_bike,2026-08-09 11:56:29.634,2026-08-09 12:37:47.300,Hudson Pl & Hoboken Terminal,HB107,Clinton St & 7 St,HB303,40.73579286776364,-74.02837457573912,40.74542,-74.03332,casual
32185AD1D09D94B7,electric_bike,2026-08-09 11:57:43.809,2026-08-09 12:09:53.247,Hamilton Park,JC009,Riverview Park,JC057,40.727595966,-74.044247311,40.7443187,-74.0439909,member
F0AFD24D1B920756,classic_bike,2026-08-09 11:58:00.830,2026-08-09 12:04:35.544,River St & 1 St,HB609,Adams St & 2 St,HB407,40.73721535335381,-74.02886540972803,40.73981372311843,-74.03690412640572,casual
8F4851E3B2884336,electric_bike,2026-08-09 11:58:08.605,2026-08-09 12:05:50.604,River St & 1 St,HB609,14 St Ferry - 14 St & Shipyard Ln,HB202,40.73721535335381,-74.02886540972803,40.752960630464955,-74.02435272932053,casual
BD027BAC6C16818C,electric_bike,2026-08-09 11:58:44.659,2026-08-09 12:12:17.566,Bergen Ave & Sip Ave,JC109,Mallory Ave & Roosevelt Ave,JC145,40.73100888698729,-74.06443700194359,40.72203,-74.08596,member
93BC87C0A847E2A2,classic_bike,2026-08-09 12:02:12.725,2026-08-09 12:12:25.120,Hamilton Park,JC009,Hilltop,JC019,40.727595966,-74.044247311,40.7311689,-74.0575736,member
E1836D0A65D04B35,electric_bike,2026-08-09 12:02:38.629,2026-08-09 12:12:53.414,River St & 1 St,HB609,City Hall - Washington St & 1 St,HB105,40.73721535335381,-74.02886540972803,40.73736,-74.03097,member
B382267BFCEC9C7D,electric_bike,2026-08-09 12:10:17.452,2026-08-09 12:22:44.827,Hamilton Park,JC009,Pacific Ave & Communipaw Ave,JC118,40.727595966,-74.044247311,40.711354,-74.062446,casual
CE301BE5C2A1BF07,electric_bike,2026-08-09 12:15:15.421,2026-08-09 12:21:45.538,Hudson Pl & Hoboken Terminal,HB107,14 St Ferry - 14 St & Shipyard Ln,HB202,40.73579286776364,-74.02837457573912,40.752960630464955,-74.02435272932053,member
20B635A56403A2B3,electric_bike,2026-08-09 12:15:24.719,2026-08-09 12:23:03.295,Hamilton Park,JC009,5 Corners Library,JC018,40.727595966,-74.044247311,40.734961020009514,-74.0595030784607,member
ABE15EE022ECDD9F,electric_bike,2026-08-09 12:15:56.487,2026-08-09 12:21:50.174,Hudson Pl & Hoboken Terminal,HB107,14 St Ferry - 14 St & Shipyard Ln,HB202,40.73579286776364,-74.02837457573912,40.752960630464955,-74.02435272932053,member
9D204436E9149048,electric_bike,2026-08-09 12:17:31.352,2026-08-09 12:23:41.271,South Waterfront Walkway - Sinatra Dr & 1 St,HB103,Marshall St & 2 St,HB408,40.73698221818716,-74.02778059244156,40.740802,-74.042521,casual
2B6D125C1A9EE764,classic_bike,2026-08-09 12:20:26.007,2026-08-09 12:30:39.985,Hamilton Park,JC009,4 St & Grand St,HB301,40.727595966,-74.044247311,40.7422579775645,-74.03511106967926,member
E7B22D1CE4B0732D,classic_bike,2026-08-09 12:22:27.679,2026-08-09 12:34:08.498,Grove St PATH,JC115,Hamilton Park,JC009,40.71941,-74.04309,40.727595966,-74.044247311,member
1A36F166DD0398A8,electric_bike,2026-08-09 12:25:21.067,2026-08-09 12:35:36.495,Hamilton Park,JC009,Columbus Park - Clinton St & 9 St,HB501,40.727595966,-74.044247311,40.74816121065146,-74.0324530005455,casual
0C5B67E326149463,electric_bike,2026-08-09 12:29:39.491,2026-08-09 12:31:31.046,Bergen Ave & Sip Ave,JC109,Bergen Ave & Sip Ave,JC109,40.73100888698729,-74.06443700194359,40.73100888698729,-74.06443700194359,casual
FAA816AFFA2BE6FB,electric_bike,2026-08-09 12:31:45.643,2026-08-09 12:37:32.707,Bergen Ave & Sip Ave,JC109,Dey St,JC065,40.73100888698729,-74.06443700194359,40.737711,-74.066921,casual
E5531C08DCC7515F,electric_bike,2026-08-09 12:33:36.415,2026-08-09 12:39:52.746,Hudson Pl & Hoboken Terminal,HB107,12 St & Sinatra Dr N,HB201,40.73579286776364,-74.02837457573912,40.750604142368964,-74.02402013540268,casual
FEA14DF0B4204679,electric_bike,2026-08-09 12:33:38.397,2026-08-09 12:35:54.826,Hamilton Park,JC009,Newark Ave,JC032,40.727595966,-74.044247311,40.72152515,-74.046304543,member
A93D9517D61D0BF7,electric_bike,2026-08-09 12:35:25.336,2026-08-09 12:37:44.694,Grove St PATH,JC115,Marin Light Rail,JC013,40.71941,-74.04309,40.71458403535893,-74.04281705617905,member
2B6010D40B19CF02,electric_bike,2026-08-09 12:39:59.697,2026-08-09 12:45:14.705,Grove St PATH,JC115,Essex Light Rail,JC038,40.71941,-74.04309,40.7127742,-74.0364857,casual
92F062AA03CB9452,classic_bike,2026-08-09 12:40:11.796,2026-08-09 13:12:29.376,Bergen Ave & Sip Ave,JC109,Bergen Ave & Sip Ave,JC109,40.73100888698729,-74.06443700194359,40.73100888698729,-74.06443700194359,member
F6C7245D8E1301DB,classic_bike,2026-08-09 12:42:58.498,2026-08-09 12:46:18.724,Grove St PATH,JC115,Marin Light Rail,JC013,40.71941,-74.04309,40.71458403535893,-74.04281705617905,member
D30B1C233C917AAD,classic_bike,2026-08-09 12:48:01.119,2026-08-09 12:54:46.003,Hamilton Park,JC009,Newport Pkwy,JC008,40.727595966,-74.044247311,40.7287448,-74.0321082,member
EBA1EE66169DFE18,electric_bike,2026-08-09 12:48:07.257,2026-08-09 13:31:37.479,Hamilton Park,JC009,Hoboken Ave at Monmouth St,JC105,40.727595966,-74.044247311,40.73520838045357,-74.04696375131607,casual
C8F099938340FC0E,classic_bike,2026-08-09 12:52:44.601,2026-08-09 13:32:23.498,South Waterfront Walkway - Sinatra Dr & 1 St,HB103,Washington St & Morgan St,JC149,40.73698221818716,-74.02778059244156,40.719445793042716,-74.03689158686865,member
8DBF485A1360D1E4,classic_bike,2026-08-09 12:52:54.216,2026-08-09 13:32:18.184,South Waterfront Walkway - Sinatra Dr & 1 St,HB103,Washington St & Morgan St,JC149,40.73698221818716,-74.02778059244156,40.719445793042716,-74.03689158686865,member
1F413F18148CD6C7,classic_bike,2026-08-09 12:55:18.090,2026-08-09 13:22:38.210,Hamilton Park,JC009,Manila & 1st,JC082,40.727595966,-74.044247311,40.721650724879986,-74.04288411140442,member
A7829269A29739D2,electric_bike,2026-08-09 12:57:20.680,2026-08-09 13:06:11.376,Hamilton Park,JC009,Washington St,JC098,40.727595966,-74.044247311,40.7242941,-74.0354826,member
492FB3516EF3252D,electric_bike,2026-08-09 12:58:23.170,2026-08-09 13:06:01.866,Hamilton Park,JC009,Washington St,JC098,40.727595966,-74.044247311,40.7242941,-74.0354826,member
8B1EF7B8F3DAA091,electric_bike,2026-08-09 12:59:25.479,2026-08-09 13:09:16.230,Grove St PATH,JC115,Baldwin at Montgomery,JC020,40.71941,-74.04309,40.7236589,-74.0641943,member
81CB9533C5A07158,electric_bike,2026-08-09 13:00:39.342,2026-08-09 13:07:31.454,Hamilton Park,JC009,Montgomery St,JC099,40.727595966,-74.044247311,40.71942,-74.05099,member
FA7ECD687F38E80F,electric_bike,2026-08-09 13:01:53.723,2026-08-09 13:07:23.260,South Waterfront Walkway - Sinatra Dr & 1 St,HB103,12 St & Sinatra Dr N,HB201,40.73698221818716,-74.02778059244156,40.750604142368964,-74.02402013540268,member
EC2FAA29A90DDD64,electric_bike,2026-08-09 13:04:37.506,2026-08-09 13:10:43.898,Hamilton Park,JC009,Grand St,JC102,40.727595966,-74.044247311,40.71517767732029,-74.03768330812454,member
DB3267B7BFDFAC2F,electric_bike,2026-08-09 13:04:50.948,2026-08-09 13:17:21.739,Bergen Ave & Sip Ave,JC109,Bergen Ave & Sip Ave,JC109,40.73100888698729,-74.06443700194359,40.73100888698729,-74.06443700194359,casual
9572A7BD0534D681,electric_bike,2026-08-09 13:06:50.392,2026-08-09 13:14:36.732,South Waterfront Walkway - Sinatra Dr & 1 St,HB103,Marshall St & 2 St,HB408,40.73698221818716,-74.02778059244156,40.740802,-74.042521,casual
126A86A07EB25A40,classic_bike,2026-08-09 13:09:16.597,2026-08-09 13:12:40.258,Grove St PATH,JC115,Manila & 1st,JC082,40.71941,-74.04309,40.721650724879986,-74.04288411140442,member
5577DF0B4709F3EB,electric_bike,2026-08-09 13:09:18.738,2026-08-09 13:12:52.597,Grove St PATH,JC115,Exchange Pl,JC116,40.71941,-74.04309,40.71636596185077,-74.034343957901,member
C8940007B075C336,classic_bike,2026-08-09 13:12:53.426,2026-08-09 13:17:28.427,Grove St PATH,JC115,Dixon Mills,JC076,40.71941,-74.04309,40.721630142638354,-74.04996782541275,member
F9F0BCE77B17B73D,electric_bike,2026-08-09 13:14:19.114,2026-08-09 13:19:00.556,Bergen Ave & Sip Ave,JC109,Baldwin at Montgomery,JC020,40.73100888698729,-74.06443700194359,40.7236589,-74.0641943,member
FBB7D956BFE80972,classic_bike,2026-08-09 13:15:42.838,2026-08-09 13:19:25.047,Hamilton Park,JC009,Brunswick & 6th,JC081,40.727595966,-74.044247311,40.72601172964625,-74.05038893222809,casual
801CA2199D32EF3B,classic_bike,2026-08-09 13:22:49.761,2026-08-09 13:28:12.412,Grove St PATH,JC115,Grand St,JC102,40.71941,-74.04309,40.71517767732029,-74.03768330812454,member
2E5C1094B0A96D0D,classic_bike,2026-08-09 13:23:18.110,2026-08-09 13:28:08.247,Grove St PATH,JC115,Grand St,JC102,40.71941,-74.04309,40.71517767732029,-74.03768330812454,member
BBC206382D44D302,electric_bike,2026-08-09 13:24:05.467,2026-08-09 13:26:43.101,Hamilton Park,JC009,Manila & 1st,JC082,40.727595966,-74.044247311,40.721650724879986,-74.04288411140442,member
7A95D6512CEA3725,electric_bike,2026-08-09 13:24:48.222,2026-08-09 13:38:32.009,Hamilton Park,JC009,Riverview Park,JC057,40.727595966,-74.044247311,40.7443187,-74.0439909,casual
5FCFDBF95D0BC476,electric_bike,2026-08-09 13:25:18.749,2026-08-09 13:38:22.843,Hamilton Park,JC009,Riverview Park,JC057,40.727595966,-74.044247311,40.7443187,-74.0439909,casual
38AEF060855F2DB4,classic_bike,2026-08-09 13:25:43.578,2026-08-09 13:34:03.327,Grove St PATH,JC115,Liberty Light Rail,JC052,40.71941,-74.04309,40.7112423,-74.0557013,casual
3D85D64CFC44006D,electric_bike,2026-08-09 13:31:44.151,2026-08-09 13:51:28.866,Bergen Ave & Sip Ave,JC109,Exchange Pl,JC116,40.73100888698729,-74.06443700194359,40.71636596185077,-74.034343957901,casual
2D83EFE0288D5B60,electric_bike,2026-08-09 13:34:59.328,2026-08-09 13:39:34.258,Hamilton Park,JC009,Grove St PATH,JC115,40.727595966,-74.044247311,40.71941,-74.04309,member
3823A137F9890C95,electric_bike,2026-08-09 13:35:16.074,2026-08-09 13:37:42.230,South Waterfront Walkway - Sinatra Dr & 1 St,HB103,4 St & River St,HB611,40.73698221818716,-74.02778059244156,40.7408139,-74.0274062,casual
1FA7EA462F5E5ADD,electric_bike,2026-08-09 13:38:31.845,2026-08-09 13:41:31.713,Grove St PATH,JC115,Marin Light Rail,JC013,40.71941,-74.04309,40.71458403535893,-74.04281705617905,member
084C1F41474EA730,electric_bike,2026-08-09 13:42:41.504,2026-08-09 13:47:52.092,Grove St PATH,JC115,Hamilton Park,JC009,40.71941,-74.04309,40.727595966,-74.044247311,member
73752B250E7F2958,electric_bike,2026-08-09 13:45:36.442,2026-08-09 13:49:27.497,Grove St PATH,JC115,Brunswick St,JC023,40.71941,-74.04309,40.7241765,-74.0506564,member
7FE3C1B45E3D288C,electric_bike,2026-08-09 13:45:42.177,2026-08-09 13:49:30.678,Grove St PATH,JC115,Brunswick St,JC023,40.71941,-74.04309,40.7241765,-74.0506564,member
8D294D7274D87548,classic_bike,2026-08-09 13:50:47.786,2026-08-09 14:00:43.304,Hudson Pl & Hoboken Terminal,HB107,12 St & Sinatra Dr N,HB201,40.73579286776364,-74.02837457573912,40.750604142368964,-74.02402013540268,casual
1323B8910B79684E,classic_bike,2026-08-09 13:51:08.297,2026-08-09 14:00:40.894,Hudson Pl & Hoboken Terminal,HB107,12 St & Sinatra Dr N,HB201,40.73579286776364,-74.02837457573912,40.750604142368964,-74.02402013540268,member
231994B660612164,electric_bike,2026-08-09 13:52:32.667,2026-08-09 14:02:31.074,Hudson Pl & Hoboken Terminal,HB107,Bloomfield St & 15 St,HB203,40.73579286776364,-74.02837457573912,40.75453,-74.02658,casual
0BE5383660C0A94A,classic_bike,2026-08-09 13:52:48.803,2026-08-09 13:59:27.081,Hudson Pl & Hoboken Terminal,HB107,8 St & Washington St,HB603,40.73579286776364,-74.02837457573912,40.745983882915624,-74.02819901704788,member
708E568F4345FEF8,electric_bike,2026-08-09 13:53:21.015,2026-08-09 14:02:32.962,Hudson Pl & Hoboken Terminal,HB107,Bloomfield St & 15 St,HB203,40.73579286776364,-74.02837457573912,40.75453,-74.02658,member
447E703800EBB3A6,electric_bike,2026-08-09 13:53:36.438,2026-08-09 14:07:22.067,Hamilton Park,JC009,Willow Ave & 12 St,HB505,40.727595966,-74.044247311,40.7518674823282,-74.03037697076797,casual
EF38EF2959535663,electric_bike,2026-08-09 13:53:52.964,2026-08-09 14:07:33.417,Hamilton Park,JC009,Willow Ave & 12 St,HB505,40.727595966,-74.044247311,40.7518674823282,-74.03037697076797,casual
1E0828BD750029C5,electric_bike,2026-08-09 13:55:16.090,2026-08-09 13:59:13.735,River St & 1 St,HB609,4 St & Grand St,HB301,40.73721535335381,-74.02886540972803,40.7422579775645,-74.03511106967926,member
D28F1896DDC0866E,electric_bike,2026-08-09 13:59:33.958,2026-08-09 14:10:33.111,South Waterfront Walkway - Sinatra Dr & 1 St,HB103,Hilltop,JC019,40.73698221818716,-74.02778059244156,40.7311689,-74.0575736,member
01268F32648546C6,electric_bike,2026-08-09 14:03:37.145,2026-08-09 14:09:00.829,Grove St PATH,JC115,Brunswick & 6th,JC081,40.71941,-74.04309,40.72601172964625,-74.05038893222809,member
CA7FBDA78234D2F2,electric_bike,2026-08-09 14:04:13.839,2026-08-09 14:23:38.335,Hudson Pl & Hoboken Terminal,HB107,Dixon Mills,JC076,40.73579286776364,-74.02837457573912,40.721630142638354,-74.04996782541275,member
20AD1200311BB452,electric_bike,2026-08-09 14:05:37.097,2026-08-09 14:12:41.545,Hudson Pl & Hoboken Terminal,HB107,Clinton St & 7 St,HB303,40.73579286776364,-74.02837457573912,40.74542,-74.03332,casual
19591483C3CD97DF,electric_bike,2026-08-09 14:08:26.457,2026-08-09 14:14:45.773,River St & 1 St,HB609,Columbus Park - Clinton St & 9 St,HB501,40.73721535335381,-74.02886540972803,40.74816121065146,-74.0324530005455,member
5A93910A1E25F348,electric_bike,2026-08-09 14:14:44.266,2026-08-09 14:22:08.300,Hudson Pl & Hoboken Terminal,HB107,Southwest Park - Jackson St & Observer Hwy,HB401,40.73579286776364,-74.02837457573912,40.73755127245804,-74.04166370630264,member
1A4217C55AB43D0D,classic_bike,2026-08-09 14:18:12.165,2026-08-09 14:23:10.597,Hudson Pl & Hoboken Terminal,HB107,4 St & River St,HB611,40.73579286776364,-74.02837457573912,40.7408139,-74.0274062,member
E7B31862742C3FA2,electric_bike,2026-08-09 14:22:14.531,2026-08-09 14:30:28.770,Grove St PATH,JC115,Pacific Ave & Communipaw Ave,JC118,40.71941,-74.04309,40.711354,-74.062446,member
4FD5E006DE9D3EC4,electric_bike,2026-08-09 14:31:39.651,2026-08-09 14:44:04.679,Hudson Pl & Hoboken Terminal,HB107,Willow Ave & 12 St,HB505,40.73579286776364,-74.02837457573912,40.7518674823282,-74.03037697076797,casual
4A0714518D12AEFE,electric_bike,2026-08-09 14:31:49.930,2026-08-09 14:36:59.831,Bergen Ave & Sip Ave,JC109,Glenwood Ave,JC094,40.73100888698729,-74.06443700194359,40.72755146730012,-74.07106071710587,casual
78A562BC76BEACF2,electric_bike,2026-08-09 14:32:48.581,2026-08-09 14:35:42.837,Grove St PATH,JC115,Montgomery St,JC099,40.71941,-74.04309,40.71942,-74.05099,member
F3F84907BC65F133,electric_bike,2026-08-09 14:34:52.419,2026-08-09 14:43:22.812,Hudson Pl & Hoboken Terminal,HB107,Southwest Park - Jackson St & Observer Hwy,HB401,40.73579286776364,-74.02837457573912,40.73755127245804,-74.04166370630264,member
73A2E1E6EE39767B,electric_bike,2026-08-09 14:36:23.237,2026-08-09 14:48:22.610,Hudson Pl & Hoboken Terminal,HB107,Marin Light Rail,JC013,40.73579286776364,-74.02837457573912,40.71458403535893,-74.04281705617905,casual
5339EED579BBC46B,electric_bike,2026-08-09 14:36:29.666,2026-08-09 14:50:31.836,Hamilton Park,JC009,Glenwood Ave,JC094,40.727595966,-74.044247311,40.72755146730012,-74.07106071710587,member
A268F076CDAA7C90,electric_bike,2026-08-09 14:36:33.913,2026-08-09 14:44:26.925,Grove St PATH,JC115,Pacific Ave & Communipaw Ave,JC118,40.71941,-74.04309,40.711354,-74.062446,member
42609F6A3AE91B9F,electric_bike,2026-08-09 14:36:35.107,2026-08-09 14:48:27.443,Hudson Pl & Hoboken Terminal,HB107,Marin Light Rail,JC013,40.73579286776364,-74.02837457573912,40.71458403535893,-74.04281705617905,casual
3968A069D7BFF09A,classic_bike,2026-08-09 14:36:50.669,2026-08-09 14:39:58.402,Grove St PATH,JC115,Washington St & Morgan St,JC149,40.71941,-74.04309,40.719445793042716,-74.03689158686865,member
2BBE2C986D2D7524,electric_bike,2026-08-09 14:37:35.400,2026-08-09 14:40:42.993,Grove St PATH,JC115,Marin Light Rail,JC013,40.71941,-74.04309,40.71458403535893,-74.04281705617905,member
3FC33B22485E700B,classic_bike,2026-08-09 14:38:31.008,2026-08-09 14:40:11.349,Grove St PATH,JC115,Columbus Drive,JC014,40.71941,-74.04309,40.71835519823214,-74.03891444206238,member
60A676CEF2E8CAB7,electric_bike,2026-08-09 14:40:02.063,2026-08-09 14:46:37.125,Hamilton Park,JC009,Washington St & Morgan St,JC149,40.727595966,-74.044247311,40.719445793042716,-74.03689158686865,member
1AFE9B10509B0C46,electric_bike,2026-08-09 14:43:17.777,2026-08-09 14:48:33.117,South Waterfront Walkway - Sinatra Dr & 1 St,HB103,Adams St & 2 St,HB407,40.73698221818716,-74.02778059244156,40.73981372311843,-74.03690412640572,member
E8C8D9257ACD6345,electric_bike,2026-08-09 14:43:46.802,2026-08-09 14:48:40.814,South Waterfront Walkway - Sinatra Dr & 1 St,HB103,Adams St & 2 St,HB407,40.73698221818716,-74.02778059244156,40.73981372311843,-74.03690412640572,casual
3D33C74A48FB6B96,electric_bike,2026-08-09 14:43:59.087,2026-08-09 14:46:53.425,Grove St PATH,JC115,JC Medical Center,JC110,40.71941,-74.04309,40.71539114317,-74.04969155788422,member
7422EEC9A3998993,electric_bike,2026-08-09 14:44:48.747,2026-08-09 14:49:54.940,Hamilton Park,JC009,Grove St PATH,JC115,40.727595966,-74.044247311,40.71941,-74.04309,member
D73336FE4ACA544A,electric_bike,2026-08-09 14:45:29.093,2026-08-09 14:50:30.938,River St & 1 St,HB609,12 St & Sinatra Dr N,HB201,40.73721535335381,-74.02886540972803,40.750604142368964,-74.02402013540268,member
0E1B22AF771928B8,electric_bike,2026-08-09 14:47:31.957,2026-08-09 14:53:22.308,Grove St PATH,JC115,Newport PATH,JC066,40.71941,-74.04309,40.7272235,-74.0337589,member
88693677027F291B,electric_bike,2026-08-09 14:47:45.364,2026-08-09 14:54:50.153,River St & 1 St,HB609,8 St & Washington St,HB603,40.73721535335381,-74.02886540972803,40.745983882915624,-74.02819901704788,member
FC726C9389E03FB5,electric_bike,2026-08-09 14:48:19.963,2026-08-09 14:55:27.287,Bergen Ave & Sip Ave,JC109,Newark Ave,JC032,40.73100888698729,-74.06443700194359,40.72152515,-74.046304543,casual
5A2E33C870503CB6,electric_bike,2026-08-09 14:51:24.000,2026-08-09 14:59:05.169,River St & 1 St,HB609,9 St HBLR - Jackson St & 8 St,HB305,40.73721535335381,-74.02886540972803,40.74790720968899,-74.03841152787209,member
7AF2970FA1445849,classic_bike,2026-08-09 14:54:05.772,2026-08-09 15:01:18.189,River St & 1 St,HB609,Newport Pkwy,JC008,40.73721535335381,-74.02886540972803,40.7287448,-74.0321082,member
8D137907FCC91225,classic_bike,2026-08-09 14:54:09.017,2026-08-09 15:01:19.934,River St & 1 St,HB609,Newport Pkwy,JC008,40.73721535335381,-74.02886540972803,40.7287448,-74.0321082,member
5FF34A78466A9DB3,electric_bike,2026-08-09 14:55:40.074,2026-08-09 14:58:06.569,Grove St PATH,JC115,Marin Light Rail,JC013,40.71941,-74.04309,40.71458403535893,-74.04281705617905,member
E6786F9CAFBFDEAD,classic_bike,2026-08-09 14:55:50.498,2026-08-09 15:11:21.994,River St & 1 St,HB609,Bloomfield St & 15 St,HB203,40.73721535335381,-74.02886540972803,40.75453,-74.02658,casual
9189D62F66AA1839,classic_bike,2026-08-09 14:56:22.730,2026-08-09 15:11:13.883,River St & 1 St,HB609,Bloomfield St & 15 St,HB203,40.73721535335381,-74.02886540972803,40.75453,-74.02658,member
4D5EB7DFE9294B99,electric_bike,2026-08-09 14:57:20.598,2026-08-09 15:06:40.821,River St & 1 St,HB609,11 St & Washington St,HB502,40.73721535335381,-74.02886540972803,40.74998490907138,-74.02715027332306,member
641B778B9ECE507F,electric_bike,2026-08-09 14:57:43.373,2026-08-09 15:08:50.803,Hudson Pl & Hoboken Terminal,HB107,Mama Johnson Field - 4 St & Jackson St,HB404,40.73579286776364,-74.02837457573912,40.74313993965626,-74.04004096984863,casual
851BCF56E56F7F1E,classic_bike,2026-08-09 14:58:40.489,2026-08-09 15:10:14.018,Grove St PATH,JC115,Columbus Drive,JC014,40.71941,-74.04309,40.71835519823214,-74.03891444206238,member
6091EFC5C7B615EB,classic_bike,2026-08-09 14:59:56.413,2026-08-09 15:06:29.404,South Waterfront Walkway - Sinatra Dr & 1 St,HB103,Newport Pkwy,JC008,40.73698221818716,-74.02778059244156,40.7287448,-74.0321082,member
80E5E02FF276090A,electric_bike,2026-08-09 15:00:06.828,2026-08-09 15:05:30.698,River St & 1 St,HB609,11 St & Washington St,HB502,40.73721535335381,-74.02886540972803,40.74998490907138,-74.02715027332306,member
68E8F25330AB3F1A,classic_bike,2026-08-09 15:01:28.224,2026-08-09 15:45:37.261,South Waterfront Walkway - Sinatra Dr & 1 St,HB103,6 St & Grand St,HB302,40.73698221818716,-74.02778059244156,40.744397833095604,-74.03450086712837,member
41A0DA177DC4894A,electric_bike,2026-08-09 15:01:54.128,2026-08-09 15:12:45.483,River St & 1 St,HB609,14 St Ferry - 14 St & Shipyard Ln,HB202,40.73721535335381,-74.02886540972803,40.752960630464955,-74.02435272932053,casual
CE05BB50A4B4D769,classic_bike,2026-08-09 15:02:02.875,2026-08-09 15:05:50.891,Hamilton Park,JC009,Grove St PATH,JC115,40.727595966,-74.044247311,40.71941,-74.04309,member
B629E21508ECE749,electric_bike,2026-08-09 15:02:16.592,2026-08-09 15:12:51.352,River St & 1 St,HB609,14 St Ferry - 14 St & Shipyard Ln,HB202,40.73721535335381,-74.02886540972803,40.752960630464955,-74.02435272932053,casual
F2B146C8FB29C46F,classic_bike,2026-08-09 15:05:08.381,2026-08-09 15:08:33.056,River St & 1 St,HB609,4 St & River St,HB611,40.73721535335381,-74.02886540972803,40.7408139,-74.0274062,member
63B8269B814A97DC,classic_bike,2026-08-09 15:05:33.393,2026-08-09 15:12:59.594,South Waterfront Walkway - Sinatra Dr & 1 St,HB103,14 St Ferry - 14 St & Shipyard Ln,HB202,40.73698221818716,-74.02778059244156,40.752960630464955,-74.02435272932053,member
7E89326199562BE1,electric_bike,2026-08-09 15:05:57.840,2026-08-09 15:19:46.866,River St & 1 St,HB609,Madison St & 10 St,HB503,40.73721535335381,-74.02886540972803,40.74994325412246,-74.03586477041245,member
D29FDF201340552D,electric_bike,2026-08-09 15:08:36.680,2026-08-09 15:17:00.950,Hamilton Park,JC009,5 Corners Library,JC018,40.727595966,-74.044247311,40.734961020009514,-74.0595030784607,member
8D1523DB7319789A,electric_bike,2026-08-09 15:10:31.103,2026-08-09 15:16:00.533,River St & 1 St,HB609,6 St & Grand St,HB302,40.73721535335381,-74.02886540972803,40.744397833095604,-74.03450086712837,member
55907F6ABAC019E6,electric_bike,2026-08-09 15:10:43.484,2026-08-09 15:15:50.244,River St & 1 St,HB609,6 St & Grand St,HB302,40.73721535335381,-74.02886540972803,40.744397833095604,-74.03450086712837,member
E5D867783EEA1A8B,classic_bike,2026-08-09 15:11:28.911,2026-08-09 15:27:03.088,Hudson Pl & Hoboken Terminal,HB107,Bloomfield St & 15 St,HB203,40.73579286776364,-74.02837457573912,40.75453,-74.02658,member
FF14E6F7E6B24830,electric_bike,2026-08-09 15:12:07.663,2026-08-09 15:18:05.513,Hudson Pl & Hoboken Terminal,HB107,Southwest Park - Jackson St & Observer Hwy,HB401,40.73579286776364,-74.02837457573912,40.73755127245804,-74.04166370630264,casual
C40176A8C4D43D0D,electric_bike,2026-08-09 15:15:33.426,2026-08-09 15:23:32.720,Hudson Pl & Hoboken Terminal,HB107,14 St Ferry - 14 St & Shipyard Ln,HB202,40.73579286776364,-74.02837457573912,40.752960630464955,-74.02435272932053,member
52353A47006489F7,electric_bike,2026-08-09 15:17:06.743,2026-08-09 15:33:27.920,Grove St PATH,JC115,Danforth Light Rail,JC139,40.71941,-74.04309,40.69277,-74.0878,member
4DBB70B8A56AC5DD,classic_bike,2026-08-09 15:17:58.858,2026-08-09 15:23:41.677,Grove St PATH,JC115,Hamilton Park,JC009,40.71941,-74.04309,40.727595966,-74.044247311,member
701A54E76CDACC78,classic_bike,2026-08-09 15:18:01.363,2026-08-09 15:23:30.785,Grove St PATH,JC115,Hamilton Park,JC009,40.71941,-74.04309,40.727595966,-74.044247311,member
55AB2907F51FDD6D,classic_bike,2026-08-09 15:18:11.778,2026-08-09 15:23:54.670,Grove St PATH,JC115,Hamilton Park,JC009,40.71941,-74.04309,40.727595966,-74.044247311,casual
9A59B1EAB6366D24,classic_bike,2026-08-09 15:18:22.798,2026-08-09 15:23:43.961,Grove St PATH,JC115,Hamilton Park,JC009,40.71941,-74.04309,40.727595966,-74.044247311,member
9634BBA9DFA27ECA,electric_bike,2026-08-09 15:22:13.401,2026-08-09 15:32:54.428,South Waterfront Walkway - Sinatra Dr & 1 St,HB103,14 St Ferry - 14 St & Shipyard Ln,HB202,40.73698221818716,-74.02778059244156,40.752960630464955,-74.02435272932053,casual
CAD56589C367483E,electric_bike,2026-08-09 15:22:43.458,2026-08-09 15:25:57.017,Bergen Ave & Sip Ave,JC109,Baldwin at Montgomery,JC020,40.73100888698729,-74.06443700194359,40.7236589,-74.0641943,member
937E60B529D9343B,classic_bike,2026-08-09 15:24:23.571,2026-08-09 15:40:39.211,Hamilton Park,JC009,14 St Ferry - 14 St & Shipyard Ln,HB202,40.727595966,-74.044247311,40.752960630464955,-74.02435272932053,member
286C9C681416D709,classic_bike,2026-08-09 15:28:57.128,2026-08-09 15:31:59.957,Hamilton Park,JC009,Jersey & 3rd,JC074,40.727595966,-74.044247311,40.72333158646436,-74.04595255851744,member
A68A39C9056CEBC8,electric_bike,2026-08-09 15:29:44.337,2026-08-09 15:50:18.195,Bergen Ave & Sip Ave,JC109,Clinton St & Newark St,HB409,40.73100888698729,-74.06443700194359,40.73743,-74.03571,casual
3EEAAD0D881E4D30,electric_bike,2026-08-09 15:32:50.888,2026-08-09 15:43:44.873,Hudson Pl & Hoboken Terminal,HB107,Madison St & 1 St,HB402,40.73579286776364,-74.02837457573912,40.73879,-74.0393,casual
DDA4502B1D4FD71B,classic_bike,2026-08-09 15:36:58.062,2026-08-09 15:50:19.934,Hamilton Park,JC009,Hamilton Park,JC009,40.727595966,-74.044247311,40.727595966,-74.044247311,member
3E6E83FAEFE1A4C0,electric_bike,2026-08-09 15:37:16.625,2026-08-09 15:44:07.265,River St & 1 St,HB609,Marshall St & 2 St,HB408,40.73721535335381,-74.02886540972803,40.740802,-74.042521,casual
6DD92E40558849AE,electric_bike,2026-08-09 15:38:09.537,2026-08-09 15:44:15.574,Grove St PATH,JC115,Dr. Lena Edwards Park,JC117,40.71941,-74.04309,40.713203,-74.058261,casual
13EC5CC6BFF424BA,classic_bike,2026-08-09 15:39:11.026,2026-08-09 15:46:32.493,River St & 1 St,HB609,Newport Pkwy,JC008,40.73721535335381,-74.02886540972803,40.7287448,-74.0321082,member
D776BD882BDEBB30,electric_bike,2026-08-09 15:39:22.448,2026-08-09 15:52:23.282,Bergen Ave & Sip Ave,JC109,Bergen Ave & Stegman St,JC108,40.73100888698729,-74.06443700194359,40.70657545063453,-74.0867006778717,casual
5A951BD69BC1CA5A,electric_bike,2026-08-09 15:39:39.319,2026-08-09 15:46:47.186,South Waterfront Walkway - Sinatra Dr & 1 St,HB103,14 St Ferry - 14 St & Shipyard Ln,HB202,40.73698221818716,-74.02778059244156,40.752960630464955,-74.02435272932053,member
E21BBC08A5A27E72,electric_bike,2026-08-09 15:42:45.653,2026-08-09 15:50:19.965,Bergen Ave & Sip Ave,JC109,Mallory Ave & Roosevelt Ave,JC145,40.73100888698729,-74.06443700194359,40.72203,-74.08596,casual
3F3E682C79BF9CBC,electric_bike,2026-08-09 15:43:30.707,2026-08-09 15:50:17.757,Bergen Ave & Sip Ave,JC109,Newark Ave,JC032,40.73100888698729,-74.06443700194359,40.72152515,-74.046304543,member
032E3D1ECD972344,electric_bike,2026-08-09 15:44:10.064,2026-08-09 16:07:15.481,Hamilton Park,JC009,Brunswick St,JC023,40.727595966,-74.044247311,40.7241765,-74.0506564,member
9B74C0DD1822493A,electric_bike,2026-08-09 15:45:08.187,2026-08-09 15:57:45.849,Grove St PATH,JC115,MLK Dr & Bayview Ave,JC143,40.71941,-74.04309,40.7071,-74.08335,member
CBC24E3602A695CA,electric_bike,2026-08-09 15:45:47.910,2026-08-09 15:51:52.584,Hudson Pl & Hoboken Terminal,HB107,4 St & Grand St,HB301,40.73579286776364,-74.02837457573912,40.7422579775645,-74.03511106967926,casual
2F9DE3A960BFA26B,classic_bike,2026-08-09 15:48:55.080,2026-08-09 15:54:47.638,Bergen Ave & Sip Ave,JC109,Lincoln Park,JC053,40.73100888698729,-74.06443700194359,40.7246050998869,-74.07840594649315,member
1B727889B20C3393,electric_bike,2026-08-09 15:49:30.617,2026-08-09 16:01:41.311,Bergen Ave & Sip Ave,JC109,McGinley Square,JC055,40.73100888698729,-74.06443700194359,40.7253399253558,-74.06762212514877,casual
FDFCE455B8493366,electric_bike,2026-08-09 15:50:22.324,2026-08-09 15:53:48.887,Hamilton Park,JC009,Manila & 1st,JC082,40.727595966,-74.044247311,40.721650724879986,-74.04288411140442,member
775E3C71E8B74781,electric_bike,2026-08-09 15:50:46.180,2026-08-09 16:03:05.646,Bergen Ave & Sip Ave,JC109,West Side Ave Light Rail,JC124,40.73100888698729,-74.06443700194359,40.714964,-74.08829,member
7935AD9DBFF51682,electric_bike,2026-08-09 15:50:56.164,2026-08-09 15:59:41.334,South Waterfront Walkway - Sinatra Dr & 1 St,HB103,12 St & Sinatra Dr N,HB201,40.73698221818716,-74.02778059244156,40.750604142368964,-74.02402013540268,casual
2A16352D7FD0F469,classic_bike,2026-08-09 15:51:48.748,2026-08-09 15:58:37.730,Bergen Ave & Sip Ave,JC109,Lincoln Park,JC053,40.73100888698729,-74.06443700194359,40.7246050998869,-74.07840594649315,member
8440A206E399714F,electric_bike,2026-08-09 15:55:13.288,2026-08-09 16:18:54.703,River St & 1 St,HB609,Madison St & 10 St,HB503,40.73721535335381,-74.02886540972803,40.74994325412246,-74.03586477041245,casual
01C805D804E37959,electric_bike,2026-08-09 15:56:20.006,2026-08-09 16:00:37.066,River St & 1 St,HB609,Mama Johnson Field - 4 St & Jackson St,HB404,40.73721535335381,-74.02886540972803,40.74313993965626,-74.04004096984863,casual
49DAA416976218D8,classic_bike,2026-08-09 15:58:30.440,2026-08-09 16:00:57.048,River St & 1 St,HB609,River St & 1 St,HB609,40.73721535335381,-74.02886540972803,40.73721535335381,-74.02886540972803,casual
29EB175279D18AD9,classic_bike,2026-08-09 16:02:55.007,2026-08-09 16:09:17.259,River St & 1 St,HB609,4 St & River St,HB611,40.73721535335381,-74.02886540972803,40.7408139,-74.0274062,casual
C4E2E83EBBC72870,classic_bike,2026-08-09 16:03:15.049,2026-08-09 16:11:57.120,Grove St PATH,JC115,Lafayette Park,JC078,40.71941,-74.04309,40.71346382669195,-74.06285852193832,member
5E4CB6C5B766F96A,electric_bike,2026-08-09 16:04:55.707,2026-08-09 16:14:31.981,Grove St PATH,JC115,Arlington Ave & Bramhall Ave,JC120,40.71941,-74.04309,40.713225,-74.070645,member
BEB720085A0718F7,electric_bike,2026-08-09 16:05:10.060,2026-08-09 16:11:03.675,River St & 1 St,HB609,9 St HBLR - Jackson St & 8 St,HB305,40.73721535335381,-74.02886540972803,40.74790720968899,-74.03841152787209,member
B685BCCA9F98267A,electric_bike,2026-08-09 16:05:29.582,2026-08-09 16:14:19.732,Hudson Pl & Hoboken Terminal,HB107,Willow Ave & 12 St,HB505,40.73579286776364,-74.02837457573912,40.7518674823282,-74.03037697076797,member
1083E1934E08769D,classic_bike,2026-08-09 16:05:35.661,2026-08-09 16:09:36.515,River St & 1 St,HB609,4 St & River St,HB611,40.73721535335381,-74.02886540972803,40.7408139,-74.0274062,casual
1D088B0CF3AC09E5,classic_bike,2026-08-09 16:07:13.402,2026-08-09 16:17:21.348,Bergen Ave & Sip Ave,JC109,Columbus Drive,JC014,40.73100888698729,-74.06443700194359,40.71835519823214,-74.03891444206238,member
AEB07A2F29EFCE68,electric_bike,2026-08-09 16:12:00.816,2026-08-09 16:17:48.176,Hamilton Park,JC009,Washington St & Morgan St,JC149,40.727595966,-74.044247311,40.719445793042716,-74.03689158686865,member
BA5544C0E24B9B29,classic_bike,2026-08-09 16:13:10.291,2026-08-09 16:20:51.366,Hamilton Park,JC009,Columbus Drive,JC014,40.727595966,-74.044247311,40.71835519823214,-74.03891444206238,member
3819FB3D497A9FA4,electric_bike,2026-08-09 16:15:59.296,2026-08-09 16:18:37.515,River St & 1 St,HB609,Adams St & 2 St,HB407,40.73721535335381,-74.02886540972803,40.73981372311843,-74.03690412640572,member
85D9525B3942071F,electric_bike,2026-08-09 16:18:01.245,2026-08-09 16:23:37.299,River St & 1 St,HB609,12 St & Sinatra Dr N,HB201,40.73721535335381,-74.02886540972803,40.750604142368964,-74.02402013540268,member
B872931830408DD8,classic_bike,2026-08-09 16:20:09.041,2026-08-09 16:29:56.209,Hudson Pl & Hoboken Terminal,HB107,12 St & Sinatra Dr N,HB201,40.73579286776364,-74.02837457573912,40.750604142368964,-74.02402013540268,casual
49D194371D08856D,classic_bike,2026-08-09 16:25:09.642,2026-08-09 16:29:59.756,Hamilton Park,JC009,Manila & 1st,JC082,40.727595966,-74.044247311,40.721650724879986,-74.04288411140442,member
55D5A4C6EB20AE8A,classic_bike,2026-08-09 16:25:23.282,2026-08-09 16:49:28.440,Hamilton Park,JC009,Brunswick St,JC023,40.727595966,-74.044247311,40.7241765,-74.0506564,member
436B27EC8C9B153F,electric_bike,2026-08-09 16:27:07.106,2026-08-09 16:37:38.352,Bergen Ave & Sip Ave,JC109,Hamilton Park,JC009,40.73100888698729,-74.06443700194359,40.727595966,-74.044247311,member
A3EDF0C53E74046A,electric_bike,2026-08-09 16:27:45.894,2026-08-09 16:31:26.808,River St & 1 St,HB609,Adams St & 2 St,HB407,40.73721535335381,-74.02886540972803,40.73981372311843,-74.03690412640572,member
F2A05829D51693B9,electric_bike,2026-08-09 16:35:09.820,2026-08-09 16:40:38.725,River St & 1 St,HB609,Bloomfield St & 15 St,HB203,40.73721535335381,-74.02886540972803,40.75453,-74.02658,casual
A3B990987C03FA2D,electric_bike,2026-08-09 16:37:26.021,2026-08-09 16:43:20.614,River St & 1 St,HB609,11 St & Washington St,HB502,40.73721535335381,-74.02886540972803,40.74998490907138,-74.02715027332306,casual
F467ECEF819AD6DD,classic_bike,2026-08-09 16:39:08.288,2026-08-09 16:48:33.892,Hudson Pl & Hoboken Terminal,HB107,8 St & Washington St,HB603,40.73579286776364,-74.02837457573912,40.745983882915624,-74.02819901704788,casual
DA315D3B83A36CF2,classic_bike,2026-08-09 16:39:46.213,2026-08-09 16:55:18.892,Bergen Ave & Sip Ave,JC109,Columbus Drive,JC014,40.73100888698729,-74.06443700194359,40.71835519823214,-74.03891444206238,member
297AD8B2A17FD5E8,electric_bike,2026-08-09 16:44:24.227,2026-08-09 16:49:06.598,Grove St PATH,JC115,JC Medical Center,JC110,40.71941,-74.04309,40.71539114317,-74.04969155788422,member
4B3DDF9E4D71BA09,classic_bike,2026-08-09 16:45:35.837,2026-08-09 16:53:15.645,South Waterfront Walkway - Sinatra Dr & 1 St,HB103,Madison St & 1 St,HB402,40.73698221818716,-74.02778059244156,40.73879,-74.0393,member
E7EF98EF06C550BB,electric_bike,2026-08-09 16:45:48.219,2026-08-09 16:59:43.530,Grove St PATH,JC115,8 St & Washington St,HB603,40.71941,-74.04309,40.745983882915624,-74.02819901704788,member
2DB41F03E775E713,electric_bike,2026-08-09 16:45:57.576,2026-08-09 17:04:47.905,Hamilton Park,JC009,Madison St & 10 St,HB503,40.727595966,-74.044247311,40.74994325412246,-74.03586477041245,member
38B3E7F6026E47FE,electric_bike,2026-08-09 16:46:40.220,2026-08-09 16:54:12.770,River St & 1 St,HB609,Bloomfield St & 15 St,HB203,40.73721535335381,-74.02886540972803,40.75453,-74.02658,member
313E2A3872F69892,electric_bike,2026-08-09 16:49:40.518,2026-08-09 17:11:17.047,Bergen Ave & Sip Ave,JC109,12 St & Sinatra Dr N,HB201,40.73100888698729,-74.06443700194359,40.750604142368964,-74.02402013540268,casual
FF9EA3B4D69E1E21,classic_bike,2026-08-09 16:49:58.391,2026-08-09 16:56:12.825,Bergen Ave & Sip Ave,JC109,Bergen Ave,JC095,40.73100888698729,-74.06443700194359,40.722103786686034,-74.07145500183105,casual
8C658E713E5CF537,electric_bike,2026-08-09 16:50:40.690,2026-08-09 16:56:24.115,Bergen Ave & Sip Ave,JC109,Baldwin at Montgomery,JC020,40.73100888698729,-74.06443700194359,40.7236589,-74.0641943,member
FB37C8453B7131D6,classic_bike,2026-08-09 16:52:41.035,2026-08-09 16:59:55.149,Hudson Pl & Hoboken Terminal,HB107,Clinton St & 7 St,HB303,40.73579286776364,-74.02837457573912,40.74542,-74.03332,member
201D7DA0F22E9C20,classic_bike,2026-08-09 16:57:12.884,2026-08-09 17:22:46.407,Hudson Pl & Hoboken Terminal,HB107,4 St & River St,HB611,40.73579286776364,-74.02837457573912,40.7408139,-74.0274062,casual
17F13E710AAA0360,classic_bike,2026-08-09 16:57:47.270,2026-08-09 17:10:49.801,Grove St PATH,JC115,7 St & Monroe St,HB304,40.71941,-74.04309,40.74641264837719,-74.03797701001167,member
5E708133959E26E9,electric_bike,2026-08-09 16:58:22.950,2026-08-09 17:05:49.309,River St & 1 St,HB609,Columbus Park - Clinton St & 9 St,HB501,40.73721535335381,-74.02886540972803,40.74816121065146,-74.0324530005455,casual
0F5290B370FAF9EC,classic_bike,2026-08-09 17:03:10.651,2026-08-09 17:07:38.282,Grove St PATH,JC115,York St & Marin Blvd,JC097,40.71941,-74.04309,40.716615000830494,-74.0424120426178,member
69AC1C8F829448FD,classic_bike,2026-08-09 17:05:02.828,2026-08-09 17:08:28.839,Hudson Pl & Hoboken Terminal,HB107,4 St & River St,HB611,40.73579286776364,-74.02837457573912,40.7408139,-74.0274062,member
232B6C6C6C615787,electric_bike,2026-08-09 17:08:24.406,2026-08-09 17:24:56.145,South Waterfront Walkway - Sinatra Dr & 1 St,HB103,Southwest Park - Jackson St & Observer Hwy,HB401,40.73698221818716,-74.02778059244156,40.73755127245804,-74.04166370630264,member
D1B3CB1DF599FD4F,electric_bike,2026-08-09 17:13:09.147,2026-08-09 17:18:57.711,Grove St PATH,JC115,Dr. Lena Edwards Park,JC117,40.71941,-74.04309,40.713203,-74.058261,member
5CA873F28AAFFD4D,electric_bike,2026-08-09 17:17:21.330,2026-08-09 17:24:36.201,River St & 1 St,HB609,Marshall St & 2 St,HB408,40.73721535335381,-74.02886540972803,40.740802,-74.042521,casual
6478314A2F8FC9E7,electric_bike,2026-08-09 17:21:04.949,2026-08-09 17:25:45.945,River St & 1 St,HB609,Madison St & 1 St,HB402,40.73721535335381,-74.02886540972803,40.73879,-74.0393,casual
1E3174362E62F7CB,classic_bike,2026-08-09 17:21:24.679,2026-08-09 17:27:35.737,Hudson Pl & Hoboken Terminal,HB107,Newport Pkwy,JC008,40.73579286776364,-74.02837457573912,40.7287448,-74.0321082,member
430F09C00FEE1751,classic_bike,2026-08-09 17:22:40.029,2026-08-09 17:27:36.704,Grove St PATH,JC115,Exchange Pl,JC116,40.71941,-74.04309,40.71636596185077,-74.034343957901,member
3465CEDE650AEEC0,classic_bike,2026-08-09 17:23:10.670,2026-08-09 17:24:22.194,Grove St PATH,JC115,City Hall,JC003,40.71941,-74.04309,40.7177325,-74.043845,member
14E60801C77839CF,electric_bike,2026-08-09 17:24:00.595,2026-08-09 17:30:31.867,Bergen Ave & Sip Ave,JC109,Lincoln Park,JC053,40.73100888698729,-74.06443700194359,40.7246050998869,-74.07840594649315,casual
10D3505773526037,electric_bike,2026-08-09 17:24:51.836,2026-08-09 17:27:54.310,Bergen Ave & Sip Ave,JC109,Fairmount Ave,JC093,40.73100888698729,-74.06443700194359,40.72572613742557,-74.07195925712585,member
7F9E7781DE6D5CBE,electric_bike,2026-08-09 17:25:13.654,2026-08-09 17:36:47.660,Hudson Pl & Hoboken Terminal,HB107,Morris Canal,JC072,40.73579286776364,-74.02837457573912,40.7124188237569,-74.03852552175522,member
D65C165297AF8007,classic_bike,2026-08-09 17:26:45.728,2026-08-09 17:27:47.355,Grove St PATH,JC115,City Hall,JC003,40.71941,-74.04309,40.7177325,-74.043845,member
F529A840375DCB8F,electric_bike,2026-08-09 17:27:28.410,2026-08-09 17:33:04.769,River St & 1 St,HB609,Mama Johnson Field - 4 St & Jackson St,HB404,40.73721535335381,-74.02886540972803,40.74313993965626,-74.04004096984863,casual
49F3F62E31201742,classic_bike,2026-08-09 17:30:05.973,2026-08-09 17:31:08.381,Grove St PATH,JC115,City Hall,JC003,40.71941,-74.04309,40.7177325,-74.043845,member
E3A6D8FAB260FF55,electric_bike,2026-08-09 17:31:26.508,2026-08-09 17:44:03.601,River St & 1 St,HB609,Columbus Drive,JC014,40.73721535335381,-74.02886540972803,40.71835519823214,-74.03891444206238,casual
79FF8BD182859EDD,classic_bike,2026-08-09 17:33:25.738,2026-08-09 17:35:58.925,Grove St PATH,JC115,Columbus Drive,JC014,40.71941,-74.04309,40.71835519823214,-74.03891444206238,member
E31CBF7FA70613FF,classic_bike,2026-08-09 17:33:30.025,2026-08-09 17:45:50.032,Hudson Pl & Hoboken Terminal,HB107,14 St Ferry - 14 St & Shipyard Ln,HB202,40.73579286776364,-74.02837457573912,40.752960630464955,-74.02435272932053,casual
5B0B8FDAF4445DA9,electric_bike,2026-08-09 17:33:57.033,2026-08-09 18:06:54.490,River St & 1 St,HB609,4 St & River St,HB611,40.73721535335381,-74.02886540972803,40.7408139,-74.0274062,member
2D3050A404F50DAF,electric_bike,2026-08-09 17:34:00.546,2026-08-09 17:45:47.204,Hudson Pl & Hoboken Terminal,HB107,14 St Ferry - 14 St & Shipyard Ln,HB202,40.73579286776364,-74.02837457573912,40.752960630464955,-74.02435272932053,casual
B4933CD4F2699FC7,classic_bike,2026-08-09 17:34:14.601,2026-08-09 17:39:40.348,Grove St PATH,JC115,Columbus Drive,JC014,40.71941,-74.04309,40.71835519823214,-74.03891444206238,member
999F3BBA975ECBC6,electric_bike,2026-08-09 17:35:28.478,2026-08-09 17:42:57.210,Bergen Ave & Sip Ave,JC109,Bergen Ave & Sip Ave,JC109,40.73100888698729,-74.06443700194359,40.73100888698729,-74.06443700194359,casual
B8CB8DB52EBC93D7,electric_bike,2026-08-09 17:43:43.353,2026-08-09 18:10:46.092,Grove St PATH,JC115,Grove St PATH,JC115,40.71941,-74.04309,40.71941,-74.04309,casual
CF843D1065D200CB,classic_bike,2026-08-09 17:43:55.580,2026-08-09 17:46:43.996,Grove St PATH,JC115,Columbus Drive,JC014,40.71941,-74.04309,40.71835519823214,-74.03891444206238,member
78A3A8FC4C567B84,electric_bike,2026-08-09 17:44:11.798,2026-08-09 17:50:21.407,Hamilton Park,JC009,Newport PATH,JC066,40.727595966,-74.044247311,40.7272235,-74.0337589,member
E200C164A6E922A4,classic_bike,2026-08-09 17:44:17.999,2026-08-09 18:10:54.160,Grove St PATH,JC115,Grove St PATH,JC115,40.71941,-74.04309,40.71941,-74.04309,casual
F15192F798784C83,electric_bike,2026-08-09 17:44:27.533,2026-08-09 17:49:46.671,Hudson Pl & Hoboken Terminal,HB107,Mama Johnson Field - 4 St & Jackson St,HB404,40.73579286776364,-74.02837457573912,40.74313993965626,-74.04004096984863,member
0EAF8CE0026FA6F4,classic_bike,2026-08-09 17:44:41.681,2026-08-09 17:48:17.432,Grove St PATH,JC115,Marin Light Rail,JC013,40.71941,-74.04309,40.71458403535893,-74.04281705617905,member
BFBF675D8102591D,classic_bike,2026-08-09 17:48:55.790,2026-08-09 17:59:20.084,Hudson Pl & Hoboken Terminal,HB107,Hoboken Ave at Monmouth St,JC105,40.73579286776364,-74.02837457573912,40.73520838045357,-74.04696375131607,casual
36E64C746835D7E1,classic_bike,2026-08-09 17:49:53.257,2026-08-09 17:59:08.482,Hudson Pl & Hoboken Terminal,HB107,Hoboken Ave at Monmouth St,JC105,40.73579286776364,-74.02837457573912,40.73520838045357,-74.04696375131607,member
A5AB570B84BEAC9F,electric_bike,2026-08-09 17:52:43.288,2026-08-09 18:00:30.041,River St & 1 St,HB609,14 St Ferry - 14 St & Shipyard Ln,HB202,40.73721535335381,-74.02886540972803,40.752960630464955,-74.02435272932053,casual
1521501920959AD4,electric_bike,2026-08-09 17:53:15.134,2026-08-09 18:00:27.191,River St & 1 St,HB609,14 St Ferry - 14 St & Shipyard Ln,HB202,40.73721535335381,-74.02886540972803,40.752960630464955,-74.02435272932053,casual
FB3757A4F7253001,electric_bike,2026-08-09 17:53:57.882,2026-08-09 17:59:42.362,River St & 1 St,HB609,11 St & Washington St,HB502,40.73721535335381,-74.02886540972803,40.74998490907138,-74.02715027332306,member
70AD7A47260577D2,electric_bike,2026-08-09 17:55:44.915,2026-08-09 18:01:23.914,River St & 1 St,HB609,12 St & Sinatra Dr N,HB201,40.73721535335381,-74.02886540972803,40.750604142368964,-74.02402013540268,casual
28F792B7B7623C7A,electric_bike,2026-08-09 17:55:46.370,2026-08-09 18:04:18.305,Hudson Pl & Hoboken Terminal,HB107,Madison St & 10 St,HB503,40.73579286776364,-74.02837457573912,40.74994325412246,-74.03586477041245,member
068536820E6C87ED,electric_bike,2026-08-09 18:03:02.142,2026-08-09 18:15:47.056,Grove St PATH,JC115,Baldwin at Montgomery,JC020,40.71941,-74.04309,40.7236589,-74.0641943,member
44AEA787B2903ACD,classic_bike,2026-08-09 18:04:05.630,2026-08-09 18:09:44.320,Grove St PATH,JC115,Dixon Mills,JC076,40.71941,-74.04309,40.721630142638354,-74.04996782541275,member
6D6E0F0B3498C15D,electric_bike,2026-08-09 18:06:14.878,2026-08-09 18:13:43.542,River St & 1 St,HB609,Grand St & 14 St,HB506,40.73721535335381,-74.02886540972803,40.75409,-74.0316,casual
BB3ADC91CFAACC9C,electric_bike,2026-08-09 18:08:16.386,2026-08-09 19:18:56.885,Bergen Ave & Sip Ave,JC109,Bergen Ave & Sip Ave,JC109,40.73100888698729,-74.06443700194359,40.73100888698729,-74.06443700194359,member
B8384AC7E6E19973,electric_bike,2026-08-09 18:09:23.147,2026-08-09 18:17:49.656,River St & 1 St,HB609,Columbus Park - Clinton St & 9 St,HB501,40.73721535335381,-74.02886540972803,40.74816121065146,-74.0324530005455,casual
F7CBB819D05213E3,classic_bike,2026-08-09 18:10:06.742,2026-08-09 18:43:54.359,Bergen Ave & Sip Ave,JC109,Union St & Bergen Ave,JC122,40.73100888698729,-74.06443700194359,40.71575,-74.07887,casual
EB57BCEB6000297F,classic_bike,2026-08-09 18:11:44.093,2026-08-09 18:38:52.488,Grove St PATH,JC115,Warren St,JC006,40.71941,-74.04309,40.7211236,-74.03805095,casual
E8494E5938B59C60,classic_bike,2026-08-09 18:11:47.069,2026-08-09 18:38:43.863,Grove St PATH,JC115,Warren St,JC006,40.71941,-74.04309,40.7211236,-74.03805095,casual
4D5D635DEFC5A4D9,electric_bike,2026-08-09 18:20:54.752,2026-08-09 18:37:31.367,River St & 1 St,HB609,14 St Ferry - 14 St & Shipyard Ln,HB202,40.73721535335381,-74.02886540972803,40.752960630464955,-74.02435272932053,member
3118F2A7A79E75BF,electric_bike,2026-08-09 18:21:59.821,2026-08-09 18:28:08.322,Grove St PATH,JC115,Liberty Light Rail,JC052,40.71941,-74.04309,40.7112423,-74.0557013,casual
24B5D51D2D3E7A47,electric_bike,2026-08-09 18:24:07.602,2026-08-09 18:47:53.447,South Waterfront Walkway - Sinatra Dr & 1 St,HB103,South Waterfront Walkway - Sinatra Dr & 1 St,HB103,40.73698221818716,-74.02778059244156,40.73698221818716,-74.02778059244156,casual
B4E54101B3139AC3,electric_bike,2026-08-09 18:25:43.123,2026-08-09 18:42:27.869,South Waterfront Walkway - Sinatra Dr & 1 St,HB103,South Waterfront Walkway - Sinatra Dr & 1 St,HB103,40.73698221818716,-74.02778059244156,40.73698221818716,-74.02778059244156,casual
6447C090891F737C,electric_bike,2026-08-09 18:27:57.996,2026-08-09 18:42:39.393,South Waterfront Walkway - Sinatra Dr & 1 St,HB103,South Waterfront Walkway - Sinatra Dr & 1 St,HB103,40.73698221818716,-74.02778059244156,40.73698221818716,-74.02778059244156,casual
361ECB399B448818,classic_bike,2026-08-09 18:28:15.336,2026-08-09 18:47:03.190,Hamilton Park,JC009,Essex Light Rail,JC038,40.727595966,-74.044247311,40.7127742,-74.0364857,member
A5607A1E03B97BF1,electric_bike,2026-08-09 18:30:01.807,2026-08-09 18:55:20.111,South Waterfront Walkway - Sinatra Dr & 1 St,HB103,12 St & Sinatra Dr N,HB201,40.73698221818716,-74.02778059244156,40.750604142368964,-74.02402013540268,casual
19A3946DB19C3C27,classic_bike,2026-08-09 18:31:45.373,2026-08-09 18:41:48.488,Bergen Ave & Sip Ave,JC109,Montgomery St,JC099,40.73100888698729,-74.06443700194359,40.71942,-74.05099,member
AEF6B3FCBD6EA4AD,classic_bike,2026-08-09 18:32:08.853,2026-08-09 18:50:00.214,River St & 1 St,HB609,Clinton St & 7 St,HB303,40.73721535335381,-74.02886540972803,40.74542,-74.03332,casual
429A9EA1A577E095,classic_bike,2026-08-09 18:32:25.299,2026-08-09 18:50:13.552,River St & 1 St,HB609,Clinton St & 7 St,HB303,40.73721535335381,-74.02886540972803,40.74542,-74.03332,casual
592270AC5C56F90D,classic_bike,2026-08-09 18:32:34.814,2026-08-09 18:39:50.505,Hudson Pl & Hoboken Terminal,HB107,South Waterfront Walkway - Sinatra Dr & 1 St,HB103,40.73579286776364,-74.02837457573912,40.73698221818716,-74.02778059244156,casual
A01F1DA45A3ADC98,electric_bike,2026-08-09 18:32:50.603,2026-08-09 18:57:58.465,South Waterfront Walkway - Sinatra Dr & 1 St,HB103,Grove St PATH,JC115,40.73698221818716,-74.02778059244156,40.71941,-74.04309,member
B75B4FD70C3EAEFB,classic_bike,2026-08-09 18:32:59.696,2026-08-09 18:42:42.616,Bergen Ave & Sip Ave,JC109,Astor Place,JC077,40.73100888698729,-74.06443700194359,40.71928220070702,-74.07126188278198,member
94CFCE9EF589D84E,electric_bike,2026-08-09 18:33:22.061,2026-08-09 18:39:40.263,Bergen Ave & Sip Ave,JC109,Bergen Ave & Sip Ave,JC109,40.73100888698729,-74.06443700194359,40.73100888698729,-74.06443700194359,member
4DEB06323DB31040,classic_bike,2026-08-09 18:33:30.196,2026-08-09 18:45:10.034,Grove St PATH,JC115,Liberty Light Rail,JC052,40.71941,-74.04309,40.7112423,-74.0557013,member
28F1855582C28277,classic_bike,2026-08-09 18:35:30.586,2026-08-09 18:50:29.459,River St & 1 St,HB609,Clinton St & 7 St,HB303,40.73721535335381,-74.02886540972803,40.74542,-74.03332,casual
8891F3D18B292AE8,classic_bike,2026-08-09 18:36:36.584,2026-08-09 18:43:37.657,Hudson Pl & Hoboken Terminal,HB107,8 St & Washington St,HB603,40.73579286776364,-74.02837457573912,40.745983882915624,-74.02819901704788,member
EB8FFDE64191D55A,electric_bike,2026-08-09 18:39:24.003,2026-08-09 19:07:50.890,River St & 1 St,HB609,Newark Ave,JC032,40.73721535335381,-74.02886540972803,40.72152515,-74.046304543,casual
C3712B97B1619612,classic_bike,2026-08-09 18:39:27.349,2026-08-09 18:49:12.534,Grove St PATH,JC115,Communipaw & Berry Lane,JC084,40.71941,-74.04309,40.71435836870427,-74.06661093235016,member
4B7A6F02DF0B9281,classic_bike,2026-08-09 18:39:30.976,2026-08-09 18:46:03.737,Bergen Ave & Sip Ave,JC109,Lincoln Park,JC053,40.73100888698729,-74.06443700194359,40.7246050998869,-74.07840594649315,member
24483D36912A995E,classic_bike,2026-08-09 18:39:39.911,2026-08-09 19:07:42.228,River St & 1 St,HB609,Newark Ave,JC032,40.73721535335381,-74.02886540972803,40.72152515,-74.046304543,member
9F0E1666BE14C55F,electric_bike,2026-08-09 18:41:35.866,2026-08-09 19:44:43.819,Grove St PATH,JC115,Washington St & Morgan St,JC149,40.71941,-74.04309,40.719445793042716,-74.03689158686865,casual
384A36F8BFB35411,electric_bike,2026-08-09 18:41:58.345,2026-08-09 19:05:26.843,Bergen Ave & Sip Ave,JC109,Lincoln Park,JC053,40.73100888698729,-74.06443700194359,40.7246050998869,-74.07840594649315,casual
E0B9D29CC8C16B24,classic_bike,2026-08-09 18:42:03.329,2026-08-09 18:50:19.959,River St & 1 St,HB609,Clinton St & 7 St,HB303,40.73721535335381,-74.02886540972803,40.74542,-74.03332,casual
37DC96B1AA88B230,electric_bike,2026-08-09 18:42:18.259,2026-08-09 19:44:39.421,Grove St PATH,JC115,Washington St & Morgan St,JC149,40.71941,-74.04309,40.719445793042716,-74.03689158686865,casual
36AE4DC07E17C42B,electric_bike,2026-08-09 18:42:54.860,2026-08-09 19:06:36.121,Bergen Ave & Sip Ave,JC109,Lincoln Park,JC053,40.73100888698729,-74.06443700194359,40.7246050998869,-74.07840594649315,member
F487777046CEFED4,electric_bike,2026-08-09 18:43:27.886,2026-08-09 18:49:35.115,South Waterfront Walkway - Sinatra Dr & 1 St,HB103,9 St HBLR - Jackson St & 8 St,HB305,40.73698221818716,-74.02778059244156,40.74790720968899,-74.03841152787209,casual
8C625B83F458B91D,electric_bike,2026-08-09 18:43:44.008,2026-08-09 18:49:26.353,South Waterfront Walkway - Sinatra Dr & 1 St,HB103,9 St HBLR - Jackson St & 8 St,HB305,40.73698221818716,-74.02778059244156,40.74790720968899,-74.03841152787209,member
2903999ACD70BD40,electric_bike,2026-08-09 18:46:19.404,2026-08-09 19:45:14.289,Grove St PATH,JC115,Washington St & Morgan St,JC149,40.71941,-74.04309,40.719445793042716,-74.03689158686865,casual
1856449435DA10B9,electric_bike,2026-08-09 18:47:16.028,2026-08-09 18:53:09.698,River St & 1 St,HB609,Bloomfield St & 15 St,HB203,40.73721535335381,-74.02886540972803,40.75453,-74.02658,member
A35034CB12A4D466,classic_bike,2026-08-09 18:47:31.109,2026-08-09 18:50:34.024,Hamilton Park,JC009,Jersey & 3rd,JC074,40.727595966,-74.044247311,40.72333158646436,-74.04595255851744,member
08F8266E4ECDD070,classic_bike,2026-08-09 18:47:57.544,2026-08-09 19:16:24.250,South Waterfront Walkway - Sinatra Dr & 1 St,HB103,South Waterfront Walkway - Sinatra Dr & 1 St,HB103,40.73698221818716,-74.02778059244156,40.73698221818716,-74.02778059244156,casual
6A441EEBC81077FB,electric_bike,2026-08-09 18:48:20.228,2026-08-09 18:57:23.594,River St & 1 St,HB609,Madison St & 10 St,HB503,40.73721535335381,-74.02886540972803,40.74994325412246,-74.03586477041245,member
55A0F0FB936E02D5,electric_bike,2026-08-09 18:49:56.791,2026-08-09 19:44:46.739,Grove St PATH,JC115,Washington St & Morgan St,JC149,40.71941,-74.04309,40.719445793042716,-74.03689158686865,casual
C989F14BE4E73680,electric_bike,2026-08-09 18:52:17.408,2026-08-09 19:19:37.164,Bergen Ave & Sip Ave,JC109,Jersey & 3rd,JC074,40.73100888698729,-74.06443700194359,40.72333158646436,-74.04595255851744,member
986F3AD9E0230882,electric_bike,2026-08-09 18:52:37.049,2026-08-09 19:00:31.360,Hamilton Park,JC009,Van Vorst Park,JC035,40.727595966,-74.044247311,40.71848892,-74.047726625,member
9E2801DACCE2526A,electric_bike,2026-08-09 18:52:37.056,2026-08-09 18:55:54.349,Bergen Ave & Sip Ave,JC109,Glenwood Ave,JC094,40.73100888698729,-74.06443700194359,40.72755146730012,-74.07106071710587,member
7D975F206D2BCAE1,classic_bike,2026-08-09 18:56:43.820,2026-08-09 19:01:01.810,River St & 1 St,HB609,4 St & Grand St,HB301,40.73721535335381,-74.02886540972803,40.7422579775645,-74.03511106967926,member
924B695D4247FEA6,electric_bike,2026-08-09 18:57:00.359,2026-08-09 19:01:49.555,South Waterfront Walkway - Sinatra Dr & 1 St,HB103,Adams St & 2 St,HB407,40.73698221818716,-74.02778059244156,40.73981372311843,-74.03690412640572,member
FDE792793A5504D0,classic_bike,2026-08-09 19:05:29.147,2026-08-09 19:09:25.987,Grove St PATH,JC115,Montgomery St,JC099,40.71941,-74.04309,40.71942,-74.05099,member
A877F85CCCE16766,electric_bike,2026-08-09 19:11:34.298,2026-08-09 19:23:23.288,Hudson Pl & Hoboken Terminal,HB107,Pershing Field,JC024,40.73579286776364,-74.02837457573912,40.742677141,-74.051788633,member
41676D36DA2F0692,classic_bike,2026-08-09 19:14:04.406,2026-08-09 19:43:38.083,South Waterfront Walkway - Sinatra Dr & 1 St,HB103,South Waterfront Walkway - Sinatra Dr & 1 St,HB103,40.73698221818716,-74.02778059244156,40.73698221818716,-74.02778059244156,casual
56F2A1382246AE9C,electric_bike,2026-08-09 19:17:04.145,2026-08-09 19:22:36.285,River St & 1 St,HB609,8 St & Washington St,HB603,40.73721535335381,-74.02886540972803,40.745983882915624,-74.02819901704788,member
279EA5247E78D57D,electric_bike,2026-08-09 19:18:10.094,2026-08-09 19:23:56.986,South Waterfront Walkway - Sinatra Dr & 1 St,HB103,South Waterfront Walkway - Sinatra Dr & 1 St,HB103,40.73698221818716,-74.02778059244156,40.73698221818716,-74.02778059244156,casual
A2123708CBAD57AD,classic_bike,2026-08-09 19:18:45.607,2026-08-09 19:57:50.048,South Waterfront Walkway - Sinatra Dr & 1 St,HB103,South Waterfront Walkway - Sinatra Dr & 1 St,HB103,40.73698221818716,-74.02778059244156,40.73698221818716,-74.02778059244156,casual
3D463D32D4B7C38D,electric_bike,2026-08-09 19:19:45.997,2026-08-09 19:27:08.962,Grove St PATH,JC115,Dr. Lena Edwards Park,JC117,40.71941,-74.04309,40.713203,-74.058261,casual
2C6C7DDAEB6BF8C9,electric_bike,2026-08-09 19:22:47.058,2026-08-09 19:57:36.190,South Waterfront Walkway - Sinatra Dr & 1 St,HB103,South Waterfront Walkway - Sinatra Dr & 1 St,HB103,40.73698221818716,-74.02778059244156,40.73698221818716,-74.02778059244156,casual
9C8E6D1D3440278A,classic_bike,2026-08-09 19:23:18.187,2026-08-09 19:38:21.769,Grove St PATH,JC115,Van Vorst Park,JC035,40.71941,-74.04309,40.71848892,-74.047726625,member
B93268EE3C255FFF,electric_bike,2026-08-09 19:25:14.556,2026-08-09 19:28:56.070,River St & 1 St,HB609,11 St & Washington St,HB502,40.73721535335381,-74.02886540972803,40.74998490907138,-74.02715027332306,member
5377321557C13A71,electric_bike,2026-08-09 19:25:19.805,2026-08-09 19:29:58.053,River St & 1 St,HB609,Columbus Park - Clinton St & 9 St,HB501,40.73721535335381,-74.02886540972803,40.74816121065146,-74.0324530005455,member
855B8FC2710E0710,electric_bike,2026-08-09 19:25:31.260,2026-08-09 19:29:03.308,River St & 1 St,HB609,8 St & Washington St,HB603,40.73721535335381,-74.02886540972803,40.745983882915624,-74.02819901704788,member
F608D6812D574B09,electric_bike,2026-08-09 19:26:10.641,2026-08-09 19:42:18.502,Bergen Ave & Sip Ave,JC109,Hamilton Park,JC009,40.73100888698729,-74.06443700194359,40.727595966,-74.044247311,casual
84F1026AFE626293,classic_bike,2026-08-09 19:26:59.678,2026-08-09 19:41:49.408,Bergen Ave & Sip Ave,JC109,West Side Ave & Stegman Pkwy,JC131,40.73100888698729,-74.06443700194359,40.71087,-74.09368,casual
DBC121AD0CFD51B1,electric_bike,2026-08-09 19:30:30.467,2026-08-09 19:39:24.246,Grove St PATH,JC115,Liberty Light Rail,JC052,40.71941,-74.04309,40.7112423,-74.0557013,member
E81E18CD3495A089,electric_bike,2026-08-09 19:31:47.556,2026-08-09 19:41:35.084,Bergen Ave & Sip Ave,JC109,Danforth Ave & JFK Blvd,JC144,40.73100888698729,-74.06443700194359,40.70056,-74.09474,member
1CC70A26B6484CC2,classic_bike,2026-08-09 19:34:12.575,2026-08-09 19:41:44.659,Hudson Pl & Hoboken Terminal,HB107,8 St & Washington St,HB603,40.73579286776364,-74.02837457573912,40.745983882915624,-74.02819901704788,casual
55CFCE6DA61B00E3,electric_bike,2026-08-09 19:36:09.751,2026-08-09 19:40:39.507,South Waterfront Walkway - Sinatra Dr & 1 St,HB103,12 St & Sinatra Dr N,HB201,40.73698221818716,-74.02778059244156,40.750604142368964,-74.02402013540268,member
3475F0BCF519C7D2,electric_bike,2026-08-09 19:40:56.408,2026-08-09 19:58:41.291,South Waterfront Walkway - Sinatra Dr & 1 St,HB103,Riverview Park,JC057,40.73698221818716,-74.02778059244156,40.7443187,-74.0439909,casual
6357E41153B6D3C5,electric_bike,2026-08-09 19:41:12.516,2026-08-09 20:16:34.035,South Waterfront Walkway - Sinatra Dr & 1 St,HB103,5 Corners Library,JC018,40.73698221818716,-74.02778059244156,40.734961020009514,-74.0595030784607,member
43B247A140F2DDEA,electric_bike,2026-08-09 19:41:32.870,2026-08-09 19:46:31.449,Hamilton Park,JC009,Warren St,JC006,40.727595966,-74.044247311,40.7211236,-74.03805095,member
50E1EB5B6FC2DB1D,electric_bike,2026-08-09 19:42:10.761,2026-08-09 19:46:52.578,South Waterfront Walkway - Sinatra Dr & 1 St,HB103,2 St & Park Ave,HB608,40.73698221818716,-74.02778059244156,40.73915272763701,-74.0330819785595,member
D3D026A04AEB36FC,electric_bike,2026-08-09 19:43:47.057,2026-08-09 19:51:29.527,Hamilton Park,JC009,Clinton St & Newark St,HB409,40.727595966,-74.044247311,40.73743,-74.03571,member
7377660F147A6C9B,classic_bike,2026-08-09 19:44:44.685,2026-08-09 19:49:02.028,Grove St PATH,JC115,Montgomery St,JC099,40.71941,-74.04309,40.71942,-74.05099,member
337F6C3AB741D5AE,electric_bike,2026-08-09 19:44:59.823,2026-08-09 19:52:29.975,Grove St PATH,JC115,Liberty Light Rail,JC052,40.71941,-74.04309,40.7112423,-74.0557013,casual
099AAED11B08B75F,electric_bike,2026-08-09 19:45:50.415,2026-08-09 19:49:44.021,Hamilton Park,JC009,Hoboken Ave at Monmouth St,JC105,40.727595966,-74.044247311,40.73520838045357,-74.04696375131607,casual
DE1F218873315A48,classic_bike,2026-08-09 19:47:19.352,2026-08-09 19:56:04.593,River St & 1 St,HB609,Madison St & 10 St,HB503,40.73721535335381,-74.02886540972803,40.74994325412246,-74.03586477041245,casual
F946BC9FB50E8B57,classic_bike,2026-08-09 19:52:01.702,2026-08-09 19:54:34.306,Grove St PATH,JC115,Marin Light Rail,JC013,40.71941,-74.04309,40.71458403535893,-74.04281705617905,member
B3F25276FB586389,classic_bike,2026-08-09 19:52:20.270,2026-08-09 19:59:07.132,Grove St PATH,JC115,Van Vorst Park,JC035,40.71941,-74.04309,40.71848892,-74.047726625,member
5F1F0D83091E043F,classic_bike,2026-08-09 19:53:04.285,2026-08-09 20:13:57.708,South Waterfront Walkway - Sinatra Dr & 1 St,HB103,City Hall - Washington St & 1 St,HB105,40.73698221818716,-74.02778059244156,40.73736,-74.03097,casual
B97D62533E228883,classic_bike,2026-08-09 19:54:05.324,2026-08-09 20:10:16.316,Hudson Pl & Hoboken Terminal,HB107,Newark St & Washington St,HB612,40.73579286776364,-74.02837457573912,40.73681,-74.0309,member
350B073306A95DAC,classic_bike,2026-08-09 19:54:54.431,2026-08-09 20:13:12.244,South Waterfront Walkway - Sinatra Dr & 1 St,HB103,City Hall - Washington St & 1 St,HB105,40.73698221818716,-74.02778059244156,40.73736,-74.03097,casual
A4DE04586004647C,electric_bike,2026-08-09 19:56:49.049,2026-08-09 20:02:08.224,River St & 1 St,HB609,8 St & Washington St,HB603,40.73721535335381,-74.02886540972803,40.745983882915624,-74.02819901704788,casual
D4C60989CD5970A2,electric_bike,2026-08-09 19:57:21.357,2026-08-09 20:03:14.308,South Waterfront Walkway - Sinatra Dr & 1 St,HB103,Madison St & 1 St,HB402,40.73698221818716,-74.02778059244156,40.73879,-74.0393,member
CCCE427127545C37,electric_bike,2026-08-09 19:57:35.489,2026-08-09 20:04:24.731,Bergen Ave & Sip Ave,JC109,Lincoln Park,JC053,40.73100888698729,-74.06443700194359,40.7246050998869,-74.07840594649315,casual
F004B5A5FC09C5D6,classic_bike,2026-08-09 19:58:31.270,2026-08-09 20:07:36.763,South Waterfront Walkway - Sinatra Dr & 1 St,HB103,11 St & Washington St,HB502,40.73698221818716,-74.02778059244156,40.74998490907138,-74.02715027332306,member
64B82A78947A67F8,electric_bike,2026-08-09 20:01:57.020,2026-08-09 20:21:16.592,South Waterfront Walkway - Sinatra Dr & 1 St,HB103,Hilltop,JC019,40.73698221818716,-74.02778059244156,40.7311689,-74.0575736,casual
EAAB621B35521027,electric_bike,2026-08-09 20:02:15.781,2026-08-09 20:10:59.383,Bergen Ave & Sip Ave,JC109,Bergen Ave,JC095,40.73100888698729,-74.06443700194359,40.722103786686034,-74.07145500183105,member
AFF4934D7BCC2EFB,electric_bike,2026-08-09 20:04:14.417,2026-08-09 20:06:32.685,Bergen Ave & Sip Ave,JC109,McGinley Square,JC055,40.73100888698729,-74.06443700194359,40.7253399253558,-74.06762212514877,member
1C6B579AE4B6BA0B,electric_bike,2026-08-09 20:04:32.062,2026-08-09 20:07:17.543,Bergen Ave & Sip Ave,JC109,McGinley Square,JC055,40.73100888698729,-74.06443700194359,40.7253399253558,-74.06762212514877,member
FEDA8E21C506DBF4,classic_bike,2026-08-09 20:04:44.535,2026-08-09 20:09:35.278,Bergen Ave & Sip Ave,JC109,McGinley Square,JC055,40.73100888698729,-74.06443700194359,40.7253399253558,-74.06762212514877,member
400E6B25C2A66AA5,electric_bike,2026-08-09 20:11:45.713,2026-08-09 20:17:15.326,Grove St PATH,JC115,Liberty Light Rail,JC052,40.71941,-74.04309,40.7112423,-74.0557013,casual
F24EBF3F9EAAC8B8,classic_bike,2026-08-09 20:14:40.614,2026-08-09 20:20:52.830,Grove St PATH,JC115,JC Medical Center,JC110,40.71941,-74.04309,40.71539114317,-74.04969155788422,member
756AC9E0AB005FA4,classic_bike,2026-08-09 20:14:45.842,2026-08-09 20:15:46.189,Grove St PATH,JC115,City Hall,JC003,40.71941,-74.04309,40.7177325,-74.043845,member
E3E438A9CD4C0A62,electric_bike,2026-08-09 20:16:15.911,2026-08-09 20:22:22.883,River St & 1 St,HB609,11 St & Washington St,HB502,40.73721535335381,-74.02886540972803,40.74998490907138,-74.02715027332306,member
AE174D0AAA13B32F,electric_bike,2026-08-09 20:16:37.104,2026-08-09 20:22:26.461,River St & 1 St,HB609,11 St & Washington St,HB502,40.73721535335381,-74.02886540972803,40.74998490907138,-74.02715027332306,casual
4856E6EE6461679D,classic_bike,2026-08-09 20:18:29.539,2026-08-09 20:25:35.907,River St & 1 St,HB609,Church Sq Park - 5 St & Park Ave,HB601,40.73721535335381,-74.02886540972803,40.74265933273143,-74.03223305940628,casual
10D7AC0A998471E8,electric_bike,2026-08-09 20:18:38.392,2026-08-09 20:25:21.102,River St & 1 St,HB609,Church Sq Park - 5 St & Park Ave,HB601,40.73721535335381,-74.02886540972803,40.74265933273143,-74.03223305940628,casual
8C9F08BEA3ED0E14,electric_bike,2026-08-09 20:18:50.030,2026-08-09 21:19:31.602,South Waterfront Walkway - Sinatra Dr & 1 St,HB103,South Waterfront Walkway - Sinatra Dr & 1 St,HB103,40.73698221818716,-74.02778059244156,40.73698221818716,-74.02778059244156,casual
D6F8F1A8F9288481,classic_bike,2026-08-09 20:19:53.057,2026-08-09 20:24:16.647,Bergen Ave & Sip Ave,JC109,Fairmount Ave,JC093,40.73100888698729,-74.06443700194359,40.72572613742557,-74.07195925712585,member
42962E1ACCF7E09B,electric_bike,2026-08-09 20:20:06.358,2026-08-09 20:56:38.678,South Waterfront Walkway - Sinatra Dr & 1 St,HB103,South Waterfront Walkway - Sinatra Dr & 1 St,HB103,40.73698221818716,-74.02778059244156,40.73698221818716,-74.02778059244156,casual
388C248925A80CD8,electric_bike,2026-08-09 20:22:49.963,2026-08-09 20:25:44.328,Bergen Ave & Sip Ave,JC109,Baldwin at Montgomery,JC020,40.73100888698729,-74.06443700194359,40.7236589,-74.0641943,member
C98D68C638736AAD,electric_bike,2026-08-09 20:23:20.856,2026-08-09 20:30:54.711,Hamilton Park,JC009,Madison St & 1 St,HB402,40.727595966,-74.044247311,40.73879,-74.0393,member
38A7D9ED21BCF706,classic_bike,2026-08-09 20:25:30.279,2026-08-09 20:30:39.920,Grove St PATH,JC115,Montgomery St,JC099,40.71941,-74.04309,40.71942,-74.05099,member
E6AEF2E164927D62,classic_bike,2026-08-09 20:25:51.781,2026-08-09 20:30:31.724,Grove St PATH,JC115,Montgomery St,JC099,40.71941,-74.04309,40.71942,-74.05099,member
56B9C8D8531BC766,classic_bike,2026-08-09 20:27:31.284,2026-08-09 20:28:34.127,Grove St PATH,JC115,City Hall,JC003,40.71941,-74.04309,40.7177325,-74.043845,member
5F953A30049AB7F2,electric_bike,2026-08-09 20:29:43.087,2026-08-09 20:56:04.879,South Waterfront Walkway - Sinatra Dr & 1 St,HB103,South Waterfront Walkway - Sinatra Dr & 1 St,HB103,40.73698221818716,-74.02778059244156,40.73698221818716,-74.02778059244156,casual
A984A179A7050EF2,electric_bike,2026-08-09 20:32:27.326,2026-08-09 20:56:13.682,Grove St PATH,JC115,Astor Place,JC077,40.71941,-74.04309,40.71928220070702,-74.07126188278198,member
D044B394B6FD9936,classic_bike,2026-08-09 20:32:56.762,2026-08-09 20:45:34.181,South Waterfront Walkway - Sinatra Dr & 1 St,HB103,Adams St & 2 St,HB407,40.73698221818716,-74.02778059244156,40.73981372311843,-74.03690412640572,member
1AE6778D1F1D1285,classic_bike,2026-08-09 20:33:11.268,2026-08-09 21:37:23.222,South Waterfront Walkway - Sinatra Dr & 1 St,HB103,4 St & River St,HB611,40.73698221818716,-74.02778059244156,40.7408139,-74.0274062,casual
25C4190B04B78AD5,classic_bike,2026-08-09 20:35:42.911,2026-08-09 20:40:24.044,Grove St PATH,JC115,Hamilton Park,JC009,40.71941,-74.04309,40.727595966,-74.044247311,member
E793132463626607,electric_bike,2026-08-09 20:39:54.140,2026-08-09 20:42:42.441,Bergen Ave & Sip Ave,JC109,Glenwood Ave,JC094,40.73100888698729,-74.06443700194359,40.72755146730012,-74.07106071710587,member
4A1AC0ED5FDB0B01,classic_bike,2026-08-09 20:40:53.923,2026-08-09 20:46:46.583,Bergen Ave & Sip Ave,JC109,Lincoln Park,JC053,40.73100888698729,-74.06443700194359,40.7246050998869,-74.07840594649315,member
5B67BEBFF852817F,electric_bike,2026-08-09 20:45:53.334,2026-08-09 20:55:16.820,River St & 1 St,HB609,9 St HBLR - Jackson St & 8 St,HB305,40.73721535335381,-74.02886540972803,40.74790720968899,-74.03841152787209,member
F87F183CC03CA16E,electric_bike,2026-08-09 20:45:56.066,2026-08-09 20:50:21.384,Grove St PATH,JC115,Monmouth & 6th,JC075,40.71941,-74.04309,40.72568548362901,-74.04879033565521,member
499E2D8594E558BF,electric_bike,2026-08-09 20:46:01.053,2026-08-09 20:55:12.681,River St & 1 St,HB609,9 St HBLR - Jackson St & 8 St,HB305,40.73721535335381,-74.02886540972803,40.74790720968899,-74.03841152787209,member
FED4C266BB1037E9,electric_bike,2026-08-09 20:47:35.780,2026-08-09 20:51:39.069,Grove St PATH,JC115,,,40.71941,-74.04309,,,member
A82A2AF6FA78F756,classic_bike,2026-08-09 20:47:44.826,2026-08-09 21:01:44.646,South Waterfront Walkway - Sinatra Dr & 1 St,HB103,South Waterfront Walkway - Sinatra Dr & 1 St,HB103,40.73698221818716,-74.02778059244156,40.73698221818716,-74.02778059244156,casual
5D74098138BF8B3B,electric_bike,2026-08-09 20:53:30.900,2026-08-09 21:03:47.186,Hamilton Park,JC009,Pershing Field,JC024,40.727595966,-74.044247311,40.742677141,-74.051788633,member
0E329243866A4105,classic_bike,2026-08-09 20:54:02.126,2026-08-09 20:57:47.531,South Waterfront Walkway - Sinatra Dr & 1 St,HB103,Stevens - River Ter & 6 St,HB602,40.73698221818716,-74.02778059244156,40.74313282710551,-74.02698867022991,member
8FA8E795E3E214ED,electric_bike,2026-08-09 20:56:01.602,2026-08-09 21:03:23.513,Hudson Pl & Hoboken Terminal,HB107,14 St Ferry - 14 St & Shipyard Ln,HB202,40.73579286776364,-74.02837457573912,40.752960630464955,-74.02435272932053,member
B261219FD6243CB0,electric_bike,2026-08-09 20:57:27.942,2026-08-09 21:04:58.799,Bergen Ave & Sip Ave,JC109,Union St & Bergen Ave,JC122,40.73100888698729,-74.06443700194359,40.71575,-74.07887,member
B09B81FBAE470ED9,electric_bike,2026-08-09 21:02:52.009,2026-08-09 21:06:11.222,Grove St PATH,JC115,Brunswick St,JC023,40.71941,-74.04309,40.7241765,-74.0506564,member
E9E3ED4A4304D2FF,electric_bike,2026-08-09 21:03:49.886,2026-08-09 21:06:51.119,Bergen Ave & Sip Ave,JC109,Dey St,JC065,40.73100888698729,-74.06443700194359,40.737711,-74.066921,member
D823428812A80252,electric_bike,2026-08-09 21:05:38.464,2026-08-09 21:12:13.109,River St & 1 St,HB609,11 St & Washington St,HB502,40.73721535335381,-74.02886540972803,40.74998490907138,-74.02715027332306,casual
EBCBFC4D179AC34D,electric_bike,2026-08-09 21:12:39.114,2026-08-09 22:33:01.325,South Waterfront Walkway - Sinatra Dr & 1 St,HB103,,,40.73698221818716,-74.02778059244156,,,casual
D1FC7ED166EA8D01,electric_bike,2026-08-09 21:14:29.911,2026-08-09 21:24:16.559,Grove St PATH,JC115,Pacific Ave & Communipaw Ave,JC118,40.71941,-74.04309,40.711354,-74.062446,member
8A9F534A9C2463B2,classic_bike,2026-08-09 21:14:39.315,2026-08-09 21:26:58.678,Grove St PATH,JC115,Jersey & 3rd,JC074,40.71941,-74.04309,40.72333158646436,-74.04595255851744,member
779DE12FDF1DCF86,electric_bike,2026-08-09 21:15:59.231,2026-08-09 21:24:43.884,Hamilton Park,JC009,Manila & 1st,JC082,40.727595966,-74.044247311,40.721650724879986,-74.04288411140442,casual
8A9B9A83E7DAD9B3,electric_bike,2026-08-09 21:17:30.909,2026-08-09 21:24:22.043,Hamilton Park,JC009,Manila & 1st,JC082,40.727595966,-74.044247311,40.721650724879986,-74.04288411140442,casual
49361629C24B6009,classic_bike,2026-08-09 21:26:11.440,2026-08-09 21:29:33.233,River St & 1 St,HB609,Adams St & 2 St,HB407,40.73721535335381,-74.02886540972803,40.73981372311843,-74.03690412640572,member
8875862466D95664,classic_bike,2026-08-09 21:27:25.808,2026-08-09 21:41:33.875,Grove St PATH,JC115,Newport PATH,JC066,40.71941,-74.04309,40.7272235,-74.0337589,member
E48DE267ECE46533,electric_bike,2026-08-09 21:27:32.148,2026-08-09 21:29:40.848,South Waterfront Walkway - Sinatra Dr & 1 St,HB103,2 St & Park Ave,HB608,40.73698221818716,-74.02778059244156,40.73915272763701,-74.0330819785595,member
880CE74EAD34AF6F,classic_bike,2026-08-09 21:27:42.241,2026-08-09 21:32:37.711,Grove St PATH,JC115,Grand St,JC102,40.71941,-74.04309,40.71517767732029,-74.03768330812454,member
E0658957486935BC,electric_bike,2026-08-09 21:27:47.223,2026-08-09 21:32:41.229,Grove St PATH,JC115,Grand St,JC102,40.71941,-74.04309,40.71517767732029,-74.03768330812454,casual
0C202F31607BF8A2,electric_bike,2026-08-09 21:32:43.350,2026-08-09 21:39:10.114,Bergen Ave & Sip Ave,JC109,Lincoln Park,JC053,40.73100888698729,-74.06443700194359,40.7246050998869,-74.07840594649315,member
5C87BE6D46205268,electric_bike,2026-08-09 21:33:02.112,2026-08-09 21:39:07.703,Grove St PATH,JC115,Liberty Light Rail,JC052,40.71941,-74.04309,40.7112423,-74.0557013,casual
C74C90EFD4492E5E,electric_bike,2026-08-09 21:40:02.706,2026-08-09 21:46:36.967,South Waterfront Walkway - Sinatra Dr & 1 St,HB103,11 St & Washington St,HB502,40.73698221818716,-74.02778059244156,40.74998490907138,-74.02715027332306,member
CBC67E1AD62B8050,electric_bike,2026-08-09 21:42:20.365,2026-08-09 21:49:08.892,Hudson Pl & Hoboken Terminal,HB107,Columbus Park - Clinton St & 9 St,HB501,40.73579286776364,-74.02837457573912,40.74816121065146,-74.0324530005455,member
4E0A876D50F6AA84,electric_bike,2026-08-09 21:42:37.367,2026-08-09 21:56:01.494,Bergen Ave & Sip Ave,JC109,Danforth Ave & Sullivan Dr,JC135,40.73100888698729,-74.06443700194359,40.70436,-74.09811,casual
9BF9DB5C3009A464,electric_bike,2026-08-09 21:45:27.359,2026-08-09 21:48:59.373,Grove St PATH,JC115,Warren St,JC006,40.71941,-74.04309,40.7211236,-74.03805095,member
E90B14898303055B,electric_bike,2026-08-09 21:45:27.670,2026-08-09 21:48:02.254,River St & 1 St,HB609,4 St & Grand St,HB301,40.73721535335381,-74.02886540972803,40.7422579775645,-74.03511106967926,member
B329F58CC6B852D3,electric_bike,2026-08-09 21:45:51.183,2026-08-09 21:48:55.108,Grove St PATH,JC115,Warren St,JC006,40.71941,-74.04309,40.7211236,-74.03805095,member
B04622F7F15EDA79,classic_bike,2026-08-09 21:52:01.400,2026-08-09 22:20:11.952,South Waterfront Walkway - Sinatra Dr & 1 St,HB103,South Waterfront Walkway - Sinatra Dr & 1 St,HB103,40.73698221818716,-74.02778059244156,40.73698221818716,-74.02778059244156,casual
D2391AF8B5C2CE5D,classic_bike,2026-08-09 21:53:24.020,2026-08-09 22:20:25.577,South Waterfront Walkway - Sinatra Dr & 1 St,HB103,South Waterfront Walkway - Sinatra Dr & 1 St,HB103,40.73698221818716,-74.02778059244156,40.73698221818716,-74.02778059244156,casual
DCBB379C30ED69E6,electric_bike,2026-08-09 21:54:11.611,2026-08-09 21:57:35.463,Grove St PATH,JC115,JC Medical Center,JC110,40.71941,-74.04309,40.71539114317,-74.04969155788422,member
4A0CA9FD8BF9417D,electric_bike,2026-08-09 21:56:16.186,2026-08-09 22:04:10.763,Grove St PATH,JC115,Communipaw & Berry Lane,JC084,40.71941,-74.04309,40.71435836870427,-74.06661093235016,member
01032A22E99F7C3B,classic_bike,2026-08-09 21:58:19.262,2026-08-09 22:21:01.308,South Waterfront Walkway - Sinatra Dr & 1 St,HB103,South Waterfront Walkway - Sinatra Dr & 1 St,HB103,40.73698221818716,-74.02778059244156,40.73698221818716,-74.02778059244156,casual
87259E38A28A49D4,electric_bike,2026-08-09 22:03:51.638,2026-08-09 22:07:18.410,Bergen Ave & Sip Ave,JC109,Baldwin at Montgomery,JC020,40.73100888698729,-74.06443700194359,40.7236589,-74.0641943,member
CB14115745BE8AB9,electric_bike,2026-08-09 22:09:50.040,2026-08-09 22:13:54.654,Bergen Ave & Sip Ave,JC109,Glenwood Ave,JC094,40.73100888698729,-74.06443700194359,40.72755146730012,-74.07106071710587,member
39F5D4CFAD93A41F,classic_bike,2026-08-09 22:10:59.487,2026-08-09 22:56:23.165,Grove St PATH,JC115,Brunswick & 6th,JC081,40.71941,-74.04309,40.72601172964625,-74.05038893222809,member
A94D4C757F6B4CCF,electric_bike,2026-08-09 22:14:19.717,2026-08-09 22:22:21.890,South Waterfront Walkway - Sinatra Dr & 1 St,HB103,Washington St & Morgan St,JC149,40.73698221818716,-74.02778059244156,40.719445793042716,-74.03689158686865,member
0BC44B2029F73D07,classic_bike,2026-08-09 22:16:50.261,2026-08-09 22:49:54.221,South Waterfront Walkway - Sinatra Dr & 1 St,HB103,Manila & 1st,JC082,40.73698221818716,-74.02778059244156,40.721650724879986,-74.04288411140442,member
290CBF15ABD5B9C5,classic_bike,2026-08-09 22:17:36.985,2026-08-09 22:49:52.130,South Waterfront Walkway - Sinatra Dr & 1 St,HB103,Manila & 1st,JC082,40.73698221818716,-74.02778059244156,40.721650724879986,-74.04288411140442,member
7687371D24C6999A,electric_bike,2026-08-09 22:23:46.007,2026-08-09 22:29:58.737,Grove St PATH,JC115,Pacific Ave & Communipaw Ave,JC118,40.71941,-74.04309,40.711354,-74.062446,member
DF7E13770A5CB024,electric_bike,2026-08-09 22:24:04.247,2026-08-09 22:30:39.434,Grove St PATH,JC115,Communipaw & Berry Lane,JC084,40.71941,-74.04309,40.71435836870427,-74.06661093235016,member
0EB4FFF1AC8FD7F5,electric_bike,2026-08-09 22:25:19.151,2026-08-09 22:37:23.461,Bergen Ave & Sip Ave,JC109,Danforth Ave & Sullivan Dr,JC135,40.73100888698729,-74.06443700194359,40.70436,-74.09811,casual
93A4AA5C2E837BD0,classic_bike,2026-08-09 22:26:06.929,2026-08-09 22:39:30.498,South Waterfront Walkway - Sinatra Dr & 1 St,HB103,South Waterfront Walkway - Sinatra Dr & 1 St,HB103,40.73698221818716,-74.02778059244156,40.73698221818716,-74.02778059244156,casual
B3DCBE69E3176D96,classic_bike,2026-08-09 22:28:04.400,2026-08-09 22:36:27.140,Hamilton Park,JC009,Washington St & Morgan St,JC149,40.727595966,-74.044247311,40.719445793042716,-74.03689158686865,member
173D1EB5636A508F,electric_bike,2026-08-09 22:35:30.075,2026-08-09 22:55:05.325,Bergen Ave & Sip Ave,JC109,Fairmount Ave,JC093,40.73100888698729,-74.06443700194359,40.72572613742557,-74.07195925712585,casual
85B1B38B01EB47B1,classic_bike,2026-08-09 22:36:38.069,2026-08-09 22:46:08.214,Grove St PATH,JC115,Hamilton Park,JC009,40.71941,-74.04309,40.727595966,-74.044247311,member
A3547EC5C64DA224,electric_bike,2026-08-09 22:40:51.418,2026-08-09 22:44:29.697,Bergen Ave & Sip Ave,JC109,Glenwood Ave,JC094,40.73100888698729,-74.06443700194359,40.72755146730012,-74.07106071710587,member
E7DF8B6FAB9933ED,classic_bike,2026-08-09 22:41:21.840,2026-08-09 22:43:20.479,River St & 1 St,HB609,River St & 1 St,HB609,40.73721535335381,-74.02886540972803,40.73721535335381,-74.02886540972803,casual
5D31556586977397,electric_bike,2026-08-09 22:44:10.622,2026-08-09 22:48:42.650,Grove St PATH,JC115,Liberty Light Rail,JC052,40.71941,-74.04309,40.7112423,-74.0557013,casual
7DEBFDBC63C25218,electric_bike,2026-08-09 22:44:25.080,2026-08-09 22:47:35.392,Grove St PATH,JC115,Marin Light Rail,JC013,40.71941,-74.04309,40.71458403535893,-74.04281705617905,member
3571737CE2397988,electric_bike,2026-08-09 22:46:32.181,2026-08-09 22:51:58.159,Bergen Ave & Sip Ave,JC109,Bergen Ave,JC095,40.73100888698729,-74.06443700194359,40.722103786686034,-74.07145500183105,casual
4B9E3CABD22E608E,electric_bike,2026-08-09 22:47:22.180,2026-08-09 23:39:51.284,South Waterfront Walkway - Sinatra Dr & 1 St,HB103,2 St & Park Ave,HB608,40.73698221818716,-74.02778059244156,40.73915272763701,-74.0330819785595,casual
13AA9F3E7C73E268,electric_bike,2026-08-09 22:53:59.565,2026-08-09 22:57:35.002,Bergen Ave & Sip Ave,JC109,McGinley Square,JC055,40.73100888698729,-74.06443700194359,40.7253399253558,-74.06762212514877,casual
BC2D80B64B4E28BA,classic_bike,2026-08-09 22:56:05.083,2026-08-09 23:07:24.484,Grove St PATH,JC115,Pacific Ave & Communipaw Ave,JC118,40.71941,-74.04309,40.711354,-74.062446,member
6888D1CF3DF970DC,electric_bike,2026-08-09 22:56:40.335,2026-08-09 23:08:34.042,Bergen Ave & Sip Ave,JC109,Union St,JC051,40.73100888698729,-74.06443700194359,40.7182113,-74.0836394,member
214333383E2DE4EE,electric_bike,2026-08-09 23:02:56.118,2026-08-09 23:09:09.529,Grove St PATH,JC115,Washington St,JC098,40.71941,-74.04309,40.7242941,-74.0354826,casual
972C0D2934D3993F,classic_bike,2026-08-09 23:03:06.115,2026-08-09 23:09:32.689,Grove St PATH,JC115,Washington St,JC098,40.71941,-74.04309,40.7242941,-74.0354826,casual
D4FECE3AE67599F9,electric_bike,2026-08-09 23:03:44.568,2026-08-09 23:10:12.247,Bergen Ave & Sip Ave,JC109,Pershing Field,JC024,40.73100888698729,-74.06443700194359,40.742677141,-74.051788633,casual
80797511899A3D04,electric_bike,2026-08-09 23:16:08.771,2026-08-09 23:24:17.435,Bergen Ave & Sip Ave,JC109,MLK Dr & Bramhall Ave,JC121,40.73100888698729,-74.06443700194359,40.71647,-74.07413,casual
3D9F933236F8FC98,electric_bike,2026-08-09 23:17:07.716,2026-08-09 23:22:21.620,South Waterfront Walkway - Sinatra Dr & 1 St,HB103,Columbus Park - Clinton St & 9 St,HB501,40.73698221818716,-74.02778059244156,40.74816121065146,-74.0324530005455,member
8B17F535CBC50F5B,classic_bike,2026-08-09 23:19:41.726,2026-08-09 23:25:42.637,South Waterfront Walkway - Sinatra Dr & 1 St,HB103,Clinton St & 7 St,HB303,40.73698221818716,-74.02778059244156,40.74542,-74.03332,member
29074D5219BBA7D8,electric_bike,2026-08-09 23:20:32.706,2026-08-09 23:30:48.893,South Waterfront Walkway - Sinatra Dr & 1 St,HB103,12 St & Sinatra Dr N,HB201,40.73698221818716,-74.02778059244156,40.750604142368964,-74.02402013540268,casual
B9F40A7E12F1FE75,classic_bike,2026-08-09 23:23:56.140,2026-08-09 23:26:28.062,Grove St PATH,JC115,Newark Ave,JC032,40.71941,-74.04309,40.72152515,-74.046304543,member
6F44BC45B1C61D7B,electric_bike,2026-08-09 23:26:32.649,2026-08-09 23:32:02.937,Bergen Ave & Sip Ave,JC109,Bergen Ave,JC095,40.73100888698729,-74.06443700194359,40.722103786686034,-74.07145500183105,casual
B7E3C88BC69D2A21,electric_bike,2026-08-09 23:27:59.038,2026-08-09 23:31:55.138,Hamilton Park,JC009,Hoboken Ave at Monmouth St,JC105,40.727595966,-74.044247311,40.73520838045357,-74.04696375131607,casual
F409576C184DF99B,classic_bike,2026-08-09 23:53:13.254,2026-08-09 23:58:07.565,River St & 1 St,HB609,6 St & Grand St,HB302,40.73721535335381,-74.02886540972803,40.744397833095604,-74.03450086712837,member
133582C6B2BF566D,classic_bike,2026-08-09 23:54:37.977,2026-08-10 00:00:59.903,River St & 1 St,HB609,12 St & Sinatra Dr N,HB201,40.73721535335381,-74.02886540972803,40.750604142368964,-74.02402013540268,casual
6E4C74E693CC0F45,electric_bike,2026-08-09 23:54:45.024,2026-08-09 23:58:19.501,River St & 1 St,HB609,Adams St & 2 St,HB407,40.73721535335381,-74.02886540972803,40.73981372311843,-74.03690412640572,member
